review,actual_label,predicted_label,recommendation_score
不错挺好吃,1,1,0.9954486853077402
不错，非常好,1,1,0.9845253194450472
不错很好吃,1,1,0.9822617078335133
送餐师傅超级快，态度也特别好，餐也很好吃,1,1,0.9739705382350596
很快，也很好喝，不错,1,1,0.9736879803495857
味道不错，很好，包装也很好，就是有点小贵,1,1,0.9716705977208087
味道好，速度快，不错。,1,1,0.9690855323475955
非常快，服务很好，好,1,1,0.9681256035782776
"很好,很快,好吃",1,1,0.9673048482493339
百度骑士非常快，菜品也很不错，好像有所升级,1,1,0.9662547376959304
味道不错，好吃,1,1,0.9656260955147485
好吃，荤素比例很好,1,1,0.9626443129658971
很快，很好，经常订，谢谢师傅,1,1,0.9607603495824499
特别特别好，谢谢，很好吃,1,1,0.9603535781298145
不错！很好！不错！,1,1,0.9587873208516506
百度骑士非常好，赞一个,1,1,0.9576826047394424
非常好吃，送餐很快，绝对好评,1,1,0.9574808016647367
很好，百度骑士师傅很好，很快速的送到，大赞,1,1,0.9571726842927207
非常好吃，包装很严密,1,1,0.9545831388939843
小哥很棒，态度很好，才还热着，很好!,1,1,0.9545127536632667
送餐小哥真快，菜也很好吃,1,1,0.9533693267967904
味道不错呀，鸡翅好吃！,1,1,0.952217990609594
好评，服务好，态度好，味道也很好！,1,1,0.9508462393923233
很快，很好,1,1,0.9503542575987926
配送很快，赞！套餐份量很足，味道很好，特价价格也很便宜，非常划算！,1,1,0.9479157542091821
卷饼非常好吃！,1,1,0.947711990007933
"很好吃,超值",1,1,0.9473278068910904
很好吃，菜品味道很好，有要求都很爽快满足，赞,1,1,0.947316209459445
很好，本次也很快,1,1,0.9472159523690787
味道很好，分量足，好好吃,1,1,0.9466812983537816
快递小哥很帅，很可爱，饭也很好吃！,1,1,0.9451480418486667
送餐员很热情，很好吃谢谢,1,1,0.9447891693230067
超实惠，好吃,1,1,0.9441446352843914
很好吃，分量足,1,1,0.943969495360349
味道很好吃，配送也很及时，服务态度很好,1,1,0.9437356920955758
送餐师傅态度很好，送餐也很快，谢谢师傅的服务。,1,1,0.9436155214285634
经常买，汤包很好吃，蒸饺也不错。,1,1,0.9435666496817837
送菜速度很快，很好，谢谢师傅,1,1,0.9435384056633294
"口味,不错，干净味道好，送货员服务非常好！",1,1,0.942970051843558
非常快，非常好，没啥说的,1,1,0.9423648017721157
很好吃，包装也很棒,1,1,0.9405822579536351
特别好喝，经常定，快递小哥非常好。,1,1,0.9401582741646545
超快，很好,1,1,0.9391758622731846
送餐很快，很热情，很好,1,1,0.9385232458226305
很好吃，包装很可爱，么么达,1,1,0.937957872413854
配送服务非常好，稻香村很好吃,1,1,0.9376026171665859
"很好,速度也很快,继续努力～～",1,1,0.9373232867927563
"挺好的,挺方便,非常好,不错",1,1,0.9371209788358358
很好，分量足，好吃，包装严实,1,1,0.9367743408416641
非常好！第一次用百度外卖，送餐很快，快递小哥也很礼貌。菜品量足，味道不错，下次再来。,1,1,0.9358549167282962
外卖小哥超好，送的准时，糕点包装的很好。超级棒,1,1,0.9354458624695872
味道很好而且很实惠送得也很快,1,1,0.9323289252407291
味道不错，送餐速度快！很不错大赞,1,1,0.932033283262329
都非常好，就是派送费有点贵！,1,1,0.9310803292585226
味道不错，外卖小哥速度快，态度好,1,1,0.9309187868251014
挺好的，挺不错的，味道不错,1,1,0.930750740674348
点的饺子非常好吃，送餐也很快。,1,1,0.9288437677027476
好吃！速度快！,1,1,0.9283591837037409
非常好，很满意。好好好好哈。,1,1,0.9279823174817592
服务好，速度快，赞,1,1,0.9279305227867931
骑士精神~非常好！又快！！！,1,1,0.9228001968274292
不错，味道很好，提点小小建议，要是能配上点腌菜或者拌菜就很好了,1,1,0.9227842556451988
"及地很好吃,很特别,微辣",1,1,0.9218879987233638
包装好，味道也不错，就是粥有点凉，但卷饼太好吃了！,1,1,0.9216281413309162
味道不错，快递师傅赞赞哒,1,1,0.9188040038663813
很快，不错。,1,1,0.9186477196059673
速度很快，大雾霾天外卖骑士态度都很好，赞赞赞！,1,1,0.9185181346538607
送饭很快，态度很好，赞，,1,1,0.9182909134365324
非常方便，百度骑士很赞！谢谢,1,1,0.9177463383888685
很好！百度骑士送货很快,1,1,0.917554099627371
不错，挺快的,1,1,0.916149469661753
不错很好赞,1,1,0.9160994905462461
非常好吃，味道好极了！！,1,1,0.9159620792119474
服务非常好，菜品也好吃！,1,1,0.9144353423844211
非常好，送货也快,1,1,0.9142598379888046
送餐很快，味道也很不错，量大,1,1,0.9128430473581808
"味道很好吃,送餐速度快,下次还会再买的",1,1,0.9122614676074596
"不错,包装也很好",1,1,0.9122009245294785
速度快，好！,1,1,0.912169738380475
量大很足很不错,1,1,0.9101581308553433
"哈哈哈,好吃",1,1,0.9100856087015287
快递小哥服务好，速度快,1,1,0.9099757444948153
送餐很速度！糕点很好吃,1,1,0.9096949844201688
薯条很大很好吃！送餐快！,1,1,0.9095842145201608
"每次都很快,一如既往的好吃",1,1,0.9095572786608618
味道很好也很负责,1,1,0.9094289091133028
速度快，态度好，好评！,1,1,0.9087968245453695
这次很好吃,1,1,0.9083914995918475
快递小哥儿很快就送到了，人不错，很有礼貌!,1,1,0.9082869231562898
很快，服务很好,1,1,0.908148340308499
非常好，快递非常不错,1,1,0.9081434918799995
"很好吃,特别快就到了",1,1,0.9077078093168739
一如既往，好！非常满意！谢谢商家哦！,1,1,0.9076943714138095
包装很好，很干净,1,1,0.9076424182475523
很好吃，量大。快递小哥，服务一流。,1,1,0.9069989485857233
很好吃的煎饼,1,1,0.9060223505219375
"很好,包装也很好",1,1,0.90593330046327
师傅很好，辛苦啦，这么冷的天,1,1,0.9053978387411578
百度骑士很棒，又快又好,1,1,0.9049764011707998
送餐小哥神速～味道也好～,1,1,0.9044054386608218
味道不错。速度很快。包装也不错。有创意。,1,1,0.9038048667654427
速度很快，外送员辛苦了,1,1,0.9035432210327956
酸菜味道超棒，送餐速度也很快，辛苦快递师傅了！,1,1,0.9019086648494814
很快很好吃更给力会继续支持的,1,1,0.9015051078434151
味道不错，送到还是热的，快递大哥辛苦了,1,1,0.9007636233715601
味道很好啊,1,1,0.9007459261728998
非常满意！送餐很快！,1,1,0.9006503837235783
超级好吃。会经常光临的。哈哈,1,1,0.9001000191433134
很好，速度飞快，炸鸡有点火大,1,1,0.8998359273724228
"第二次吃了,很好,送餐也很快态度非常好",1,1,0.8995960502590578
南京盐水鸭不错，鲜肉小笼汤包皮薄很好。,1,1,0.8987629074722441
餐送到门门口，态度很好，包装很棒卷饼用锡纸包着，味道很棒，之后还会买,1,1,0.898108091593331
非常好吃的，就是今天慢了点儿，,1,1,0.8979256972152121
特别快就送到了…而且特别好吃，包装很漂亮,1,1,0.8972596102253829
谢谢，服务非常好，继续支持,0,1,0.8971559618742894
味道不错，就是量不大,1,1,0.8964383371427294
特别好的师傅，冒雨还送得非常快，感谢百度外卖的送货师傅们。,1,1,0.8961609814486686
快递小哥态度特别好…辛苦啦谢谢,1,1,0.8958594615559696
不错，服务很好,0,1,0.8957558710927992
挺好的。包装很好,1,1,0.8950686520264042
肉很多，味道不错，配送也很快,1,1,0.8950556065725493
团购超值，很方便，味道也不错，女生吃有点多,1,1,0.8950199409188041
送餐员人很好，服务不错。速度也挺快,1,1,0.8946440333961508
"非常好,赞一个,下次还订",1,1,0.8945619625832631
还是特色的好吃！拿到还是烫的，很好，鸡翅也好吃,1,1,0.8945377813637341
好快，下雨天送餐师傅辛苦了,1,1,0.8935068454276914
非常感谢！辛苦陈骑士啦！,1,1,0.8933472878226122
分量足，好吃！,1,1,0.8925231217346385
挺好吃的，粥也很稠,1,1,0.8912711949013918
很快很好。谢谢。辛苦了。,1,1,0.8905515993950747
"好吃,喜欢,他家的卷饼一向实惠,服务也贴心",1,1,0.8898881446430431
味道还是那么好，服务也很好，就是速度再快点就更好了,1,1,0.8895258887018567
很不错的卷饼,1,1,0.8890132881156847
"很好,很方便",1,1,0.88878163845186
"派送员非常好。,速度快,态度棒棒的",1,1,0.8881558599060547
京酱肉丝卷饼挺好吃的~就是口味偏甜了~不过总体来说还不错的说呦！,1,1,0.886621883004362
送餐小哥服务很好！,1,1,0.8865921133871738
快递很快，态度好，赞,1,1,0.886580851986121
辛苦了，味道不错，比想象的还要好呢！速度巨快！,1,1,0.8848912316009309
"服务很好,好吃,送餐快",1,1,0.8848726780720729
非常好，送餐大哥很可爱。,1,1,0.8841424284036872
挺好吃的。非常喜欢。,1,1,0.8839121151533716
"送餐很快,味道很好",1,1,0.8828668100673916
送货很快，汤包好吃。,1,1,0.8820933553556751
粥挺好吃的，卷饼味道不错，可惜有点凉,1,1,0.8816725533375136
守时守信！非常好的骑士,1,1,0.881162118658634
速度很快，菜的味道也好！不错！,1,1,0.8808134656419213
挺好吃，送餐快。,0,1,0.8804853655255079
送的很快，味道不错，不咸,1,1,0.8800188669340372
挺好的，挺快的,1,1,0.8792600899154194
一直都很好，送餐师傅也很好。,0,1,0.8790595437235501
挺好吃的，凉拌木耳味道也很好,1,1,0.8786500152611947
卷饼很好吃，名字很霸气，就是粥有点凉了，送的很快,1,1,0.8777394393173105
一如既往的好，配送非常快。,1,1,0.8776362040617659
不错不错，卷饼卷的很圆,1,1,0.8774943760505916
"快递速度给力,煎饼一如既往的好,给赞",1,1,0.876817618736485
很满意。味道好好，量还足。送餐好快，谢谢百度外卖的送餐师傅。,1,1,0.8766348989855719
味道不错，超值的,0,1,0.8758481192480335
这大下雪天的百度骑士非常好非常快的送来了，必须好评大赞,1,1,0.8756525563289981
稻香村的点心自然不必多说了，就是好吃！外卖小哥服务也非常好～赞\(≧▽≦)/！,1,1,0.875651263868544
送餐挺快的，送餐员态度很好，谢谢这么凉的下雨天给送餐，菜也都挺好吃的，热呼呼的，下次再定,1,1,0.8756492389384515
很好吃很超值,1,1,0.875459209327604
速度非常快，味道也挺好，一直喜欢他家的皮蛋粥,1,1,0.8754513517600919
好吃！并且包装的特别好！梅州东坡棒棒嗒,1,1,0.8744552377517264
味道很好，用料很实在,1,1,0.8737439851889889
超快！服务好热情,1,1,0.8735437696439389
"还不错,挺好,下次还点",1,1,0.8722998847329295
这次不错，赞一个,1,1,0.8708746935011235
谢谢师傅，非常准时，态度超级好，绝对好评！,1,1,0.8708152482668818
小贵，好吃,1,1,0.8707711639559994
还不错，包子味道好，炒饭稍微油了点，不过能接受,1,1,0.869875155692921
谢谢师傅，辛苦了！非常准时！,1,1,0.8696389898725988
味道很不错，还送湿纸巾，很细致。点赞。,1,1,0.8687923085914793
味道很好，还会光顾,1,1,0.8686910087509406
快递小哥很给力！冒雨前来，态度很好！赞！！！！,1,1,0.8683215725970163
百度骑士送餐快！米饭有点硬。麻辣香锅味道很好！,1,1,0.8682247537827021
"饼好吃,送餐师傅也特好,送餐师傅辛苦啦",1,1,0.8681981026033949
送餐师傅非常好！,1,1,0.8681232268164671
很棒！太快了,1,1,0.8681226879003228
师傅非常好～谢谢,1,1,0.8680926643222551
卷饼很好吃，粥还热。,1,1,0.8680098533372729
很好的，外卖小哥很好很快的，一会儿就送到了，赞,1,1,0.8678048074827236
"好吃,就是贵",1,1,0.8677091443860274
简直神速…非常好喝。继续努力,1,1,0.8676835521010814
辛苦了，速度快~~~,1,1,0.8666843137664686
非常快，品质好，服务态度好,1,1,0.8655463365412788
精致，味道不错！就是价格也高量小,1,1,0.8645924252426918
很满意！服务态度很好！谢谢！,0,1,0.8634821584294643
送餐很快，满意！,1,1,0.8634567735404249
"很好,很实惠",1,1,0.8634518398857148
送餐员态度很好，速度也快。菜品味道好。,1,1,0.8634223672384534
好喝好喝，超级喜欢这家的饮料，小哥送餐也很快,1,1,0.8624578860005807
挺好的！下次还定！辛苦送餐小哥,1,1,0.8619019363769346
超级好吃！！喜欢！,1,1,0.8611949016623646
"快递小哥很好,赞一下",1,1,0.8611157455906989
送餐员服务很到位送餐速度很快，香锅也很好吃,1,1,0.8606625640325704
很好吃！干煸豆角非常推荐！牛肉烧卖也是棒棒哒,1,1,0.8604628672638254
非常快，态度好。,1,1,0.860075661659642
百度骑士特别给力，奶茶是经典大家都爱喝。,1,1,0.8580611278028156
菜的味道还不错，有点儿油。送餐员态度很好，天气热真的很辛苦，谢谢了。,0,1,0.857376216992609
"服务超级好,不错,很耐心很客气",1,1,0.8564744924981883
"有效率,非常好",1,1,0.8562369817579716
速度快，送餐师傅很喜庆，很客气！必须满星！真棒,1,1,0.8562218968845721
感谢百度骑士，天冷了注意保暖，辛苦了,1,1,0.855751629085106
送货快～一直听说黄太吉～终于品尝了～很好吃,1,1,0.8551061824668786
快递小哥很给力，很快哦,0,1,0.8549834754993175
骑士服务态度很好，速度很迅速！,1,1,0.8544608329418041
超级好吃哦,1,1,0.854127683795549
"味道不错,就外卖来说,挺好了",0,1,0.853088947160059
凉面味道确实不错，豆浆好喝。速度快。,1,1,0.8523181808574114
不错、白度快递小哥速度够快！饭品也OK,1,1,0.8518098547922467
"外卖大哥超级好,披萨也不错",1,1,0.8515407898146184
"非常非常快,服务好,大赞",1,1,0.8507984182734851
"东西好吃又实惠,送餐又快,好评",1,1,0.8505941204899226
百度骑士太给力了,0,1,0.8503110462067041
价格实惠，很好，值得购买。,1,1,0.8493885477829312
送过来披萨还是热的，一如既往的好吃，赞一个,1,1,0.848013275292298
"饭菜质量很好，送货速,度快，。服务好。",1,1,0.8475006597985076
送餐师傅人挺好，特别客气，菜也很多，量比较大。不错,1,1,0.8473595713365604
快递态度好，速度快,1,1,0.8471805804774553
"很好吃,忘给筷子啦",1,1,0.8468478223227631
"每次都买珍珠奶茶,很好喝,送餐速度也快！推荐购买",1,1,0.8467402739596988
送餐快又准时，非常好吃，两个人竟然没吃完。晚上再煮点面放进去，晚饭都解决了。鸡块很多，味道很好。口味重！值得推荐！,1,1,0.8457564244419152
味道不错，送餐稍慢,1,1,0.8454838847342452
味道一如既往的好，说好的微辣呢，感觉比普通还辣，但盖不过眉州的美味，好评,1,1,0.8454249279111863
"我只能说这么冷的天,送的很快，店里人直接送的,太温暖了,很好吃,老板人不错",1,1,0.8444603579411547
很实惠，味道不错,0,1,0.844261801449292
不错！挺快的！菜没凉,0,1,0.8433437078147783
汤包好吃！送得也快，天气很热，送餐员辛苦了！,1,1,0.840895534558291
外卖小哥特别热情特别好！～,1,1,0.8403352972092569
煎饼是我吃过的最好吃的煎饼，大个，重要的是没有一点没糊，油条非常低油，感觉很健康，味道也很好。抄手很够味，但调料稍微偏咸。豆腐脑很赞！很实，卤汁很解渴。椒盐双菇也不错。,1,1,0.8388728104508769
小菜很好吃。,1,1,0.8378149207470265
"已入肚(ฅ>ω<*ฅ)，都挺好吃的，不过重庆杂面酱有点咸了，感觉至少在少放上一勺盐才能接受。味道倒是不错。,日常:小哥辛苦了。",1,1,0.8377146535747456
good！吃的好。骑士好。都很赞！,1,1,0.83671362123831
挺好吃的额，继续加油↖(^ω^)↗,1,1,0.8360054494941567
"不错，常客了，肘子的好吃,送货也快",1,1,0.8353738750505015
终于吃到闻名已久的站点披萨～味道很好～,1,1,0.8341799583339997
牛肉粉儿好吃好吃！,1,1,0.8337886117270883
挺不错的，很快,1,1,0.8314592881506914
特别好吃，味道赞赞哒,1,1,0.8299177939961073
饭很好吃，一直吃眉州东坡,1,1,0.8290721089952539
配送速度非常快！好评！,1,1,0.8285428639760307
"快递小哥太棒了！哈哈,菜也好吃",1,1,0.828320893004662
小哥态度特别好，送的很快,1,1,0.8282477399028482
配送及时，态度很好，五星好评,1,1,0.8279865777439565
老字号！味道好！一如既往的习惯！,1,1,0.8278764521836282
"服务好,速度快",1,1,0.8278517757900379
超级好吃~明天还定~,1,1,0.8277295157325663
很好吃，总爱点他家的饭当工作餐。,1,1,0.8274478118233821
味道很好，吃起来也方便～,1,1,0.8266710010728212
卡超级快就送到了谢谢谢谢,1,1,0.8264154970826042
"超级超级快,好高大上的包装,还会再来哦",1,1,0.82549743896778
很好吃，而且便宜实惠,1,1,0.825408735207479
感觉真不错，看包装就给人干净放心样子，量也很足，不错,1,1,0.8240081111116415
服务超级好，赞,1,1,0.8237214514703246
非常快！配送员也特别好……,1,1,0.8224174685950296
量还不错，酱汁味道也赞，就是性价比稍微蛋疼了点,1,1,0.8211209227054694
送餐员态度很好，产品质量也好，满意。,1,1,0.8205908322050548
很快。就是粥有些凉。。外送服务很好哦,1,1,0.8201343440474268
品质不错，希望一如既往地坚持！,1,1,0.82007525458653
女友很喜欢,1,1,0.8187274850606554
很好吃，下回还会买的,1,1,0.8183062707258761
美团不能送，果断换百度，很快就到了，师傅辛苦，谢谢。,1,1,0.8172068349039564
"不错,送货快,包装好",1,1,0.8171996839505891
真的很好吃，送餐很准时,1,1,0.8169366635144284
服务态度很好，服务态度很好,1,1,0.8160802775318848
"师傅相当神速啊,好评！",1,1,0.815652095835481
"味道很赞，鸡肉很嫩很很有嚼劲，重点是送餐太快了，哈哈哈哈哈哈，喜欢。,手动10000000000000个赞。",1,1,0.815577040563231
送货人员服务很好，迅速及时，菜品口味很好,1,1,0.8149499444713861
味道不错，还有手套送。送餐速度也挺快的，满意！,1,1,0.8149115062862582
菜很好吃，就是炒饭这次给的有点少。,1,1,0.8136875928541761
卷饼不错好吃，粥一般,1,1,0.8136548283541606
很好，热干面有点干了，但是是正常的，好吃。,1,1,0.8127552714400005
好多肉啊，又便宜，很不错哦,1,1,0.8119644642284607
"下着雨,送餐很及时,孙师傅很认真,敬业,非常好,！",1,1,0.8118159560138399
"非常快,服务好,送餐员超温馨,点个赞",1,1,0.8117094209856991
不错，肉多,1,1,0.8114947023836862
卷饼好大，味道还不错，吃着有点撑,1,1,0.8113841388120601
"送餐特别快,态度好,辛苦啦,谢谢",1,1,0.8112594837631818
很给力！便宜又好吃,1,1,0.8103118941398736
送餐姐姐服务特别好，耐心友善，赞赞,1,1,0.8100975001481813
提前订，还是挺快的！送餐师傅人很好！,1,1,0.8096580664978242
"又好吃,又准时",1,1,0.8085145157827345
口味特别好,1,1,0.806544472468988
便宜好吃特来推荐,1,1,0.8060963818153567
非常不错，值得推荐,1,1,0.8056561117047373
速度快，量多，很香,1,1,0.8050512243154998
百度骑士很给力！菜品还可以！,1,1,0.8047544941385624
好好好好好！快递辛苦啦！,1,1,0.8041059810164225
很好吃的饭跟芝士土豆球。就是速度有点慢。,1,1,0.8027136412083661
拌面有点坨，味道很好,1,1,0.8024380483135031
很好，送餐也及时。,1,1,0.8013172837314173
不错，推荐,1,1,0.8009497494597662
味道不错，可惜量偏少,1,1,0.8008283863641781
速度快、味道好、服务好。,1,1,0.8006921539546036
送的特别快，味道棒棒哒,1,1,0.7995606927625764
速度很快，食品也特别棒！,1,1,0.7988279614039158
味道不错，我天天都会吃一个,1,1,0.7980120336698004
百度的自送服务非常好，希望推广到每家店,1,1,0.7970019874524725
"很不错的一次,下次还会到这买",1,1,0.7968202679237802
不错，就是地三鲜油太大了,1,1,0.7967016093197299
特别好特别好特别好,1,1,0.7965172663924943
"味道很好,皮薄有汤汁",1,1,0.795580566014337
特别感谢快递师傅！这么大风天气还准时送到！辛苦辛苦…谢谢啦！,1,1,0.7952559681375434
非常赞。棒棒的。赞赞赞,1,1,0.7937925059725837
超级给力的骑士！饮料好喝！,1,1,0.7936883051337639
口味质量俱佳，送餐小伙很不错,1,1,0.7936457477589762
有点油腻～其他很好,1,1,0.7906308233109768
鸡肉的加了酱汁，味道更好。送餐小哥态度也超级棒。全五分！,1,1,0.7904401623847581
"师傅送餐神速也！,非常耐心,非常体贴。谢谢！",1,1,0.7901784384214842
速度够快，包装也还可以，还没开吃，好评,1,1,0.7897397991116862
准时到达，味道也不错。,1,1,0.7894949270014717
挺好的，速度很快,0,1,0.7892488609468987
味道确实不错，粥有点淡。下次还会点,1,1,0.7889696348385058
外卖小哥和店家都很好,1,1,0.7883997596607755
快递小哥效率很高哦！谢谢了,1,1,0.787828846881506
"赞！超级好吃！,配送,保温,全部高大上！",1,1,0.7875912389718166
天这么冷，送餐师傅很不容易，赞！,1,1,0.787290905552984
快递小哥辛苦,1,1,0.7868060320078616
好吃好吃.顶顶,1,1,0.7840975516978304
感谢快递小哥顶着大风来送货！,1,1,0.783590296810314
送餐很及时，卷饼好吃，量大～,1,1,0.7830542303490082
"特别棒,好吃",1,1,0.7821569142359761
送餐很及时，态度也很好,1,1,0.7807812921629581
"披萨好吃！,送餐小弟很给力！",1,1,0.7805415373828337
"送餐特别快,态度也好,辛苦啦",1,1,0.7802495518441617
好吃快捷！,1,1,0.7789805231948683
包装不错，手套、餐巾纸很全，味道也不错,1,1,0.778487415659869
好吃！送的也快～,1,1,0.7777898245713597
"包装超好,饼也很实惠！",1,1,0.7772980573165738
还不错，，，经常吃,1,1,0.7765039028855101
经常吃他家的饭，很不错，超值,1,1,0.7742432985927422
送餐挺快的，送餐员也不错，不过感觉饭没有卷饼好吃。,1,1,0.7712554195095526
速度超级快！百度外卖超好用！,1,1,0.7711911901209785
比预计时间快了好多，又快又好，好评！！,1,1,0.7705498066091453
味道很好，送餐速度也靠谱！,1,1,0.7705110030820166
商家服务很好,0,1,0.7701196298553089
都不错，配送员很负责,1,1,0.7699314748908068
还不错！卷饼之外其他东西的味道原来也这么好啊～,1,1,0.769878789002686
很快，不过,1,1,0.7696868034727856
挺好吃的，比较实惠。,1,1,0.7665712376600164
味道很好，离得不算近送来还是热的（茄子甚至还是烫的呢！）~马盏糕和冻糕萌萌哒~,1,1,0.7665131044094741
味道很好，可惜吉野家的量一直不太多,1,1,0.7664687632964355
非常好的一次外卖订餐，很及时！泡菜好吃！,1,1,0.7662677779526352
非常不错，还送饮料了！棒棒哒！,1,1,0.7660326880199909
不错，就是橙汁都不好喝,1,1,0.7660078991679001
南瓜粥里南瓜挺多的，凉拌木耳稍微有点大火，土豆尖椒卷饼土豆丝多尖椒太少，面皮稍有点夹生，不过味道还不错，吃一个中号卷饼半份粥一份小菜很饱，不错,1,1,0.7639286328536886
味道超级棒！鲜香培根的好吃、料也足！炸鸡也都是鸡翅而且个头很大！大赞！,1,1,0.7634928476159407
一如既往。不错哦。！！！！,1,1,0.7629919921415921
"服务很好,很到位",1,1,0.7618446833533594
不错，下次还会再买的,1,1,0.7604420501944704
卷饼不错，但有点贵啊～,0,1,0.7602986282102299
准时送到，辛苦辛苦，谢谢！,1,1,0.7591296801688585
速度非常快！但菜好咸啊,0,1,0.7588248932710691
特别实在，实惠，量大，良心餐厅。味道也不错,1,1,0.757782789707708
姜蓉鸡，新菜，味道也不错。,1,1,0.7575667506612029
"味道很好,一大份,两三个人吃都够吃",1,1,0.7547073148148434
挺快的，好,1,1,0.754352048592323
"挺好的,服务态度也挺好的",1,1,0.7541639037101141
不错，送餐及时，还会再光顾的,1,1,0.7535477281378902
"一直都挺满意的~,骑士也很棒~",1,1,0.7532432008262524
大中午点的，送餐大哥很给力！速度很快，大中午的真是不容易！pizza馅料很多哦！满满的都是芝士哦，会再来,1,1,0.7530462477818196
送餐大哥送到门口态度很好～,1,1,0.7523817770371647
一如既往的慢,0,1,0.7512451529967996
好吃是好吃，就是牛肉味不浓,1,1,0.7499238042526198
好吃有点慢,1,1,0.748813821694661
大冷天的也真是辛苦送餐师傅了，谢谢您,1,1,0.7480798031070579
味道稍微咸点！整体不错！,0,1,0.7455297077585914
好吃！就是小贵,1,1,0.7455080797846703
优惠活动不错,1,1,0.7454116090774205
"好吃，就是吃多了,有点腻,感觉有点淡",1,1,0.7453768048743653
"味道不错,就是小点了",1,1,0.7452907360177975
好吃，送餐员很尽职。,1,1,0.744870688735945
"点了三次了,很好喝,送的也很快",1,1,0.7447964746089679
味道很棒！辛苦送餐员啦！,1,1,0.7432122315545743
还是很好吃的，就是有时候菜品卖光了！,1,1,0.742291535083425
没有卷饼好吃，不过很大份~,1,1,0.7410483852742156
这么晚辛苦外卖小哥了,1,1,0.7406221501977642
如果送达准时些就好了。店家给了手套，很赞，包装牛皮纸，卷饼外裹锡纸，很健康卫生，,1,1,0.7384857949528847
整体还不错。速度如果再快点就更完美了,1,1,0.738176481469708
这次很快，追加，希望下次也这么快，哈哈,1,1,0.7368192938307001
送的很快，也很好吃，但是说了多给一些汤底，还是跟上次去店里买的一样,1,1,0.7362046076476988
味道不错，送来的比较慢,1,1,0.7353793388044286
东西很好吃,1,1,0.7353411205972735
配送服务很好。味道很正。,1,1,0.7345298553448413
酱肉酱包蛮小的，不过给了五个，味道很不错，第二次订了~,1,1,0.7342808172609261
挺好吃，不过有一点咸,1,1,0.7340182743588262
确实不错，肘子的比较好吃,1,1,0.7339483372214612
送餐小哥服务太周到了,1,1,0.7334188069488955
味道不错，就是送餐速度慢了点儿~,0,1,0.732965811706417
送的有点儿慢，不过还是挺好吃的。,0,1,0.7324265339063102
服务很好，昨天吃的，今天补单的。,1,1,0.7318411907803998
挺好吃的，京酱肉丝里面全是汁水很不错，肘子也还行，吃了2个和一碗粥，勉强吃饱，感觉有点少，这个中号的有大约5*5*25那么大，大胃的可能2个不太够。,1,1,0.7316699868596493
送货员很好，速度快态度好。螺狮粉实在…有股臭臭的味道，吃完胃难受了一晚上，吐出来才好受。,0,1,0.7314088783365553
卷饼很不错，肉很多，还是用锡箔纸包起来的，还有一个一次性手套，赞一个。缺点是送餐慢了一点。,1,1,0.7309002235508866
虽然是慢了点，可是态度很好的。。,1,1,0.7305949042427496
配送很快！点赞，凑够十个字,1,1,0.7304529955261595
足不出户享受清凉，快递小哥谢谢啦～,1,1,0.7299235702946332
非常美味可口，还会再来！,1,1,0.7299170322035801
配送速度，大雪天的，师傅很辛苦，就是鸡肉卷有点咸了。。。,1,1,0.7289319867585047
很快就送来了，棒棒哒，满意。,1,1,0.7271407927232802
"超级好,喜欢,送的还很快,喜欢上百度外卖了,啊啊,不要胖啊",1,1,0.7268487011749809
特别棒，就是距离我们有点远,1,1,0.7264956022621245
小哥很帅！人很好！！！！！,1,1,0.7258086891894399
真快阿。好吃实惠,1,1,0.7229381100768753
送餐小哥很细心,1,1,0.7209617776917979
送餐很快，味道好，两个菜一盒蛋炒饭足够俩人吃了,1,1,0.7206039045580179
配送员和菜品都非常好,1,1,0.7205014596853049
第一次吃，肉食的盛宴，很好，比肯德基的好,1,1,0.7193136906674102
美味，及时送达，好评！,1,1,0.7191774490754222
口味不错服务态度好感谢你们,1,1,0.7187470566556944
藕盒不错，就是有点凉了；卷饼一般,1,1,0.716751357650673
服务态度不错，骑手辛苦啦~,1,1,0.7163074187334132
特别好吃，下次继续！,1,1,0.7162117297552114
"卷饼不错,就是有肘子有点肥",1,1,0.7125843062315005
送的有点慢…酱香卷还是很好吃的,1,1,0.7098909711695611
不错，配送人员很负责，时间准时一点就更好了,1,1,0.7097226414331799
送货很快哦,1,1,0.709594904281637
送货很快!老饭馆了，吃着放心，鸡丁好吃。,1,1,0.7093491523066852
太快送到啦！意外啊！赞一个,1,1,0.708989637452277
吃多了有点腻，粥还不错,1,1,0.7082775460215396
"包装很棒,可惜味道偏甜不合口味",1,1,0.7065474321124485
不如肉的好吃,1,1,0.7054787535535288
骑手师傅真心快，服务态度好,1,1,0.7050282865696577
口味不错，送餐特别快,1,1,0.704509383245484
送的时间快，披萨也好吃，,1,1,0.7043592174722096
送餐师傅好棒！特别快就送过来了！吃的也不错,1,1,0.7037946304707653
送餐的叔叔特别温馨！每次都急急忙忙的跑来。谢谢送餐大叔！宇宙家的卷饼味道都很赞！,1,1,0.7026526636831444
"牛肉咬不动,其他味道很好喔",1,1,0.7023869008692253
还不错哦，比较喜欢小渝府的菜，真心不错。。,0,1,0.7017685376779501
好吃，量很足哦，送餐速度也够快，送来还很烫那,1,1,0.7013108259734013
香菇鸡肉盖饭很好吃,1,1,0.7008487513422845
鱼香肉丝真的很不错，顺便提个建议，京酱肉丝能不能改成20,1,1,0.6986459358173741
包装服务都很好～也很正规的一家外卖～就是本人不太喜欢甜面酱的口味～下次不会选这个了,1,1,0.6978328192757944
粥不好喝！饼不错！加油,1,1,0.6946228437826986
第二次点了，量大，很不错,1,1,0.6939410338033345
味道很棒啊,1,1,0.691976186587124
味道很正宗，量也很大,1,1,0.6918337006955911
送餐小哥很敬业,1,1,0.6861287953477375
肥肠超级多！量很足！一直很喜欢他家的菜品,1,1,0.6855853903095646
"超级棒哦,吃不腻哦～～～暖暖哒",1,1,0.6850395419088576
配送速度很快，东西也好吃。,1,1,0.6844466201198284
小哥还顺便帮忙取了快递！好评好评！,1,1,0.6841317809188866
送餐员很给力！大大的赞,1,1,0.6822584680552312
菜品不错！送餐大叔好凶啊！,0,1,0.6799895518330801
"超级快,准时。希望以后都这位小哥配送",1,1,0.6786022169442577
这么晚了辛苦大姐了，谢谢,1,1,0.6780496883412371
菜品质量很好，吃货几次了，都还不错,1,1,0.6779217714154177
好吃，天气冷叫外卖很方便,1,1,0.6777184697557621
挺好的，优惠力度大，送餐准时,1,1,0.6768751433599158
"百度外卖,送餐速度快,服务不错",1,1,0.676616034218185
"很好,就是送货太慢",1,1,0.6765916316172866
特别感谢快递小哥，让你久等了,1,1,0.6747906312679998
土豆丝好吃土豆丝好吃,1,1,0.6719690740767483
味道不错，饺子馅大皮薄，一份饺子足够一人午餐量了，特别赞他家的饺子送餐盒，超棒，避免饺子粘一块，强烈赞一个！送碗饺汤更美！,1,1,0.6699367487735363
速度快服务态度好,1,1,0.6688075850848586
还不错、不过还是喜欢可口可乐,1,1,0.6687141887618364
能感觉到店家非常在乎客户的意见，赞一个。,1,1,0.6680952313149179
"送餐小哥特别可爱,小跑着就把煎饼送来了,还一直说抱歉,送晚了,上次送错的这次也补上了,豆腐脑好吃,煎饼还是脆的好吃,其他的都不是北京的口味",1,1,0.6670793715690803
送货速度很快,1,1,0.6668126129550714
包装好用心呀，点赞！,1,1,0.6658432719724311
还是很好，而且是非常热乎滴,1,1,0.6655705549916662
"相当好,包装精细,味道好,送餐速度",1,1,0.6639460362245478
配送非常快，10分钟就送到啦～,1,1,0.6628998514709807
送餐很快，4:30分提前送到，分量很足,1,1,0.6607122868127601
送餐速度快！,1,1,0.660278186828357
"送餐速度特别快,果断好评",1,1,0.6585910801389709
价格实惠，值得购买了,1,1,0.6583592429737284
送餐快，味道可以。如果有满减就更好了。,1,1,0.6582296896305205
味道很好，就是面没有拌均匀，坨了。,1,1,0.6573914307936447
挺好的，不过麻烦包装的严密点，漏汤真的很烦人,1,1,0.6560831364523324
南瓜粥一如继往地好喝~,1,1,0.655680074311507
"口味很不错,但是卤蛋真的很坑,建议别点",0,1,0.6553874197707426
速度极快，东西也好吃，赞,1,1,0.6552609152708542
第二次定了~~不错咯,0,1,0.653260361259782
好吃好吃好吃，重要的事说三遍,1,1,0.651499843198977
方便，快捷，味道可口，快递给力,1,1,0.6505099957287516
还不错吧，配送小哥态度很好，速度略慢...肘子卷饼味道还是可以的，但是总觉得不像肘子更像红烧肉...,0,1,0.6502575780161167
豆腐脑不够嫩但是煎饼和炸蘑菇很好吃…没吃够…,1,1,0.6485380356437714
有了百度外卖以后更好了，要不然这么晚了都吃不到，老顾客了，味道不错，推荐！,1,1,0.6466283812646879
送的超级快，我收到还是滚烫的,1,1,0.6458347312604229
希望很快送到就好了,1,1,0.6457769296405104
"东西挺好吃,就是送的太慢",0,1,0.6453831460747578
配送员的速度超快，本来预计10:45到的，10:25就送到了！！非常满意,1,1,0.6434679084551289
速度快好多！,1,1,0.6419786088751299
送餐及时，服务态度热情,1,1,0.6419581900130067
羊肉串尤其好吃！！,1,1,0.6404320166845531
很准时，菜品不错,1,1,0.6388108790494131
鸡腿肉卷饼肉很足，但有点干,1,1,0.6377864465939057
没我想象的好吃,0,1,0.6366478862483392
好吃，就是慢，也怪我点餐晚,1,1,0.6359665242875857
赶上雨最大的时候，外卖小哥很不容易,1,1,0.6343667561692536
"元旦节晚上9点还在送真的让我感动,一直喜欢柠檬小子.蛋糕珍珠特别好喝,盐岩芝士加了珍珠很棒",1,1,0.6338716880762926
骑士辛苦了。app还是评价不了，很麻烦,1,1,0.6335631741374572
很喜欢酸辣汤～好喝～其他菜有机会尝试,1,1,0.6327166460584759
就是有点小,1,1,0.632646592510236
速度很快哟，女儿的岩盐芝士可可有点咸哈哈，我的的大满贯还是比较赞滴！,1,1,0.6294693318820691
每一样的很喜欢！会继续光顾哒,1,1,0.6290840748818243
太快了！！简直是神速啊！！！,1,1,0.6284178799842758
包装非常高大上，还专门配备了一次性手套，太贴心了,1,1,0.6261921332975328
送餐非常快,1,1,0.6257694206176587
真好吃!!,1,1,0.6257565143073299
这次好快！,1,1,0.6246554469230747
粥不错！！！,0,1,0.6245358403576396
"好~,小笼包也不错~",1,1,0.6243126327062609
肉还挺多的，就是送的慢了有点凉，热乎的就更好吃了,1,1,0.6231585380437062
送的很及时，好评。。,1,1,0.6226856214595106
感觉非常棒，虽然有一点凉了，不过味道很棒！,1,1,0.6215114832197876
送餐很快的，味道也好，就是麻辣香锅里花椒多到和菜纠结的抖不下来，真没法吃。米饭很大一盒。,0,1,0.6214311420418119
猪蹄太大了，切小点才好，而且有点肥腻，到时配的海带丝挺好吃的,0,1,0.6212515985281
口味一般，价格便宜，饭菜分装，包装很好，送的及时，性价比高。,0,1,0.6206857823899191
黑椒味道很足,1,1,0.6197862433288848
送餐速度快，送餐速度快,1,1,0.6194850097670298
连着几天吃不腻，赞店家的诚信经营理念，分量还是足足的，味道还是那个味儿，这次的骑士哥赞一下，还是住附近的，很高兴选择了这家美食，订餐那么多天，从没有超过三次的，吃得满意，吃得放心,1,1,0.6185247576836993
锡纸包装很好，但是今天的卷饼里面有不锈钢丝。,1,1,0.6180871767572158
"还可以,就是花椒放好多啊,味道对我来说淡了点",0,1,0.6180406475745374
很是不错的送餐体验。,1,1,0.6170530596781253
过程很复杂，东西很好吃，商家还送了一次性手套。,1,1,0.6158047196591517
送餐快点就更好了,0,1,0.6156541480806934
服务送餐都很好。百度外卖下单之后改不了单。这个希望能改进下。,0,1,0.6154231797302863
"送餐很准时，包装太高大上了点。。。锡箔纸卷饼，牛皮纸袋打包,。来说说这个肘子卷饼，肥肉太多,我全挑出来了。。。味道还可以的,但感觉不像是肘子上的肉诶,皮蛋瘦肉粥很好喝,就是相比较其他家分量有点少",1,1,0.6140710595165038
剁椒鱼头换了酸菜鱼，有土腥味儿，很不好。豆腐还行～送餐小哥辛苦了。,0,1,0.6140120902737223
快递师傅很好，可惜饭菜配不上师傅的速度，太难吃，油大，卖相极差，味道也差，绝不再吃。,0,1,0.6137219559799811
"飞速送达,谢谢配送员,菜品也不错",1,1,0.6121443069979055
第一次用，感觉很好！,1,1,0.6090660068577607
不错～很好！！点了两份，中午下午都有了～,1,1,0.608555053974169
"很快哦,继续保持～",1,1,0.6079533485459667
送到还是温的，这大冷天，辛苦骑士了!,1,1,0.6071605904362102
第一次，感觉不错，孩子爱吃。,1,1,0.6046073754745833
神速，继续支持。！！！,1,1,0.6045613634942462
很好吃，但是外卖小哥就停在学校门外了，而且态度差一直催,1,1,0.6041402028265799
四个人吃得很饱，要是能选择尺寸就更好了,1,1,0.6040066296931033
菜好吃，分量也很好。美中不足的是米饭太硬，口感影响了整体评价。,0,1,0.6039526430967149
快递员，好给力啊，太棒啦,1,1,0.6033038258196446
味道不错，配送时间有点长,1,1,0.6031999757023939
"米饭有点干,但是味道不错",0,1,0.5991367809683724
"饭菜可口,感谢百度配送小哥这么冷的天送过来",1,1,0.5953050862094489
不如实体店的好吃,0,1,0.5936133863607737
菜品很不错，没有油腻感,1,1,0.5924692683796281
确实不杂好吃呢,0,1,0.5911053459131066
"妈妈很喜欢他家的泡菜,当宝贝一样",1,1,0.590929900241028
果真是大馅饺子，味道很棒啊！,1,1,0.5907285965990067
快递员很辛苦！给个,1,1,0.5898097067073996
送餐员服务很好，但商家把餐弄错了,1,1,0.589549647862265
特别好吃还会来!!!!!,1,1,0.5890120651284246
还不错，绿茶还是个人喝不惯。。。奶茶给赞,1,1,0.5879038899934012
非常满意！！！,1,1,0.5862153695264212
准时，菜做的不错！,1,1,0.5845251671476409
很贴心，用锡纸包了呢。,1,1,0.5835673986900376
速度快………………棒棒的,1,1,0.5807132829694387
快递服务特别好，就是这双重香草拿铁太差劲,0,1,0.5788028966308079
好极了！送来还是热的！,1,1,0.5776024052625823
"第一次点你家的菜,太好吃了,尤其是鱼香肉丝。特别好吃,以后就是你家的常客了",1,1,0.577562358490036
很感谢赵小哥，不到半小时就送到了，这么大风的天气，很辛苦。,1,1,0.5773349234426264
蛮好蛮好！,1,1,0.5765149077919495
送饭大叔一级棒！,1,1,0.575808588309529
红油抄手不错,1,1,0.5747711965935831
速度，味道不错，配菜没有以前的好,1,1,0.5739998347198413
粥还不错，饼太油，都散了,0,1,0.5736746742106227
好吃不贵还可以送到楼上，绝对好评,1,1,0.5720054700784835
除了南瓜羹有点酸，其它都挺好的，还会再点的，除了南瓜羹。,1,1,0.5715208655501863
虽然小贵了些，但东东不错,1,1,0.5709209930955348
超级大一个土豆丝卷饼！吃完晚上都不用吃饭啦！,1,1,0.5709003275755813
"送餐很好,吃的一般",0,1,0.5708127588112327
送餐超级快，当然也是我定的早~可惜拌菜的没有炒菜的好吃…,1,1,0.5698685711286609
味道真心不错啊，像家里做的感觉～,1,1,0.5688043073755998
好评，送餐的小哥送的很快,1,1,0.5669333874339209
快递很快，米线一般,0,1,0.566783978107463
红豆布丁奶茶太甜。烤珍珠一直美味,1,1,0.5655361678987608
超级准时，面好辣呀！,1,1,0.5644594828655175
菜不怎么好吃，就是包装盒子看着挺好看,0,1,0.5639921179595837
我只能说，鱼豆腐是最好吃的！并且推荐！,0,1,0.5639809748864647
"量很足,确实够厚,大号的吃不完",1,1,0.563706736305016
十万个赞！最好喝没有之一！,1,1,0.5633759863584173
煎饼非常好吃，个头大，点了两，一个就吃饱了，麻辣鸡丝凉面一般，也许是个人口味问题吧。,1,1,0.5622564071289113
饭菜做的不错，送餐速度有些慢，要是能快些就好了,0,1,0.5611340261858966
又快又hao,1,1,0.5610940986850526
"京酱肉丝卷,酱放得太多了",0,1,0.5607735896773807
"虽然时间长了些但是很准时。下次记得给些番茄酱就更好了。,一个人吃足够了。好好吃",1,1,0.5602726002254251
首先，送餐太慢，缺点！其他包装，味道很不错！用料ok！,0,1,0.5596475400116208
"肉卷吃的我有点腻,个人口味的问题吧,皮蛋瘦肉粥不错",1,1,0.5590252374592611
肘子味不是很浓，但卷饼不油腻，口感很好。,1,1,0.558781389266537
"终于吃到好吃的鱼香肉丝了,虽然有点慢",1,1,0.5577335692230502
漏了这次的评价，真心赞，非常非常棒,1,1,0.5569812541487058
好棒！一直支持！如果有盖饭就更完美了,1,1,0.5569641194697076
挺不错的，加油吧，我,1,1,0.5560442165667558
不爱吃甜口的肘子…尖椒巨给力…,0,1,0.555659912217873
送餐速度很快，味道还可以,1,1,0.5551782157439298
吃起来就知道很干净，入口很干净的外卖不错,1,1,0.5549598049857181
帮朋友订的，听说不错,1,1,0.5540965978736212
"送晚了,同事都说快递师傅没叫我名字,快递师傅却说叫过了=,=",0,1,0.5528981004828313
太赞了～宇宙速度～10分钟就送到～,1,1,0.552788177400303
麻辣香锅做的真好吃，,1,1,0.5511956528857024
送的快，下单没多久就到了,1,1,0.5495045794913168
还好吧。肉倒是挺足的，就是皮儿有点干。皮蛋瘦肉粥好喝，但是碗送来的时候裂开了，很多都漏了，可惜。,1,1,0.5473452040033787
"划算,优惠过的价格才对得起煎饼果子,味道也还行",1,1,0.5473027017608324
几乎没怎么等，就到了！包装严实，服务完美！亟待二次消费，哈哈！,1,1,0.544728776612894
饭菜不错，送太晚了。,0,1,0.5439822056601601
送的挺快的，然而并没有想象中的那么好吃,1,1,0.5436758602662685
便宜，实惠,1,1,0.5431498287541107
"想要生姜红枣茶，打电话说下架了，就换了蜂蜜柚子茶，但是不知道为啥，喝出烤羊肉串的味道……,豆腐脑量很足，味道不错，原味煎饼送来有点凉",0,1,0.5430029650563187
南瓜粥一般般，卷饼不错,1,1,0.542097796172746
下雨了，感谢送餐员,1,1,0.5409089360323979
都订过好多次了……超级棒,1,1,0.5406951835021696
服务真的太棒了！万分感谢快递员,1,1,0.5392589850209578
晚上到家，累得不想动，能吃上热乎乎的饺子，赞，配送员热情的服务，必须赞,1,1,0.5375658965972034
很早以前就听说过宇宙卷饼，但是一直没时间吃到。不得不说宇宙卷饼包装让人眼前一亮，顿时觉得逼格提高了一个档次。土豆肉丝卷饼的吃起来比一般的摊卖的好吃一些，用了满减优惠之后很划算，总的来说挺不错的。,1,1,0.5349265102817936
皮蛋瘦肉粥不错，土豆肉丝盖饭就呵呵了,0,1,0.5344929963383948
这么恶劣的天气真是辛苦外卖小哥了！！！,1,1,0.533765501192528
那个汤的味道是真心的接受不了，其他的还好，味道比较不错。,1,1,0.5336047390554025
送餐员态度很好，唯一不足是送餐时间较长,0,1,0.5329809375460739
准时到达，太给力了！,1,1,0.5322842883830053
最爱吃的两样，而且送餐超快！,1,1,0.5305723058550085
送餐早一点就好了。,1,1,0.5300787435318903
肘子的很香～有手套送餐快～～可以我家附近没有,1,1,0.5299858824811491
真没有品味多的好吃。,0,1,0.5292076718479513
微波炉加热后，超好吃,1,1,0.5291301683041703
这几天都在点，今儿给朋友点了几杯她们都赞不绝口！赞！,1,1,0.5284539784431355
"太快了,11点就到了",1,1,0.5280919522511436
菜有点少，饭好吃，送餐慢,0,1,0.5280071252492005
感觉还不错！配送很及时！刚刚好下班点送到！,1,1,0.5277990485245652
送餐速度很快，味道就不多评论了。这个时间还能有口热的吃就不错了,0,1,0.5275122063660189
服务很好，套装明明是奶茶，为什么送来是豆浆…,0,1,0.5271930861377099
豆腐脑再多点香菜就好了,1,1,0.5269386058813376
二十分钟到了，太给力，大赞,1,1,0.5267427262267467
最后五分钟订的，卖家特别好接单了，谢谢。,1,1,0.5233375442555143
今天下雪。天气寒冷。辛苦送餐员了,1,1,0.521772025525425
包装很精致,1,1,0.5216442791600592
排骨面很香，小白菜油偏大味道偏淡，灌肠不太好吃。,1,1,0.521086512310928
谢谢送餐员！冒着寒冬送餐,1,1,0.5203688827600768
牛肉、大肠稍微有点少。,1,1,0.5199994945200103
挺满意的，可乐特意用胶带封口，没有洒出来很多，豆腐脑和煎饼我觉得味道都不错,1,1,0.5189094977180836
感觉没有外婆家卷饼好吃,1,1,0.5184430410488982
味道不正宗,0,1,0.5183354480401651
这一单不错，完全满足需求,1,1,0.5182760044548768
眉州就是专业阿,1,1,0.5175288411037448
别的都没问题，也很快，就是经常忘记给我辣酱包！,0,1,0.5170660608144829
这次味道很咸,0,1,0.5149100268546168
麻婆豆腐口味绝对需要提高！肉饼和茄条好次，扳回。送餐很快！,0,1,0.514596463730466
就是配送大哥忘记给我拿吸管了⋯⋯其他都很棒。,1,1,0.5111114142081858
太爱吃了，经常定，速度特快,1,1,0.5110895667881212
凉面送来的时候有些软～但还是很好吃,1,1,0.5104492781429208
"特别感谢,天这么冷…………",1,1,0.5093576573662877
辛苦送餐的师傅。好评。,1,1,0.5076487261367237
还行，就是吃不饱，下次订大份,1,1,0.5075880226996478
外卖小哥服务很好，送餐态度很赞，但是，忘了给我送的可乐了，另外，米饭量很大,1,1,0.506423055426327
"虽然比不上湖南当地的但在北京来说味道算不错啦,老板湖南人吧",1,1,0.5059449684164224
里面有蘑菇。总体不错啦,1,1,0.5052856999340141
"速度很快，表扬！,但是口味太淡，饭菜也凉了。",0,1,0.5049347214900705
还可以，咸了点，送货超慢,0,1,0.5038351337642494
配送超级到位，配送员认真负责,1,1,0.5032205380870144
送餐有些慢，菜的味道不错,0,1,0.5027775685550592
今天没放勾芡还不错！但是份量感觉一天比一天少啊,0,1,0.5020286498486857
卷饼应该比拌饭好吃，拌饭里的菜放的酱太多,1,1,0.501058488947501
送餐速度很快，但南瓜粥馊了还送！,0,1,0.5008313491390709
送货员很赞，很到位，在单位都送到房间,1,0,0.49945804650189946
经济实惠，家常风味的大饺子,1,0,0.4977004440933088
"鱼香肉丝的最好吃了,四川口味的",1,0,0.49540577844751854
包装好棒啊,1,0,0.495404090842194
最喜欢吃蘑菇鸡肉的卷了！大爱！,1,0,0.49420730839256555
卷饼不油腻很健康,1,0,0.4939182918259403
还好吧就是肉切的有点大饼不是太好如果是厚面烙饼会好很多，,1,0,0.49322523195873685
速度很快，送了蘸酱，但是上次电话订餐没有送。孩子喜欢吃马盏糕和小笼包,1,0,0.49260334633095065
"菜不错,外送弄错地址，态度非常差，找零往地上扔",0,0,0.49152803299004544
饺子味道很好，可送来的时候粘在一起，一吃都破了，包装盒既然都花钱了，包装盒是有一个一个饺子分开放的盒子的,0,0,0.48718833252934823
送到有点晚。虽然没有超过赔付时间，但超过了预计到达时间。不过雾霾锁京，还是要谢谢送餐师傅的辛苦付出,1,0,0.48701296404399624
吃不了肥肉的最好不要点，有点腻！酱料不多，味道偏淡。,0,0,0.48590651725900147
粥有点凉了，饼略硬，味道还可以，速度有点慢,0,0,0.48581133418923894
本次订餐很愉快！,1,0,0.484923586983255
包装好漂亮！,1,0,0.48351431604632394
羊肉的好吃，牛肉的一般，如果肉里有点酱油就好了,1,0,0.48139280007941426
"配送人员特别准时就到了,然后还顺手帮我带了几个垃圾,其实我很不好意思,祝福这位师傅2016年身体健康工作顺利,谢谢",1,0,0.4808872798387811
"真的很棒,没啥说的了,嗯嗯,棒棒的",1,0,0.4800727779575764
整体不辣，粥的味道也可以，料很足,1,0,0.479417586812802
速度需提升，再接再厉,1,0,0.47882306515150985
饭很难闻，有种发霉馊掉的味道。拌菜不错料包太小,0,0,0.47856810565492924
好吃到停不下来...好评！！！,1,0,0.4781650283194112
皮蛋瘦肉粥没味道,1,0,0.47791233713132686
味道还可以，快递服务很到位。,1,0,0.47692762195725774
不错，希望下次能快一点,0,0,0.476843413644564
时间略慢，其它方面不错，努力,1,0,0.4767355190398839
还可以吧。没有土豆丝的好吃。个人感觉。哈哈,1,0,0.4717975812900892
就是有点咸了，其他还好吧,1,0,0.47049126478542175
都很满意！服务产品都没问题，稻香村外卖就是产品再丰富点吧。,1,0,0.47025022305171044
蘑菇鸡肉的超好吃，希望粥能甜点，配送师傅麻烦下次别在电梯间打电话了…根本没信号，建议可以发送短信通知！,1,0,0.4696968965269573
额，还行吧，下雨天送餐员不容易,1,0,0.46910688104491655
哈哈...送货神速.....赞赞赞,1,0,0.46858816138756476
包装不错，干净卫生，,1,0,0.4658050115775861
送的特别快,1,0,0.46508190494889323
绝了我竟然吃出个小别针，靠，幸亏口是别针的，要命是咋的，送餐员态度很好，饭菜质量把把关吧,0,0,0.4649746847491779
披萨很好，但是希望电话通知,0,0,0.46442014019461947
太慢了，味道还不错，,0,0,0.46432378304980915
牛肉非常非常老，腥味太重,0,0,0.46413574666449725
好喝～不用去外面买了～,1,0,0.46322109732107825
汤多些面少些更好。,1,0,0.4618189273955073
我把地址弄错了，骑士二话没说就马上给我送了过来，服务棒棒哒！给一个大大的赞,1,0,0.4613786863026938
下雨天送的有点晚了，饿了吃饭很香,0,0,0.4613289799307464
量大，第一次吃到这么充足的卷饼。满意,1,0,0.4594148033400516
还是很准时的,1,0,0.45784459314385745
好极了好极了好极了……,1,0,0.45646656619210324
送货的骑士比照片瘦多了！大冷天，太辛苦了！最重要的是跟在店里吃品质一样！披萨的馅趴在饼皮上妥妥的！,1,0,0.45508910259284535
味道不错，送餐时间不敢恭维,0,0,0.454979861636007
送餐速度有些慢，餐品不错。,0,0,0.44992858028881955
并不是太好吃,0,0,0.44941199367529455
煎饺还不错，冷面一般,0,0,0.44922750840013875
瞬间就送到了，冬天吃外卖好温馨,1,0,0.4484408141792568
味道还可以，就是里面有砂子,0,0,0.44770126907508206
就是有点少。。。,0,0,0.446456088019877
作为湖北人觉得还是也很正宗的！,1,0,0.44639520641494784
送货挺快，但味道不如以前的好吃了！,0,0,0.44511600462825157
就是量有点少，吃不饱啊,1,0,0.4431506132504439
皮蛋瘦肉粥很糊弄啊,1,0,0.44259603080010196
每次要发票都说忘了，这送餐的真够了，味道还是不错的,0,0,0.4415030706237815
送餐速度在快些就好啦！,1,0,0.43913228509524227
一个卷饼不够，菜和肉很多，可以再额外买个卷饼吗？,0,0,0.4362452919677457
"太不好意思了,让师傅大风天等我半小时，手机静音了,太抱歉了。第一次用百度外卖，很好",1,0,0.4347648097322706
酸汤的牛肉面对我来说不够酸，总体都还不错,1,0,0.4342683935916434
"还可以,有点干。",1,0,0.4342152686605604
鲅鱼陷有点臭，送菜速度如蜗牛…,0,0,0.4327011715183057
没有第一次吃的好，里面有小骨头渣子，咯牙,0,0,0.43241670406852734
太快了，都不饿了。,0,0,0.43018710934121646
好，肉多！但价位稍高,1,0,0.42992140649604366
还行吧，料比较少，不过看起来包装还是很用心的,0,0,0.4285660178040602
煎饼越来越咸了,0,0,0.4284338621210728
服务很到位，及时联系客户,1,0,0.42732441623270095
但很好吃，但量很小。送餐嘛一小时以上，还没带筷子,0,0,0.4270156184499112
还可以吧。不过最好可以有个标签标明是哪种煎饼，不然不容易分别出来！,1,0,0.4267051119201139
味道非常不错！只是送餐时间比较久。,1,0,0.4256026174531603
送餐好快啊,1,0,0.42437507716615946
几个菜基本都不好吃，鱼香肉丝相对稍好。配送员态度很好，按时送到！,0,0,0.42432988962481416
配送员送货及时，糕点质量好,1,0,0.4239034873122149
"第一次吃到这么精致的卷饼,锡纸卷!",1,0,0.4222402455704524
不到半个小时就送到了，超快,1,0,0.4210246112651036
非常非常慢,0,0,0.42090883031549864
煎饼挺好的，就是龙抄手真心太少了，而且一碗要大十几块钱，有点不值。,1,0,0.42073330001472264
嗯，口味可以，实惠,1,0,0.42028098468998853
太新鲜了～热乎乎的粥把盒子烫软了、可是很美味哟！分量足,1,0,0.41911803281048
"餅沒嚼勁,味道太單薄",0,0,0.4181850325865424
还可以哦，下次会再来的,1,0,0.41814671487194355
送餐人员很给力，直接送到门口,1,0,0.4178317606163013
四季豆不干，外卖很快,1,0,0.4155525695022773
送餐速度超级超级慢……,0,0,0.4140331005804634
恩还不错，就是订餐的时候系统匹配错误。打电话调节了一下，从新下单才订上,1,0,0.4125046383453991
看着很干净,1,0,0.41143426691865037
梅干菜扣肉和豆腐丝小菜都特别的咸特别的咸，齁咸，建议少放点盐，梅干菜扣肉如果能带出点甜味也许会中和下齁咸的感觉。相较而言，米饭做的不错，就是量太大，满满一盒饭可以搭配三份菜了。,0,0,0.4107864571431762
第一次觉得非常不错，后面肉给的爆少啊，根本挑不出来,0,0,0.40968503865320693
送餐真的不快，鱼香肉丝的不错～,1,0,0.4086248371995569
外送服务好，吃得太难吃,0,0,0.40850599431374407
"扬州炒饭没第一次点的好吃,好像没放盐,小馒头很干也没给奶油",0,0,0.40815094083211234
京酱肉丝给我配的烤鸭饼！,0,0,0.40712185225979447
快递很棒！水煮牛肉不好,1,0,0.40652506205301997
"外卖人员很给力。除了蔬菜粥都好吃。,那个蔬菜粥盛的时候能不能注意点。吃到四根头发。果断给扔了",1,0,0.40602516198822386
皮蛋瘦肉粥味道很奇怪_(:3」∠)_我吃不惯的那种...,1,0,0.4049516809367723
一般，丸子不错，就是鸡翅糊了，味道很一般,0,0,0.4038521205245961
一切都好好，味道也不错，只是点了肘子的送过来两个鸡腿肉的，因为太晚了也不折腾了，只是没吃到肘子的卷饼好遗憾呢，另外南瓜粥也没有改的王老吉…太晚点餐就是不好啊,1,0,0.4029371845034223
还行吧，因为送来时有点凉了，等的有点久,0,0,0.40280430287369484
很快，而且送了番茄酱和纸巾,1,0,0.40217941571658755
"肘子卷太油腻,可能个人不太适应这个肥肉,味道真贵还好",0,0,0.401750583218373
非常遗憾，代金券和立减优惠不能同时使用了。真是痛心疾首啊！,0,0,0.400943131715865
"送的挺快的,但是饼子不热,夹得肉好少没以前吃的时候多了",0,0,0.40074244673710147
今天的大肘子好腻啊，肥肉多，没以前的好吃了,0,0,0.40053425888131544
还可以，就是米饭偏硬了点,1,0,0.39998052483744956
菜很难吃！非常难吃，而且还特别咸，我是北方人都吃不下，以后不会再来了。唯一欣慰就是配送小哥还不错，态度很好。,0,0,0.39927608966334505
什锦蘑菇有些腻，饭量挺大的…,1,0,0.398954944213942
送的还比较快•就是味道没有在店里吃起来好吃•总体不错,1,0,0.3988631913229502
就是煎饼已经软了,1,0,0.3981429863502664
"味道可以,加上优惠比较划算,原价买的话就有点贵",1,0,0.3964638802608568
还可以，包装干净卫生,1,0,0.3964491601227794
配送很好，联系不到我还等了好久,1,0,0.3955464884424777
"配送员服务态度很好,产品一般,外卖是19:25分送到的",0,0,0.39479605356694714
汤面类还是不要点吧，送来味道大打折扣。其他都不错。,1,0,0.39462321829847735
用来加餐是极好的,1,0,0.39460741576487063
味道不错，比预定时间晚了半小时送了瓶可乐。,0,0,0.39445988897292605
"卷饼皮是真厚,土豆丝太少了",0,0,0.39187452706712883
包装比这个好的别家的都没收费，就这种包装竟然还要收餐盒费。。。微辣的味道刚刚好，就是鸡肉没入味儿。,0,0,0.3918046053759356
"配送速度很快,但是米和菜太少太少了,根本吃不饱",0,0,0.39002943632694126
没想到这么实在！肘子量非常足！只是味道略有点儿淡，感觉没有把肘子的香味发挥出来，我琢磨着是不是加点什么酱或者弄点儿蒜泥什么的更好？,1,0,0.38922328359864744
有点偏甜。。,1,0,0.3887267540789646
送的早到了半个小时，味道很棒,1,0,0.3885023668687695
送餐很快，但是太咸了。还是去店里的炖肉套餐好吃，外卖部划算。,0,0,0.3871719464288576
上次还有粥，这次没粥了，包装也简单了些,0,0,0.3860331807877361
哎，态度挺积极，效率太低,0,0,0.3846167323682081
配送员相当没有礼貌,0,0,0.38362268884593936
"下次能送早点就好啦,快饿过劲啦",0,0,0.3833892714747186
送餐太慢，量也小。不过挺好吃的。,0,0,0.3815689993574042
饼有点硬，不过味道还行,1,0,0.3804779540928876
没有汉拿山好吃,0,0,0.38036642348810135
百度配送没得说非常好，但餐厅真的是无语了，不想说了,0,0,0.37908525121697556
味道不咋样,0,0,0.3790236336690294
饺子本身不错。但真不适合外卖。。。到了全塌了软软的不好吃。外卖特别快,0,0,0.37876540012293025
还可以，家常味道。下饭,1,0,0.37863936192674635
这蔬菜拌饭有点,0,0,0.37724881181168035
菜品一般。快递不错！,1,0,0.3765200313008365
茄丁还不错，毛血旺不是很新鲜，拉了好几天肚子。,0,0,0.37577011771503877
孜然鸭肉不是很好吃,0,0,0.3751133534715528
比较远，不过还可以了,1,0,0.37503456212624664
很不愉快的一次点餐,0,0,0.37443877643543344
"买了这几次的面都不好吃。都糊掉了的,猪手挺好吃的",0,0,0.37429974000134425
"运输速度快得不行,不满10个字",1,0,0.3742824427147639
"配送很快,就是要了发票但商家没给",1,0,0.37406054203497635
菜品及包装看起来不错，吃起来也还好，但是吃完之后总是拉肚子，怀疑不太干净。,0,0,0.37324386842384005
大份适合男人和极其饿的女汉子吃哈，我没吃完，很干净卫生！,1,0,0.3724547841303846
太慢了，味道还不错,1,0,0.3721985319287109
12:30配送员给我电话告诉我他车子和餐都丢了！让我取消订单…我取消不了，电话百度外卖，客服说可以取消，会帮我操作。于是另外定了餐，正吃着呢，百度又来送餐了！不知道什么环节没沟通好，导致我今天中午面对两份外卖…呜呜呜，很差的体验是给百度外卖的！米粉很好吃！配送员态度也很好！,0,0,0.37211646472438425
因为我手机信号问题送餐员没联系上，于是我联系了店家，店家很nice帮联系了客服，之后送餐员就马上送到啦~面还是很热的~店家和送餐员赞(*￣▽￣)y,1,0,0.3715609004102185
"味道很好~送餐员神速（低于预期时间）挽救了饿坏的我~,只是饮料没有吸管..",1,0,0.3707435665528618
配送人员超有礼貌：）,1,0,0.3698105174930731
"12点下单,13：15送达,还好味道不错",0,0,0.3690897667297825
包装什么都很精致，就是味道不咋地,0,0,0.368832883603138
糖醋里脊不是很好吃，因为没有交汁儿！水煮肉还行，总的来说量很大！,0,0,0.3674982742889336
尖椒土豆丝不好吃，别的都不错,1,0,0.3673267179397066
菜还真心不错，米饭真心抠啊，老板逃荒过啊,0,0,0.3671322185409434
要的拿铁是热的。结果是凉的。下雨天还是体谅一下吧。但还是有点生气,0,0,0.36658534959864797
干净卫生送货快,1,0,0.36645934157472543
眉州东坡的菜品自然是没话说的。,1,0,0.365886548087455
味道还可以，送餐速度，唉，慢了点,1,0,0.36567388621583186
经常吃，味觉无法识别了！,0,0,0.36373364719739326
奇怪的柚子茶和甜甜的煎饼，可能是没选到适合的,0,0,0.3632607122289327
还行，如果蔬菜拌饭里能多加些辣椒就更好了,1,0,0.36302941092631325
送来的时间还是能接受的，菜品也都保存的很好,1,0,0.36298625223637826
不是特别好吃。没有什么味道、,0,0,0.3613257708998715
送餐很快，味道一般,0,0,0.36004745683883776
不能用百度外卖,0,0,0.3591098349637217
"饺子一份特别少，真的，也就十几个吧，配送挺好的,饺子不行",0,0,0.35856149081900784
丽华的经常点,0,0,0.35779909047656966
蒸蛋分量大,0,0,0.35678988257677036
快、好、方便,1,0,0.35678425420975285
很好的饺子，可惜者了，怪太慢了,0,0,0.3565041065414813
"前一次的麻辣香锅不错,量足,味道也可以,这次的酸汤鱼简直了,吃了一筷子就不想吃了",0,0,0.3545046188902239
送的挺快的并且食品还是很好的跟以前一样我喜欢的口味，但是我要的发票没有送来呀,0,0,0.35368207313435013
没有满减！,0,0,0.3533417897900937
烤串有些走油，紫菜卷和秋葵卷有些腻，应该配点刷的酱。,0,0,0.3533228194177379
家里人说有股臭臭的味道~,0,0,0.35062867624267213
包装挺好，土豆肉丝卷饼中的肉丝都是肥的，不好吃，土豆丝也一般,0,0,0.34882190121392403
送餐不错！只是送饺子怎么没送调料啊？,0,0,0.3479875284599571
包子一般，肉汁少点，粥不错,1,0,0.3479679164420038
"送了80多分钟才到！味道,鸡肉太老了！粥的味道不错",0,0,0.34761031518349195
"送餐速度一般一小时左右,等待太漫长啊,味道还不错",0,0,0.34738233873137964
分量比较足,1,0,0.3469633655301297
好的还可以,1,0,0.3458701175680651
米线有点软,0,0,0.345277025154356
小哥挺逗，说百度开了外卖他们就特忙。,0,0,0.3434042172940555
有点咸。八宝菜更咸(>﹏<),1,0,0.3427002682254533
"味道还凑合吧,就是太少啦！餐盒一半的量！",0,0,0.34210500524408183
服务态度非常恶劣，生了一肚子气，一个大老爷们儿跟个娘们似的。,0,0,0.34163846318499164
周末值班的首选,1,0,0.34031422485709245
送的太早了,1,0,0.3378274252314332
味道感觉没以前好了，包装换的没那么精致了，是为了减少成本吗,0,0,0.33778026856969307
"配送员态度好,但是买了四种馅混杂一起不好",0,0,0.337366977075221
配送速度很慢。,0,0,0.3373033723039563
送餐员很给力，这菜真是一般般啊。,0,0,0.3370069506789811
没有在店里的好吃,0,0,0.33697987429388143
薏米水太甜,1,0,0.336813710719434
煎饼还行，红油抄手好多油啊…,1,0,0.3368039371440891
可能是第一次来，送的比较慢，还好。,1,0,0.33655652612231146
今天的饭夹生的…给送餐员加工资！,0,0,0.3358496822945875
米饭是硬的。。不如上一次好吃,1,0,0.3343795860228443
这个菜真的没有其他好吃,0,0,0.33420333393977647
速度慢味道差,0,0,0.3341298846799902
菜超级少！！,0,0,0.3337486997081005
送餐超级慢,0,0,0.33374063827546585
土豆要多煮一下,0,0,0.3328019637538385
太实惠了，吃到撑啊！,1,0,0.3324946589636519
又贵又不好吃，鸡腿还是麦当劳的好吃,0,0,0.331818277774389
百度外卖一直是我的外卖首选,1,0,0.329137209868171
饭非常好，物美价廉，包装很精致！送饭的师傅把饭放在垃圾桶上用来吐痰和弹烟灰的沙子里，让人怎么吃？！送餐慢可以理解，毕竟定的晚，而且师傅要送很多家，但是明知道是垃圾桶，而且还是人们吐痰和弹烟灰的地方，还把饭放到里面，你这个送饭的师傅是不是太招人恨了？！,0,0,0.3289123601667437
除了粉之外，其他的配菜有点老,0,0,0.3278018398458882
今天忙到忘了给我半糖，下次希望别忘。,1,0,0.32757667305640076
可能是距离较远，饭到了已经凉了，辛苦了,0,0,0.3273308085053396
送有很快，东西一般吧,1,0,0.3268498000614568
送餐晚了50分钟，味道也没有第一次定的好吃了，土豆肉丝里边油太多,0,0,0.32656642301021704
"杏鲍菇肠坑啊！,就是门口2块一根的烤肠",1,0,0.3263332154325716
菜量还不错，就是土豆丝炒鸡蛋基本没味儿。锅贴做的也和一般店里锅贴不一样…油大…,0,0,0.32620909780296964
肉有点硬，不如肉夹馍里面的肉好吃,0,0,0.3259491566993685
"态度很好,地址填错了还是给我跑了一趟,没有表现出不愿意的样子,为了这个快递员,我写了评论",1,0,0.32593904242768723
两个能吃饱，但锡纸包得不合理，很容易咽下去！,1,0,0.32444476972641184
送达晚了些，但是送了一瓶饮料，心情舒缓了些，好评,1,0,0.32413413981005
好吃，但是外卖的分量只有堂食的一半可价格一样,0,0,0.32292521182862927
"快递找不着地方，反问我都不知道哪儿，态度让我心情很不爽！一周左右吧，我留的也是这个地址，也是这家，为什么别人可以找到？前几次态度都特别好，就这次,。",0,0,0.3224660697137728
非常快，半个小时送到。依旧是8月16号的生产日期。。。看来屯了好久了吧。不过也还好啦,1,0,0.3215799946937045
根本吃不饱，还贵,0,0,0.32134505773417726
下单很早，送的慢，不过快递员也很辛苦，但是不要葱还是有葱,0,0,0.32109674556393075
牛柳越来越少！,0,0,0.32098579778914005
我的肘子卷变成了香菇卷。皮蛋粥变成了南瓜粥。。不太合适吧....,0,0,0.3207238568628406
很棒，未来一个月午饭就交给你们了。,1,0,0.3203884292476976
粥很稀，卷饼厚，内容少，等待时间太漫长，服务态度还不错,0,0,0.31928513938982067
米饭有点生,0,0,0.3169305809074687
吃完就肚子疼，一晚上没睡好！,0,0,0.3166889764784868
好吃，送餐时间太早了,1,0,0.3163037296304121
小炒肉不错，还得说一句他家宫爆鸡丁太难吃，甜的齁死人,0,0,0.3157740181987771
速度十分慢！,0,0,0.3147215738421172
点的吊烧鸡，店家沟通过是吊烧鸽，也很诚实的说肯定没有鸡那么大，我也就嫌麻烦没退，虽然有心理准备但看见实物还是惊呆了，只有拳头那么大，实在不知道该说什么好，价格还是42，觉得有些不舒服，一只烤鸭一盒完全能装下，结果装了两个半盒，葱丝和黄瓜却用袋子装，盒子也是要钱的啊，红莲确乎不是记忆中的红莲了，我从小在南城长大，对红莲有儿时的情节，当年的南城第一炉已不复存在，快递小哥还是很好的，赞一个,0,0,0.3146102386513773
木有办法，喜欢吃的手撕包菜还是在店里好吃一些，放餐盒吾的一般。,1,0,0.3139134911936233
披萨送到后变成煎饼果子了，包装根本不适合送餐！！！,0,0,0.31372537660646904
炸花生米量大，但发干。肉夹馍肉多，但馍硬。蛋炒饭火候不错，但油大。总体都还行，但又都欠那么一点。,0,0,0.3134148902110159
脆皮日本豆腐还是去店里吃好吃。大爱醋溜木须！！！！牛肉馅饼太赞啦！！！！,1,0,0.31315681697733105
餐送的很快，就是太难吃了，别定他家的,0,0,0.3122808630835506
"备注不要辣的,还是有点辣.",0,0,0.3116481176524891
"感觉非常不实惠。,拌饭里面的各色菜只有一点点点儿，豆芽可以用几根来数。,只能吃到辣椒酱的味道，吃过正一味多次，口味最差的一次。,一听装可口可乐就是“7元饮料”。,如果不是这次送餐很快，真想给你一星或负星。",0,0,0.3105622017768733
青椒好生…送餐好慢…,0,0,0.30986343761446605
超级超级慢，导致退订,0,0,0.30844481664205475
味道还差点。。,0,0,0.3074918446465603
"配送员很好，很快，还帮我要咸菜。我得了肠胃炎，只能喝粥吃咸菜，订餐时备注了想要点咸菜。后来配送员跟我说他管商家要了，但商家不想给。注意是“不想给”,而不是“没有”。于是我就索然无味的喝了两碗粥。千方固元粥感觉米特硬，可能没熟。小米粥还行，但因为先喝了固元粥，小米粥的香也体现不出来了……",0,0,0.30671327106288826
女儿说面成饼了，灌汤包也没有汤了，出了包装费就不能打包好点！配送员很好,0,0,0.30549069402472556
买完才发现店的地址这么远。。。味道还可以，饼的皮儿有点硬，应该是太厚了的缘故吧。。。,1,0,0.3050218075911481
排骨不错，丸子不好吃。很不好吃,1,0,0.3048756486272571
疙瘩汤放鸡精太多了,0,0,0.30267714170681026
高度评价！,1,0,0.30207576646905954
肘子卷饼不好吃还贵,0,0,0.30196230118027306
"鱼很腥。豆角也没上次好吃，很老,不会再来了",0,0,0.3017733509184903
订了个京酱肉丝，送来个鱼香肉丝,1,0,0.3016969292580184
吃了很多次,1,0,0.30157092072675046
定了飘香肘子，冲着价格，口感也还行。肉有点柴了。,0,0,0.3003306447520987
木耳不好吃，辣白菜还好，皮蛋瘦肉粥太淡,0,0,0.2997946143491174
最近迷恋金桔柠檬茶啊！,1,0,0.29905203593719615
天天吃，会不会长胖,1,0,0.2983961497951558
麻将怎么没有味道，不太好吃,0,0,0.29656236365057337
鱿鱼炒饭比鱿鱼石锅拌饭好吃,1,0,0.2964520500585341
希望辣白菜改善口味。,1,0,0.29563603074888506
快点吧！饿了,0,0,0.29471281146041434
量偏少，还好。,0,0,0.29366026804608975
味道还不错，但是，真的有6寸吗，目测只有4寸。。。。4寸好吗，根本吃不饱,0,0,0.29348362144943924
看图片以为鱼就煎一下呢,0,0,0.2932374394862473
"十一点四十订的,一点零五送到,送餐员一句不好意思都没说。。但是东西,还是一如既往的可以",0,0,0.29321950135982117
很快。。卷饼味道一般但是很值。。。,1,0,0.2931857409908862
撑死我了。就是土豆肉丝没见到肉啊。,1,0,0.29295437085778175
送餐员的表现比餐本身要赞,1,0,0.2928291847956203
"送餐师傅很快,可是菜品一般,感觉都不新鲜",1,0,0.29248249574835905
越来越慢了呢,1,0,0.2922164226263244
越来越偷工减料了,0,0,0.29190174571355826
凭良心说味道不错，也没有网友说的饼硬。就是以后少放点酱，一吃全挤出来了，锡纸包的不严汤漏了一袋子。然后快递打错电话，把9按成6了，还一直说打不通，这个得培训下吧？,0,0,0.29120639940770665
除了汤，都太油了，吃不饱不说热量还突破天际，汤还撒了点，配送员还迷路,0,0,0.2900538646665867
配送很快，味道一般,0,0,0.2895876377274551
煎饼不适合外卖，时间稍长就软塌了，,1,0,0.2887667367009377
味道还行吧，榴莲少了点、人造奶油太多了。,0,0,0.288722684953662
"汉堡王给错货，但快递员人超赞,给联系补货,很晚也送过来",0,0,0.2880076710221828
菜的油太大了,0,0,0.2873942090494762
外卖的米粉量有点小,1,0,0.2872438327432333
量太小了，对不起价格。,0,0,0.2863982459705026
今天速度慢了些，大概45分钟,0,0,0.2861568714613227
送餐员态度很不好,0,0,0.2854599727417088
"肉是糊的,吃多了致癌",0,0,0.2849171440683618
菜缺少色香味,0,0,0.2833723173178968
有点慢～～～送餐时间不稳定,1,0,0.28325440066500257
……不想多说，你懂的,0,0,0.2827586547771882
"东西略贵,那么一点牛肉26,在超市26能买好大一块酱牛肉",0,0,0.28246586118905365
订过一次不想第二次,0,0,0.2823860043181658
套餐就够一个人吃了，点多了,1,0,0.2822396883838916
"送个北科大，500米,送了半年,够牛逼的",0,0,0.28213943589848384
土豆丝可以做的咸点儿吗？,1,0,0.2819565423427625
送的挺快，只不过收钱的时候是62，订单显示是49元，回家后才发现这个问题--,0,0,0.2814768619051532
多收了钱。,0,0,0.2812870411289243
接线员工态度太差。其他的还不错,0,0,0.2809292226577214
感觉酱味不太适合老北京人,1,0,0.28088814164662934
少送个蛋，送货员这态度，2分钟就开始催，到了楼下还使脸色,0,0,0.280433265142539
有股怪味，吃着没食欲,0,0,0.280116296081581
"豆角用的豇豆，就几根,好失败，味道好差，一股怪味，没以前好了真的",0,0,0.27986681421209975
主要是速度慢得，没法吐槽了,0,0,0.2790699226801483
能不能准时点啊,0,0,0.2789788183617383
"我想说我的皮蛋瘦肉粥呢,就光把卷饼送来了,粥呢？",1,0,0.27853059692722054
评得我都词穷了！买买买！,1,0,0.278496009799736
量很小，味道差,0,0,0.2783170983213176
送餐员态度非常不好，自己找不到态度也很不好，两份米线一双筷子,0,0,0.27830721543182674
肥肉有点多,1,0,0.27821017028941536
没放糖，没放奶油，好难喝,0,0,0.2779259777048813
不如以前好吃，肘子都有味儿了！哎！,0,0,0.2771520034207267
选的送达时间：11:45，结果10点58就给我送来了。那我选择送达时间还有什么意义。饭还是一如既往的好吃，干净卫生,0,0,0.2768763983221364
送餐慢，店家电话永远打不通，虽然味道很好，但是以后也不会再来了,0,0,0.27651898963312965
点了两次，不太爱吃。偏咸,1,0,0.2759744261570739
少送了一份南瓜羹，不过后来很快补送了，超爱,1,0,0.275923075237744
味道不敢恭维,0,0,0.2756546294988918
非常差劲，饼都破了，漏了我一裤子油,0,0,0.2755194068459912
噢噢噢哦哦5掏空了快乐,0,0,0.27482416638873447
这个时候我等得睡着了，做了个梦：餐到了,0,0,0.2735826939635671
提醒之后确实没放我不爱吃的东西....良心推荐,1,0,0.2734425967590154
就是量太少了，给同事点的貌似都不满意，请客没讨好哦,0,0,0.27229803846830775
失误难免，，以后请注意。。,0,0,0.27200954594239457
没提供筷子，派送员不带零钱，简直奇葩。,0,0,0.2716247193076631
希望你们送餐之前最好仔细检查一下餐是否齐全,0,0,0.27141988816760115
没有想象的多,0,0,0.2710645635816837
还行、速度慢,0,0,0.2704438707139542
下次注意，希望不要再弄错了,0,0,0.2702716799086151
还行…味道不咋地,0,0,0.2688133194235422
食物一百分，速度1分。明明走路十分钟的路程，制作要那么久吗,0,0,0.26878201091201437
妈逼了！点餐不管饭的？光吃菜？醉了！真的知道怎么想的！幸好骑士小哥人好、又给送了一份！,0,0,0.26834299102136266
漏了，漏了，漏了,0,0,0.26806100234517877
味道还行，比较辣,0,0,0.2675418933684191
不是怎么好吃，一般吧。,0,0,0.26719327904187606
味道以及菜品的质量比店内就餐差的太多了,0,0,0.26690774451009597
饭很好吃，不过送餐速度真的很慢，我等了三个小时，疯了,1,0,0.26688381223599383
饺子粘一起了,0,0,0.26642001040252816
筷子发霉，麻烦下次注意下！,0,0,0.2662484258597952
赞，不过泡菜五花肉略辣了些，个人口味问题。,1,0,0.26573074851187667
今天太慢了~,0,0,0.2655371001184241
今天特别的慢，可能是下雨的关系，送到的时候汤还撒了一些，不过配送员态度还好，就是悲剧。,0,0,0.2654208616039985
你们家的菜越来越少,0,0,0.2650311550417375
奶茶撒了半杯？你喝？,0,0,0.26435827954625685
"还行吧,，味道个人不是很喜欢，一般般吧",1,0,0.263938686980642
"菜很便宜,也很实惠,个人认为以后不会再定了",0,0,0.26385194197671213
大排性价比不高,0,0,0.2631731579273537
"味道好一般,饼厚又硬。。",0,0,0.2630382515019045
差一分盐酥鸡,0,0,0.2623826953561196
袋子都破了,0,0,0.2622053501933591
"呵呵,，,真可以，之前感觉您家特别实惠。没想到这次缩水到这种程度！！！一共就这么几块肉！",0,0,0.26209288997584496
京酱肉丝上次还有豆皮呢，这次怎么没有了！米饭给的也很少。,0,0,0.26192136633811697
饭都拌好了，而且饭因为板好的原因辣酱又咸又辣！闲的你们拌好了送！用的着你们给拌好了么！多此一举！,0,0,0.26077399910092885
整体油腻，砂锅豆腐居然也放那么多油，吃完比饿着还难受,0,0,0.25969123985989384
味道一般，干干巴巴的，吃到最后有点想吐。不过包装不错，看起来很精致干净。总体来讲，不值20元钱。,0,0,0.25968828357922413
果真还是少了根肠，还我2.5元,0,0,0.2590760483394773
太他妈慢了,0,0,0.25870149990261276
金银馒头不适合外送，金馒头一闷都软了,1,0,0.2583197540033536
豆子特别硬，压根看不见肉,0,0,0.2569631689057526
量少了些，配送时间稍微长了一些。,0,0,0.256286526456165
美女老板加新菜了→_→,1,0,0.25604542013510667
送了150分钟！,0,0,0.25581331599925755
太油腻了。,0,0,0.25572922367936046
热干面没什么味，油太重！豆皮味道还可以，豆干比较多，糯米和肉丁少。,0,0,0.2555886536001883
全凉了，面都硬了。送的慢可以理解，大冷天没用保温箱还是奇葩的锡纸包装，没法放微波炉。,0,0,0.2551694966336224
饼有点硬，不好吃。,0,0,0.2535004003134837
南瓜粥，绿豆粥一点点糖都不放。你们家缺糖吗,0,0,0.253343102993516
买了四次，除了第一次是满意的，第二次还好之外。第三第四次，非常差。第二次我要的重辣没有了，好歹给我打个电话通知一下，换了个口味。第三第四次直接就给换了，而且还不好吃！非常差,0,0,0.2527571800448926
希望大卷的饼能厚一点～因为饼皮太薄内容太多了的话会包不住啊、而且感觉只在吃菜没有饼《,1,0,0.2512879567352372
尖椒肉丝吃出来个苍蝇,0,0,0.2508102750017564
"一直都点你家饺子,觉得味道很好，但是今天居然给我送错馅儿,我要吃茴香鸡蛋茴香鸡蛋，我点了两份茴香鸡蛋，你给我送两份素什锦干嘛！！！",0,0,0.2506697493303886
比预计时间晚了十分钟，还算准时,1,0,0.25023586042850693
"外卖包装需要改进。。。。,。",1,0,0.2501576640328557
好快啊。不过里面的肥肉让我头都晕。,1,0,0.24960194190657942
配送员路不熟。凉透了！,0,0,0.24899803051636463
送餐大叔文质彬彬的：）拯救了快饿死的我。中午赌气没吃饭忍不住点了卷饼，吃一口，整个人都活了过来呀！,1,0,0.24888633938036026
口味不错，但尖椒太辣了，腊肉太少了！,0,0,0.24862132216677052
经常来买，不多说了，,1,0,0.24831019286748757
"基本上都挺難吃的,不會叫了",0,0,0.24786933859447022
外卖员不进园区,0,0,0.24707325205260894
送餐特别特的慢！,0,0,0.24701983535036615
忘了配送卤蛋！,0,0,0.24638496573107563
纯素的太难吃，太淡了，其它不错,1,0,0.24601661711446654
"点了四个菜,两盒米饭,141元,没一个好吃的,什么破玩意",0,0,0.24583689093872396
慢到无可救药，还洒的袋子湿透。累感不爱,0,0,0.24579506073604082
太TM慢了,0,0,0.24434152444303073
送餐小哥到的时候连呼哧带喘的，难道是跑着来的？还好吧。不过送餐真心不应该点面条之类的，幸亏还是点的炒面，也坨了,0,0,0.24431429232150856
备注写明要热饮，还送来加冰的！,0,0,0.2441652680680494
外卖态度比较差。,0,0,0.24392309520994676
"我要的米线,全都给做的土豆粉,很不满意,对配送比较满意。",0,0,0.24296205643767052
黑椒牛柳饭送成大排饭,0,0,0.24257462953774891
、天气越来越凉了，希望饭菜别凉嗖嗖的,0,0,0.24256671552826503
"送来的瞬间我就不想吃了,送餐员身上的味道太大了,唉,我都不好意思说",0,0,0.2423499677812677
酸味还行，量也不错！！送太久了，都凉了。,0,0,0.24203165887899805
怎么说……送来的人态度很好，但是东西太难吃……春卷和南瓜饼还可以,0,0,0.24163356280910486
口味可以，量不大。鸡块一般,0,0,0.24142275815278658
不好吃，酱油多味道咸，包装一般；关键吃了有点闹肚子。,0,0,0.24103303686533753
太少，点的中分比上次的小份还小,0,0,0.24076847169918247
送货速度太慢，1个多小时。味道还不错。,0,0,0.24074906143945385
一般吧，真心不辣，速度不错，口味一般。,0,0,0.24051393941199026
长豆角注明不要辣，还是有辣。其他的还行,0,0,0.23982721789373693
说好的加一份油麦菜呢？,0,0,0.23909160241126523
"NextDay推：“浮生若梦，恋恋风尘.人生总是一日难，一日佳.”,-,端午快乐！",1,0,0.23856985065280714
"配送能力有限,为什么不使用百度派送",0,0,0.23753785500765282
发票没带，派送太慢，不过蛋糕还是挻好吃的！发票咋办?,0,0,0.23696050224509765
餐到的有点早，不知道味道咋样，还没次,1,0,0.23687199317056648
好吃，太慢，建议早点下单,0,0,0.23653878458785027
排骨也就六七块，牛肉羹看不见牛肉，搞活动可以吃吃，因为便宜，不搞活动还是算了吧！还不如吃个盖饭,0,0,0.2365048497460059
送餐超快，但是超难吃。。。,0,0,0.2364833589748126
豆腐脑不给勺子。,0,0,0.23645241727626606
服务态度差得很，送餐速度还很慢,0,0,0.23592719726813136
送错饮料了,0,0,0.23583140919782317
"鸡块太次了…感觉饭量不大…为什么要提前拌好了呢,想自己拌",0,0,0.23578432496073767
"卷饼里面吃出红色塑胶线,！！",0,0,0.2353356654596246
味道还好，量大肉多，缺点是饭下面都是油，写了不吃辣酱还是辣的,1,0,0.23524735743685737
"竟然晚了20分钟,三明治是加热过的，送来变得变得又凉又硬，因为装三明治的袋子口是开的,骑士真是让人",0,0,0.2352336514321576
头一次用百度外卖，晚了近一个小时。,0,0,0.23428204663078203
肉夹馍不错，但是凉皮味道真不怎么样…南瓜饼也不错,0,0,0.23325037687442335
肘子的还不错，送餐太慢，到了后粥凉的彻底，还不上门，要下楼自取,0,0,0.23290083807271617
我的妈呀速度太慢了吧拜托下次找一个能找到地方的谢谢,0,0,0.23278225552941503
试过了大大小小的品种，煎饼品质比较统一，基本都好吃。凉面真的不好吃，抄手的汤太咸，因为外卖路上耽搁，整盒抄手已经全被酱汁泡成深色，非常咸。这两样品质配合15和18的价格让人感觉贵的不值得，严重不推荐。外卖路上会有颠簸可能会流出汤汁，但这次点的有点夸张，抄手的红油酱汁流得袋子里全是，纸巾全湿透，勺子和湿纸巾外包装上也都挂了辣油。如果有客人在外面用餐周围没有东西擦拭，一定会很影响用餐。建议配送环节再优化。,0,0,0.23239196074299948
慢到堪比蜗牛！,0,0,0.23235240889399933
非常差，速度慢的可以，0分,0,0,0.23226722879287764
我还以为又吃不上了，昨天和同事定的餐，硬是一下午没来。,0,0,0.23192831466172026
量大，吃了三分之二就饱了！,1,0,0.23143514367360282
应该不会在点第二次了,0,0,0.2310423521799792
红豆沙喝了几口就拉肚子了,0,0,0.23077055503798588
味道跟餐厅吃差远了,0,0,0.23051040759287642
东西好吃，但是要等好久！好久！好久！！！！店里电话打不通，好容易打通了，要了送餐小哥电话，结果是个空号！！！！！真的无语了！！！！,0,0,0.23032801625147123
小炒肉真心不是湖南小炒肉，坦白讲肉炒太老了，不推荐。鸭头不错,1,0,0.23003325285795387
适饭量小的,0,0,0.22985071339494115
配送员说饭馆做错菜所以晚了，期间没人和我联系过,0,0,0.22978701607768598
饭的口感还可以，送餐速度太慢，离的远可以理解，少送了果汁，之后处理好了。服务态度还可以，都不容易，总体好评吧,0,0,0.22968806167265596
5块钱藕片4片老板说分薄后来决定的，第一次听过,0,0,0.22934813434066298
川湘菜做成江浙沪菜，鱼香茄子是甜味,0,0,0.22931512724049333
28块钱的皮蛋瘦肉粥，只有几根干巴巴的肉丝，还比不上早上街边两块五一杯的皮蛋瘦肉粥呢，商家居然好意思拿出来卖，人才。,0,0,0.22911565154776692
难吃，用照片欺骗人，天气这么好，不按时间送。,0,0,0.2286824385205499
太糟糕了，大份的薯条只装了包装的不到一半。汉堡都像是儿童餐！,0,0,0.22853595255380976
小炒牛肉中的牛肉非常少，1两估计都没有；湖南大白菜也不正宗，就是一般的白菜，味道下降不少。,0,0,0.22828057438657914
鱼香肉丝咸的不得了，而且很干,0,0,0.22820003143897977
味道不如从前了，是不是换厨师了,0,0,0.22816847259029005
炒饼里放了太多的蒜沫了！太多了！芝麻粥也不稠，芝麻好生硬,0,0,0.22763188149000557
大晚上点KFC就是个错误，第一次吃到口干这么差的汉堡，肉卷也极差。到点的东西该废要废，拿这种东西卖给顾客好意思？掉钱眼里了？总之东西和自己去店买的口感差很多！但是还是要谢谢辛苦送餐的送餐员！,0,0,0.22740324378054338
"太咸了,味道可以,但真的是喉的难受呀,不推荐购买",0,0,0.226599827737746
"冷了，饼太厚，口感很柴，锡箔纸包到饼内，很难撕开；,肘子，似乎不是肘子，是兽肉丁+肥肉丁",0,0,0.22632427310633305
昨天忘了送鸡蛋，今天提醒了还是忘了,0,0,0.22609548770490737
此宫保鸡丁就是辣酱炒鸡肉，除了咸很咸的味吃不出别的。,0,0,0.22587233602405243
排骨饭就2块排骨,0,0,0.22580881758258084
感觉没有之前好吃了！还是因为不是一个店的缘故,0,0,0.22562284209882247
吃不饱。。。,0,0,0.2255677103786933
送餐的人很好，但是为什么满五十送鸡条就没有，给这个店差评，极差评，百度的配送绝对好评,0,0,0.2255137837919301
忘送饮料了,0,0,0.22508879108221558
烦躁，有根烤肠没有送到，饭倒是不错，不过这小问题让人恼火,0,0,0.22488505278900528
"太油腻了,受不了,呃呃",0,0,0.22484636715838902
吃饱了，但口味一般，也许刚做出来好吃，建议老板尝尝送到手里的口味，看如何改良,0,0,0.2246596392147852
什么玩意，清汤寡水的！,0,0,0.22412132763896184
突然收配送费了，不习惯,0,0,0.22370526962323276
面皮感觉是生的？？怎么理解这个软趴趴的口感？里面挺辣的，味道给个个人不喜欢，牛肉咬不动直接咽下去，蔬菜是一些豆芽,1,0,0.22366934459559074
希望下次尽量按时送，不要太早了,1,0,0.22362242178481698
外卖比在店里吃差很多⋯⋯,0,0,0.22358129223296533
量太小太贵,0,0,0.22351134224910746
没有在店里好吃,1,0,0.2228368377547779
送餐速度比较快，但是少送了一份，只能让外卖小哥给退了，可是还是有一个人没吃上饭，有点坑～希望商家下次配餐时候认真一点,0,0,0.22267624732264965
东西还可以，但是没有在店里吃的好吃,1,0,0.22242515587540598
太咸了，粥太贵了！,0,0,0.22209491132066336
非常糟糕的送餐！！！！！nmd送個東西歸龜毛毛的點的餐還來的不其！！！特別糟糕！！！！！！！！,0,0,0.22206956229928002
第一次的配送员打翻了我的面；第二次的配送员态度很差，手机号码是：13051325039.,0,0,0.2219627189965451
我很少评价，但这个我想评价下，整体包装是纸质包装，肉卷是锡箔纸，感觉挺干净，但是饭我真的是不喜欢吃～以后不会点了,0,0,0.2215960194186334
还得让下去取，麻烦的很,0,0,0.22090454838699713
"不好吃,有些吃生的感觉",0,0,0.22066306574345995
菜品都不错，就是配送员就跟一……似得，一个多小时才送来一看就是个新手！特别恼怒，比上次那个配送员慢了接近一小时！我就不说别的了！,0,0,0.2204598126056178
爽口菜吃出了烟头,0,0,0.22015505287033693
"你饿死爹了,这种服务水平等着关门吧",0,0,0.21955572690292272
很晚才到的。,0,0,0.2187978648307084
没来得及，品尝！但是快递员少找我一块钱！59.9的点心，我给他100他又要了一块，找了我40.05元！郁闷,1,0,0.21864351183210046
"一个纸盒王老吉定价5块,太黑",0,0,0.21858156354617767
一打开蛋糕，都变形了，一看就是摔了,0,0,0.21854541376337933
石锅拌饭量太少酱太多，吃着特别咸！,0,0,0.21836910593628112
太慢啦！实在难以忍受,0,0,0.21786853555498095
"本单实际送达时长为169分钟,口味什么的就不重要了吧,对耐心要点32个赞哦",0,0,0.2170610928589027
等到快8点，南瓜粥是凉的，卷饼也是凉的！,0,0,0.2167552008878384
买了个王老吉，生产日期是2014年8月份的，僵尸饮料吗？,0,0,0.21671871523320552
从来没有吃过,0,0,0.2164584994838723
味道一般（纯素蔬菜卷）,0,0,0.21627876573284252
好就一个字,1,0,0.21553325447429778
好久，我都快把这外卖给忘了，送餐员来了还在这等着我给钱，虽然我已经在网上给过了,0,0,0.215205160258389
"说好的32,货到啦给我要34,把我们消费者当傻子呢",0,0,0.21483945096794935
还行吧，就是木瓜炖银耳太少了，还没有汤,1,0,0.2147553843764224
今天来的也太晚了。,1,0,0.21461517035093736
点点凉拌金针菇，拿进屋里打开一看是土豆丝，我们娘俩都不吃土豆,0,0,0.21455325708995793
粉送來的時候已經「斷」完了，跟米飯一樣，唉，有些失望⋯,0,0,0.21408225214839263
饼不值这个价钱，粥也做的不咋样,0,0,0.21371592540209186
卷饼一直不错，可是那粥实在是太差了。比稀饭还不如，以后还是不要卖粥了吧，拉低了菜品质量。,0,0,0.21314272765159697
比别人先定还比别人后到是什么原因？,0,0,0.21290208137760266
菜量太少，味道还可以,0,0,0.21282438489874592
送的确实有点慢，味道也一般吧，快递还不能送上楼,0,0,0.21274443111769303
迟到80多分钟,0,0,0.2126524772288006
"实在是等的时间太长太长了，送餐员也不容易，说电动车爆胎了。。。我也很无奈哇~,菜品味道还可以吧，有点儿咸，我喝了一下午的水。。。",0,0,0.21169022077718347
辛苦送餐小哥了！菜量太小了~100多块钱都没有吃饱，鸭血小的都找不到，总之不值~,0,0,0.21146875231200699
"农家小炒肉,有一点辣了。",1,0,0.21134370869390656
当时收餐时没检查，第二天早上发现红丝绒蛋糕没给。,0,0,0.21125279665333432
虽然时间比较长，但是可以理解，(⊙o⊙)…,1,0,0.21104036568220227
点的馒头片没有送…希望下次能补上…,0,0,0.21099716158365048
全他妈辣椒，真坑，大家不要定,0,0,0.2108376959949152
味道不错，但是送餐第一次十一点45送的，我们定了4份，只送了一份，剩下的三份是12点10分送的,0,0,0.21030436448594453
鸡块里一半是鸡脖子……,0,0,0.21024971542660495
不好吃，包子还不熟，都硬邦邦的,0,0,0.2094854323219448
我还以为是小块排骨，没想到都是肉末，看着就没胃口了。这是我对小渝府唯一一道不满意的菜！,0,0,0.2093554416925536
"之前吃过很多次,不知道为什么今天是生的,吃一口只能丢掉",0,0,0.2091212157778897
鸭子实在太肥,0,0,0.20894940538222312
菜挺好的，就是太慢，一个多小时才到,1,0,0.20894371038388862
恶意点确认，菜未送到，提前点击确认。,0,0,0.20884679517044863
服务态度还不错，但是今天送货速度太慢了，都饿得发晕了。,0,0,0.20862793300108384
第一次尝试，不好吃，没有鳕鱼好吃,0,0,0.20822548449201841
"哎，过了12点订送的就很慢了。。。差点把我饿死。。。不过看在送饭的是个妹子的份上还是好评吧-,-。。。",1,0,0.20800924246648556
还可以吧，和平时差不多,1,0,0.20798324053897466
豆腐脑给我换成了水果，没有提前通知，,0,0,0.20796744684196913
涨价了，越来越不值得,0,0,0.2078354469003316
要双面煎熟的鸡蛋结果备注不管用。,0,0,0.2074954807010362
速度超慢，饮料没送,0,0,0.20729189799164646
麻酱两块钱，给了一瓶盖子量！地瓜片是生的！超级大差评，说的微辣，一打开全是辣油,0,0,0.20714163153156903
一共吃到一小条牛肉丝儿，吃完胃疼不行,0,0,0.20670491943153968
"给送错杯大小,实在不应该！",0,0,0.20611931947995113
不是现做的没事，至少您也热一下吧。,0,0,0.20607546772126706
饺子是生的，青椒是生的,0,0,0.20563197618330553
粥里面有皮蛋的蛋壳，不干净,0,0,0.20555973350954954
泡馍咸的发苦,0,0,0.20550972269164575
我吃出来一个钢丝球上的一个丝,1,0,0.20507309006697674
皮蛋瘦肉粥点了两份送了一份。撒的袋子里都是。,0,0,0.20445843444689082
才发现没有送小果粒橙,0,0,0.2044301879485342
配送时间过长，主要离得很近～,0,0,0.20434646505003645
"大份才半盒,我也是服了",0,0,0.2040426384826516
"我真服了,呵",0,0,0.204035443873676
送的粥都酸了，你们是昨天前天的粥没卖出去么？这也能往外卖，要是这样子谁还来买？,0,0,0.20401790432337802
味道不错。菜比较少。最重要的是！！！有一根米线里面有一个小虫子！！！如果米线是卖家自己做的麻烦注意下卫生好嘛！如果是进货买来的，麻烦挑家干净的吧！,0,0,0.2039890302198947
可以早上点餐，中午吃。100分钟的送餐速度，让人叹为观止呀！,0,0,0.2039017678626307
量小，送的慢！量超小！送的超慢！,0,0,0.2038220266867281
不开发票！少3个包子！！,0,0,0.20381379069387162
少送了一碗南瓜粥，发现了第一时间打客服，客服说给我反应，然后再无联系。粥不贵，饼也不错～但是服务太无语！,0,0,0.20270289148821075
送的还算快，但是肥肉太多，吃得有点恶心。皮蛋瘦肉粥一般般。总体一般般。,0,0,0.2022088143360402
每次都有状况，丢餐，厨房漏电，不知道还能有什么花样,0,0,0.20211355188482616
没有年前分量多了,0,0,0.20202758157121897
豆浆没有送，希望下次检查好再派送,1,0,0.20196709211578043
饭凉了，咋吃啊？还是本来就是剩饭？,0,0,0.20187713758251657
小炒牛肉那几个热门的菜一开始做的特别好，赞过好几次，后来就越来越差，最近的两次直接上猪肉了，炒包菜干辣椒生的，菜叶是烂的，拍照给客服，客服说炒菜煮过头了，没错！说的是煮这个字！而且餐厅电话打不通，一路折腾。,0,0,0.20160935502148838
代金券和满20减6有冲突么，也不说一声,0,0,0.20155796551462854
2小时啊，可怕极了,0,0,0.20155028630358393
没送王老吉,1,0,0.2003378404941981
距离饭店就200米的路程，点了个外卖，晚到40分钟。,0,0,0.20026717224358323
没见过这么小的九寸披萨。量了一下。22厘米。跟6寸有什么区别,0,0,0.20000275326779415
居然没给我南瓜粥！居然我昨天忙工作，忘记自己点了南瓜粥！还我的6块钱！只给我拿了卷饼！,0,0,0.1996926007970621
"基本都是肥肉，大概5~6片。有点咸，卤蛋就是乡巴佬袋装的，开始还以为是他们自己做的。,总体来说,很一般",0,0,0.1996750353214312
商家包装质量太差，汤都没法喝。配送人员服务态度好,0,0,0.19942533451158145
素菜做的跟剩菜一样，不如上次好吃了！请及时改善,0,0,0.1989609910281317
粉味道还可以，但是猪手居然是臭的，尼玛，臭的！皮还咬不动，能有点职业操守么,0,0,0.1985723316245805
如果是辣的应该标明，牛肉蔬菜卷快辣死我了,0,0,0.19839920479150955
饺子到了都烂了,0,0,0.19829594348968696
蛋黄酱真心酸,0,0,0.19829252694875407
快递员没送到最终目的地,0,0,0.19818162133539466
80多分钟送到，大号卷饼里全是肉，没有菜。。装粥的饭盒边上都是碎塑料片。,0,0,0.19790641964203756
煎饼味道一般，没觉得有多好，也许是期望值高了。,1,0,0.1978740128733347
大酱汤全撒了！饭里，就连芥末里都是……一口没喝上……快递小哥递到手就走了……,0,0,0.19779731049598417
"状元粥没什么内容,偏咸",0,0,0.19748322010085584
太腻了，口感不如西少爷,0,0,0.1972778631690504
"外卖找不到地址就算了,粥全撒了,都不想要了,麻烦下次请送餐的服务态度好点行么",0,0,0.19698475630036824
少一份肉末酸豆角，因为上次少个卤蛋，这次多给了个卤蛋,1,0,0.1968729037933398
感觉汉堡时间有点长了，外卖品质就是没有堂食的好,0,0,0.1966242084972025
我的豆浆没给啊,0,0,0.19584630719645338
"基本没羊肉,备注都不看的嘛,⋯⋯,全是香菜,⋯⋯,我过敏啊！",0,0,0.1956955503704365
每次送来的筷子都有问题……不是发霉就是有味……,0,0,0.1955447319058645
"送餐员不分东南西北,还说我不认识路",0,0,0.19529887231073909
菜不错，但送的实在太慢了……,1,0,0.1951523520591173
"慢,没餐具",0,0,0.1949168226435814
分量有点少，鸡腿肉不好吃，八宝菜原来是咸菜。。。,1,0,0.19490806165212823
少一个卤蛋,0,0,0.19479139376382357
单加的青菜里有根头发,0,0,0.19476697097717657
时间挺好的，但是这次的饭菜不好吃，我很少挑的，很少剩菜，但是这次这个蘑菇炒的实在是不好吃...,0,0,0.1937030739798062
有点淡，实在量太小了,0,0,0.19356212835452208
拌饭酱放的太多。难吃。建议这个酱可以做出小包装，客人自己加放。,0,0,0.19333216806977488
今天的菜感觉都是剩菜呢,0,0,0.1927663921082269
时间倒是没什么，就是不太好吃。。。估计外卖到的东西不热了，味道就差了,0,0,0.19260639271256058
迟到了30分钟,0,0,0.19255625503937027
"快递小哥太能绕了,一小时才到,打了无数电话,炸鸡都不脆了",0,0,0.1924141849985444
不好吃，太油腻、有些干！,0,0,0.19238054875218794
"我备注的醋跟辣椒,辣椒又没有,现在辣椒卖的很贵吗？,为什么每次都没有,送的挺快的,牛肉的饺子没什么味道,以后还是点猪肉的好了",0,0,0.1916890654396728
备注不要辣椒，还是放了辣椒，所以放弃当吃货的机会,0,0,0.1915932718498709
1点多才送，饭真没以前好吃了,0,0,0.1914918816273461
明明还没做，骗我说送出来了,0,0,0.19141901015907797
餐送错了，给别人吃了,0,0,0.19116520430503925
app订餐都显示制作中了，电话说要收30块钱车费，百度外卖减8块的活动也不参与。不参与就别跟百度外卖合作啊,0,0,0.19115549981702518
备注了要全麦面包，结果还是白面包。百度外卖的送餐员真的很烂，不是第一次无视客户的要求，点餐的时候多说一句话就这么难么,0,0,0.19060675077702785
速度啊，要快点，都快被你们饿死了,0,0,0.1904156500219839
"如果不是减8元的活动不值得买了。17的定价你们对得起么,味道还行。12元比较合适，14，5元要加饮料了。",0,0,0.19039419099495308
"有虫子,在外面,哎",0,0,0.19015246732653296
"正面：卷饼味道确实不错；,负面：送餐很慢，订单标注需要送到房间，外卖员非常不耐烦，上来之后竟然还骂骂咧咧，非常恶劣，以后再也不定了，也不会推荐楼上其他人订。",0,0,0.18998906109857772
不好，不是百度配送，非常慢！等你们是百度配送再说吧！告诉身边经常用百度外卖的人了，你家非常非常非常慢！！！,0,0,0.1899484263041908
送餐挺快的。就是太难吃了……米饭特别多…几乎没有菜……,0,0,0.18988513820508426
经常在这里定！今天是比较差的一次！定了毛豆送来花生！经常定肉末茄子…这次菜量相比之前有少啦！质量也比以前差啦！还不如盖饭王餐厅和摩西餐厅,0,0,0.18985959452373272
可惜不能更改杯型，又所有订单也不齐全,1,0,0.18968070257097416
鳕鱼少了两块，每次都是五块,0,0,0.18926560694647238
时间有点长送餐，菜还可以，饭量少而且有点儿硬,0,0,0.18828815350372255
"口味能再重一点吗？大料不用钱买？不喝三杯水,我是吃不下去的",0,0,0.1880543796596687
还是不要用百度配送的了，餐都弄洒了。,0,0,0.1878579792006521
送餐服务有待提高！！！味道不用说！晚了半小时！,0,0,0.18783979208579088
没给绿豆沙,0,0,0.18777744474977132
不好吃，还是他家米线地道,0,0,0.1875627868366278
优惠结束了。。,0,0,0.18717923877671805
还好吧，披萨不会再要这个了，可以试试其它的,1,0,0.1870298064400382
量实在太少。。。吃不饱,0,0,0.1867251566996813
"我要的是酱香,这个是辣的,不是酱香的那辣",0,0,0.18645930409048747
没送上楼，说保安不让，但其他人的都可以,0,0,0.18622848398049224
送外卖的态度差,0,0,0.18620142198968698
量少，但是女生一个人吃还行。快递还还行吧，但是等的时间很长,0,0,0.18607502192884595
"送餐员棒棒哒！,不过商家很恶心，明明点的京酱肉丝，送来的单子里写的也是京酱肉丝，但是盒子里装的却是一个狮子头，包装是大鸭梨的袋子直接包好的，打电话还不认。整个意思是送餐员换了或客户没事找事。真是太会做生意了。",0,0,0.18601084365241205
外卖的菜品质量实在无法接受,0,0,0.1859025435397836
恶心没rou,0,0,0.1855522763632793
"吃到了不说,饺子拿上来就是冰的！！！完全冰冰凉！",0,0,0.18542808053318355
"菜什么的是挺好吃的,但是10点20订的餐,12点40多到,伤不起,已经好几次这样了,忍无可忍了",0,0,0.1853694351444878
找不到地方就不用送了。,0,0,0.18515875473436508
每次好像选了要发票，总是给自动取消,0,0,0.18492604866282236
面条都烂了,0,0,0.18468335564431537
极少喝星巴克，但每次点都觉得产品质量和口感上不如意。如果是本着“反正是卖给有钱没品位的人喝的话”那不过是一个三流街店罢了。,0,0,0.18435930227720604
很久未送达，主动联系外卖员，发现其送错地址。订单却显示已经送达。很不满意！,0,0,0.1841660821454946
点的中辣，送来的次次都是微辣，服了，难道每次都会看错么？,0,0,0.18388294013002687
你们家是卖盐的么，把菜弄那么咸？,0,0,0.18346996672732738
菜撒了一半，多用个塑料袋装弄结实点儿没多费劲吧,0,0,0.1834265611120189
除了鸡腿吃完了豆皮和面全吃两口扔了。,0,0,0.1829058803924388
汤里有虫子，此生不买第二回,0,0,0.18288731175374934
比餐馆用餐少点，而且面条种类不算，只有一种,0,0,0.18245117348903553
为什么感觉肉臭臭的…感觉整个人都不太好…,0,0,0.18200221684219325
今天定的这个纯素的口味不太好，里头放了豆瓣酱还是什么的太浓了，有点发苦。。送餐时间太长，一共用了1个半小时多。皮蛋粥还不错。,0,0,0.1816602967341656
好多肥肉。。肯定不是肘子肉！,0,0,0.18142403775629082
冷面兜黏糊了,0,0,0.1814047374824942
少给我个爽口菜。打电话一直占线。今天给你扣5元，爽口菜钱,0,0,0.1813978374650555
迟到20分钟,0,0,0.18124174763215115
不在范围了，烦,0,0,0.18123584280808802
米饭太黏，跟盖饭似的，只不过多了点蔬菜，不好吃。还吃乖乖吃卷饼吧！,0,0,0.18096244674313597
大盘鸡的鸡肉是粉红色的，太怪异了，感觉像是被染了色,0,0,0.1808557464751898
说得再好也是虚的，只有自己吃了才知道。,1,0,0.18084191456711624
"可以用垃圾来形容了，能把土豆丝做的这么难吃,厨师也是很不容易啊！",0,0,0.18078903188873502
"麻辣烫特次,份量特少,就一点菜,其余全是粉条,配送时间慢",0,0,0.18055575538672006
不好吃好吗！！粥都冷了！！饼是微波炉加热了吧特别干！！,0,0,0.1799351605022934
凉皮里配的面筋已经有异味了,0,0,0.1798814808585373
买来跟小孩一起吃，结果都拉肚子了，包装这么好，卫生差管什么用！！！如果小孩有问题，我一定找你们算账,0,0,0.17979879039591137
写的下单满赠送饮料的，可是没有送，跟配送员说明了情况，他说下次订饭时写上欠饮料一瓶！,0,0,0.1797734158308768
"头一回遇到米饭装半碗的，现在米饭这么值钱了么,=￣ω￣=",0,0,0.17957551649805495
"肯德基,都是一样的,没什么区别",1,0,0.179572596230341
送餐很慢啊,0,0,0.17938404511953263
"“喂，你的外卖我在门口赶紧出来”,开门之后,塞到我手里就走，定的粥压根没给，",0,0,0.17928173074599377
不好吃，凉皮味道怪怪的,0,0,0.17920370858334544
味道还不错，但是不是第一次送延误了，这次貌似还给送错了。。。等了好久饿过劲儿了已经，本来很好吃的西红柿鸡蛋都凉了。。。送饭过来的时候连声抱歉就给个三星吧。希望以后改进！,0,0,0.1791340246717681
糖醋里脊做成了番茄里脊，呵呵,0,0,0.17912716615757102
送餐速度慢，经常少一根肠,0,0,0.17859568359229724
米是一块一块的，粥里的南瓜也没熟，,0,0,0.17849811508538452
特别不好吃，年好酸,0,0,0.17820303934109677
送错餐了，还联系不上餐厅,0,0,0.17799965299663337
排骨汤就一块排骨,0,0,0.17794064408384924
"非常差,味道差,服务差,打电话过去服务员素质太低,没办法,素质一天教育不出来",0,0,0.17738748154809822
太淡了，也没有酱,0,0,0.1773622632087922
慢，早餐吃成午餐,0,0,0.17728672286599445
饭居然是甜的！【表示从不吃甜肉】还有股虾丑味！,0,0,0.1770637464449801
"量太少,价格够贵,差劲",0,0,0.17693886381498086
"味道一般般,不过送餐速度很快",0,0,0.17651234985184083
太sb了，要的肘子送个鸡腿,0,0,0.17645891503737052
肘子卷真的难吃啊,0,0,0.17633106313677963
外送员很赞，商家能不能仔细看订单啊！点的干拌面送来的是汤面，说了粉汤羊血要多加辣椒送来的一点儿辣没有！！,0,0,0.17589046426085633
"汤还可以,粉一般,上次在店里吃就觉得好像不熟,这次外卖还没在店里好吃",0,0,0.1758308842891203
买了两碗粥！！！只送来一碗！！怎么退钱？！！吃了这么多次了，伤心了！！退钱退钱！！,0,0,0.17491722991515057
送餐的重来不上楼,0,0,0.17484267933194447
好吃。但是送餐时间3小时,0,0,0.17483793443063925
灰常一般，快是快，我家本来离餐厅就不远，饭比凉的好一点，就算非用餐高峰期外卖做成这样……拌饭是提前拌好的也不写明，多买了一袋酱←_←,0,0,0.17467587711011964
没有按时送到啊,0,0,0.1746485374496575
店方不看菜单要求,0,0,0.17447897790807632
地三鲜，茄子里面有很多是生的,0,0,0.1743240893159587
炒米线根本没熟，还是硬的，外卖人员态度特别差,0,0,0.1743175077379594
不好吃还晚点！,0,0,0.17419986536750892
羊肉串是凉的。,0,0,0.17408201719819638
咖啡撒了些出来,0,0,0.17405328554120283
饼味道一般吧，很少的一碗粥。,1,0,0.17401749365276759
为什么麻辣子鸡要和宫保鸡丁搭配。。。全是鸡肉。。。,0,0,0.17388468630528361
饭居然是夹生的！！！,0,0,0.17347999432279612
只是没想到必胜客越来越难吃,0,0,0.17277813958788832
"超时不赔付,还洒了很多",0,0,0.17275042531844922
凉拌米线能吃吗？餐馆出新品种不试吃吗？无语！,0,0,0.17247107287034766
没给烧饼啊！落下菜了！,0,0,0.17246025175263932
送的好慢，说是店家少做了一份。。,0,0,0.17233302490484542
非常难吃，鉴定完毕，不再从此家订餐了、,0,0,0.17197397076918983
点了两份饭就给了一盒米饭，送餐小哥打电话根本不知道他在讲什么！,0,0,0.17187328804063562
订餐这么久，第一次觉得送餐服务差到极点了，哎服了！,0,0,0.17145679817943946
和想像的不一样，有点贵。,0,0,0.17145633881391553
"麻辣鸡丝凉拌面没有鸡丝,除了白面条和调味料没有任何别的了,调味也不好吃,太油了,不知道这次咋回事,及第肉松煎饼是辣的,还是传统和鸡柳的好吃",0,0,0.17127797219431182
生的，不能吃，扔掉了，配送还特慢,0,0,0.17100677322204708
太咸了，太咸了，太咸了，重要的事情说三遍！,0,0,0.1709663479974019
还没吃，送了一个小时，速度有点慢,1,0,0.17089142863683876
菜的份量跟全聚德比差了,0,0,0.1707864667370205
他们是自己的送餐员，速度且慢了，两个小时！,0,0,0.1706602102649081
服务员态度不好，,0,0,0.17064569655484818
好几个人都说量少味道不好,0,0,0.17042134641334294
配送员送来的时候洒了很多,0,0,0.17032553921219634
答应下午来给我送发票，人呢,0,0,0.17006539317050207
一瓶山楂秋梨汁居然只给一小碗，顶多200ml！,0,0,0.16933116266614665
不是鳕鱼，骗子！,0,0,0.16908381222269597
我的卤蛋没给。已经不是第一次少给东西了,0,0,0.1689505675614827
各方面都不如之前了,0,0,0.16878775943551322
吃的我晚上呕吐到11点。肯定有问题。,0,0,0.1686041646884874
等到花都谢了，送餐员还要求我快点取餐，真是奇葩了！,0,0,0.16857697761320387
送饭晚了20分钟。菜的质量很差,0,0,0.16851297410851931
勺子碎了。这次时间有点长。,0,0,0.16832117171690092
小鸡炖蘑菇很咸，扔了一多半,0,0,0.16809032521509
"京酱肉丝,居然没有葱丝，真恶心！！！！！！！！,恶心！！！！！",0,0,0.168055730258661
都上班了才送来,1,0,0.16792344570947929
卷饼不错，但等了两个小时，什么情况,0,0,0.16725535408477887
真心的慢啊，彻底无语，彻底失望了,0,0,0.16722662547662762
今天菜太咸，连着定了3天吃，一天比一天难吃。,0,0,0.167153735141435
今天送餐迟到40多分钟，晕菜,0,0,0.1670788617114188
等了140分钟才到…卷饼也不知是凉了还是别的原因，味道很差,0,0,0.16668671348820105
饭盒还没小盒八喜盒大，根本不够吃,0,0,0.16664106913030846
记得点了萝卜片，可是吃的时候没有吃到！,1,0,0.16643322161431492
菜品质量先不说，还没吃。十一点零六下单，十二点四十收到，外卖师傅说，单太多，知道吧？真牛，我是不是还得给你磕个头说谢谢你排除万难送到啊，百度外卖投诉真心打不通，行，到这吧,0,0,0.16624443578800355
以前几乎天天吃，现在调料什么都不放，,0,0,0.16550444498496525
"每次酸奶都不给我带吸管,心好累",0,0,0.16547292491786053
分量少，不好吃，定了好几份，同事都说不好吃,0,0,0.16531807165017962
由于是非工作日，菜品有变化，少了，但送餐人员有解释并表示歉意。,0,0,0.165271119407264
比预定时间晚了半小时,0,0,0.16524372751446553
回锅肉肉给的多但超级干所以不好吃，送餐不给餐具,0,0,0.16497853194864678
"送的确实有点晚了,等了一个多小时,但外卖小哥特意打电话说明了,送来的时候饭也是热的,依旧给好评",0,0,0.16489138133604708
"冰糖雪梨粥,连米都没有,就是个甜汤,凉拌木耳里面怎么还有一根黄瓜丝,一根豆腐丝",0,0,0.1648585384109925
"点了海带丝没货,双拼饭超级难吃",0,0,0.1646147394421653
没有按要求做，有豆芽和海带。,0,0,0.16459773621204804
"太差了！配送员把饭都撒包装袋里了,还好意思收配送费,无语了",0,0,0.16447826893424614
油里泡出来的，肉段硬的跟柴火似的。差评。,0,0,0.16446917578839534
"少送一份拌海带丝，,补送或者退掉都可以。",0,0,0.1642868386367471
送餐者态度极其不好！！！！,0,0,0.163986131313873
漏送了，最后补送了。皮蛋粥真心有些不好。,0,0,0.16377621269224305
餐送到楼下需要自取，我还不如下楼吃去。下次不光顾了,0,0,0.16348595905799798
鸡丝凉面太太太难吃啦,0,0,0.16298378262676697
特殊要求写了砂锅豆腐不放海米，最后还是放了,0,0,0.16257081051518363
"根本就没吃,一肚子气,送的醋洒的哪儿都是,要是不能保证醋不洒就干脆别送,打包袋里全是醋,一股酸味,粥都他妈有醋味,还怎么吃？打包时候上点心,配送没毛病,外送师傅人不错",0,0,0.16220942605822067
只有一块菠萝,0,0,0.16203153556418168
"锅包肉太甜了。松仁玉米水太多了,感觉没几个松子",0,0,0.16194004200610923
炒饭不好吃，鲜花饼还行，穿心莲还行,0,0,0.16175385490034425
"灌汤酥肉套餐,也许是我的味蕾坏了",0,0,0.1616805362499956
一份蝉蛹，八只，太少了吧，好晕啊,0,0,0.16144674662483546
东北乱炖不是正宗的，而且油特大，只能吃半盒其余的全扔了,0,0,0.16114942987173195
竟然没给餐巾纸，醉了,0,0,0.16097865126236094
等了好久好久好久。。。,0,0,0.16073754664132733
汉堡超小，跟烧饼似的，以前在店里吃的都觉得量很足所以才点的，没想到外卖差这么多。。。千万别买真的好小。。。,0,0,0.1606955737848639
慢的跟龟一样,0,0,0.160618418487304
送餐用了82分钟，收到已经变成一坨了，百度服务去屎吧！,0,0,0.1604124852440245
人还没到就叫我下来，骗我说自己到了。,0,0,0.16017624753851498
我10:33下单完成，送达时间是13:22！差11分钟就三个小时！宇宙速度！,0,0,0.1600160224819501
根本不在配送范围，送餐不成功,0,0,0.15999331960078167
根本不是肘子肉。。。,0,0,0.15969250368595173
"如果不看备注,那设置备注栏还有什么意义",0,0,0.15964958651163502
配送速度超级慢慢！配送人员还埋怨地址不好找！关东煮不好吃也不划算,0,0,0.15962383451733136
送来的肉丝炒饼是凉的商家的价格不同,0,0,0.1596082204723113
难吃，不值这个价格,0,0,0.1595961351661521
"送餐慢了,可乐都快撒一半了",0,0,0.15942792174642012
鸡腿饭一般，和想象中差距挺大，不是很推荐,0,0,0.1593945112946237
挺快，饭一般，全是油,0,0,0.15930152346169255
肥肉太多...,0,0,0.15892806830654208
过完春节第一次用百度外卖，下单时写了凉皮不要辣结果放了辣椒，点了两份食物给了一双筷子，这外卖送的，除了涨价了没什么区别,0,0,0.15883780484128573
哎，要的不辣的，结果送来的超辣,0,0,0.1580023836297881
汉堡王的东西真的不好吃。。。为送餐大哥点赞,0,0,0.15788878258349706
不好吃，还慢,0,0,0.15771283603330488
"放屁39分钟送达,不到1点下订单2点才吃上,百度的智商,卧槽了",0,0,0.15757657094467376
味道很一般…,0,0,0.15756193284462927
这个饭不好吃，饮料真的太不好喝了，蛋挞是凑单的，尚可,0,0,0.15725070852669906
"送的太慢,由于太饿也不知味道如何,全五分。向同样等待的人们,致敬",1,0,0.15724905409637444
建议厨师烤几串肉筋自己尝尝看，看你能嚼的动么。这种边角料肉也能拿出来烤着给人吃？我真怀疑如果有人在店里点了肉筋，发现是边角料肉，不会砸场子？,0,0,0.15723657656590537
SB，告诉你不要辣椒还放，艹，爷感冒了，泥马的,0,0,0.15713884405667128
炸酱面沱了，没饭吃了,0,0,0.15704462869438007
味道不怎么样，点了4个菜感觉就红烧牛腩好吃点,0,0,0.15690796539667606
味道不怎么玩,0,0,0.15676128356090233
撒的到处是。摩卡只有半杯了。,0,0,0.15655247336555597
没按要求加浓缩，咖啡还洒的乱七八糟……,0,0,0.15650298389105274
没有拿点餐详单，本来要咱一起开发票的！,0,0,0.156486089430728
每次都不看备注吗？说了去冰！还带冰！,0,0,0.15644581121696943
要了腊八蒜，没给,0,0,0.15633589574145015
送过来的时候汤全洒了,0,0,0.15632983461913505
"菜里有花椒,，而且又吃到,塑料线了。。。。。。。。",0,0,0.1561249837767621
下午拉肚子了,0,0,0.15611707943131992
面条就几根、即使小份也不会那么少吧、出餐还那么慢,0,0,0.156110986171983
超级不好吃。。。,0,0,0.1558523068483288
等了五十分钟，受不了的龟速,0,0,0.15584746042537523
肉还没在微波炉里打热就送来了，还粘在一起呢。东西也确实不好吃…,0,0,0.1556075304932433
"漏给了,2个半小时之后才拿到外卖,百度外卖真心渣",0,0,0.1555887938574945
量少的可怜！味道也不怎样。集体说以后可以不考虑吃,0,0,0.1553847440199616
送餐慢，还找不到地方。第二次了,0,0,0.15536292998726708
非常慢，其中催单也没人理会,0,0,0.15529874613701075
没有赠送，250ml统一多彩饮料（软装）1份,0,0,0.15529336648066286
送早了，米粉成坨坨了。。。,0,0,0.15514172536501197
筷子打开都是发霉的黑点，山药还是发生的都不熟,0,0,0.15511024415711966
过桥米线，订单搞错成番茄米线，黑暗料理!,0,0,0.15503239034000546
看到不贵，结果超级少，超级不好吃，再也不定了,0,0,0.1549210481729519
手机停机了！我还以为是送餐太迟。。。。都是我的错。。最后托同学带上来了。抱歉抱歉,1,0,0.15476358410223814
"为何没有发票,为何不开发票",1,0,0.15458347477346884
慢！！！提前订也白搭,0,0,0.15415798855590684
根本不是肘子肉，只是些瘦肉加肥肉。,0,0,0.15405099533149777
十点订餐。。。十二点十五到。。。我终于知道你们为什么吃的很香的。。。都你妹饿的,0,0,0.15400282150584066
送餐员给我打电话比较粗鲁,0,0,0.1534795987726531
"中分饼根本吃不饱，何况不好吃……,送餐太慢……",0,0,0.1533573595876959
面竟然一点辣椒都没有，那还叫面吗，，，，晕死了,0,0,0.1532883826100264
慢，没带餐具，饭到我这就是快凉了,0,0,0.15296761098032471
1小时45分钟送达,0,0,0.15281836915708427
少收一家钱就直说.还尼玛说都没给钱.放下东西就走了.你当人都是傻逼呢是么.现在百度外卖真心不能用了.要么给假钱.现在又想多收钱.你是没见过钱么.,0,0,0.1525829082346344
要了俩卤蛋，送来才一个,0,0,0.15244679972902558
点这家三次了，每次都把东西洒出来，让人怎么吃呢！,0,0,0.15227653617413117
为什么我的酸辣粉辣么辣,0,0,0.15217356262638004
是我吃过的最难吃的鸡肉,0,0,0.15209826577369012
比预计送餐时间晚了40分钟，餐食也凉了，吃的不舒服。关键是师傅送的第一单地址离我这儿很近只有几百米，但是他选择无视，直接略过，在望京兜了一大圈直到我和客服联系催餐之后才送来。知道中午订单多，送餐师傅辛苦。但是合理规划路径很重要啊！！！,0,0,0.15204645004230072
没勺没筷子怎么吃,0,0,0.15148015006079876
发错单了！我吃了两份韭菜的！！！,0,0,0.15142129215355615
鸡肉不好吃，多弄点肘子，不多说,1,0,0.1512032263758634
速度快、质量差的很、我要九块原味鸡、四块一样的、你他妈的脑袋有问题吧、告诉我看见就恶心、9⃣️块都是差不多一样的、所以说你们有神经病,0,0,0.15074190519440217
今天米饭夹生.,0,0,0.15066476496307896
服了！看评论挺好才订的，鱼香肉丝盖饭里吃出个鸭嘴骨头，饭特别硬，凉菜味道还不错，结果吃出草叶来，还不止一个样式的！我特别想知道你们家做菜之前都不清洗的么？好好的一顿饭恶心死了！也不知道是我运气不好还是菜做的比较马虎！,0,0,0.1502251935729705
还好吧就是这个时间啊！两个半小时！也就1.5公里距离！这个时间1我走着来回两次都够了,1,0,0.15000256239933624
没有放辣椒，吃着不是很爽,1,0,0.14994725689484448
打开煎饼就看见一根头发；定的豆浆给的却是可乐；希望5:30送达，5点就到了。应该不会再吃了。,0,0,0.1499116752387711
好久没吃到这么难吃的香锅了。,0,0,0.1498349170398158
荤劲十足牛堡和小皇堡一样小，太小了。。不值。,0,0,0.14959717920687876
感觉现在越来越不好吃了！,0,0,0.1492177562847963
这是我吃过最难吃的石锅拌饭了，真不知道说好吃的都是什么味觉，非常客观的评价，希望你看到能换家餐厅！,0,0,0.1491153026858746
订的11:45的餐，结果11:30就到了。最主要是两份饺子没有料，连筷子也没有，建议店主改进下。另外，扁豆丝盖饭味道有点甜，不太好吃,0,0,0.1487361458596746
"点的薯条全都撒了,装餐的工作人员怎么放的。。。",0,0,0.1486928979115644
迟到40分钟,0,0,0.14856530010934957
饭太少。。,0,0,0.1485548540212617
卷饼味道很一般，完全不是老北京的大饼卷肘子的味道，感觉就是卷了一盘炒菜，粥还行。,0,0,0.1482422409164246
米饭还收餐盒费，哎，你们商家，真应该考虑一下，把菜品做好的同时，也把这些能省的省掉。,0,0,0.14806113618001043
买的饼和粥！！！粥居然不给送！！没见过这样的！,0,0,0.14792950756520493
又少给了烤肠无语,0,0,0.14780661133544082
板筋也太少了.一串就四片.一片的边长不到三厘米。,0,0,0.14779712542267961
米饭好像不是新鲜,0,0,0.14777275993373803
饭不错，送餐太慢了！收了6元送餐费，晚了半个小时！,0,0,0.14767466243992397
等了两个小时，都不容易，算了,0,0,0.1470227560056065
两个小时之久？且不说味道，就这速度受不鸟,0,0,0.14697860055616366
我叫外卖是因为我出不去，我周末上班，不上班谁叫外卖让我下去取餐！您还能再逗点么,0,0,0.14689750467511126
买的汉堡买错了！,0,0,0.1468144328446295
"11:35下单'14:20送到,想吃的自己掂量掂量时间！",0,0,0.14673181161787327
按错了，还没有送到,0,0,0.14634324726074233
送的超级慢，竟然还让我去楼下拿，从来没遇到这样的,0,0,0.14630606955629163
"为什么,家常土豆丝,吃起来感觉一嘴沙子啊,里面放了什么东西,不对味啊。,土豆没洗吗!",0,0,0.14628253871250135
量太少，少的可怜，如有改进会继续订餐,0,0,0.14589583954083124
明明点的猪手却给送的排骨，差的钱谁补？,0,0,0.1458425539258455
菜太少了吧,0,0,0.14575982713161034
吃出来了头发丝呵呵呵呵,0,0,0.1457178752788536
"太差,一点都不好吃,送餐特别慢",0,0,0.14563616436382998
都送错了，点的两个十元的土豆肉丝饼，结果送来俩八块的青椒土豆饼～送餐的还可屌了，看着就像小混混～,0,0,0.14535074682273944
百度大哥先是找不到地点，找到说多给了几块钱的发票，我一核对，是少给了发票，还好意思跟我要好评，我也是醉了，醉了，醉了,0,0,0.14532764745149196
没给我餐具！！！,0,0,0.14529901702429154
"红豆粥糊了,是煮糊的粥全部用来送外卖吗,西兰花没味,不好吃",0,0,0.14527104555650025
吗的百度外卖快倒闭吧，草泥马的每次都要两个多小时。冰粥都热啦,0,0,0.14525318029487524
"拿来盒子看着非常大,其实饭就一口,三口两口就吃没了。我要的五花肉石锅。肉片加起来不超过三片什么嘭嘭脆红薯,明明是软绵绵红薯",0,0,0.14480192423907381
根本就没送,0,0,0.1447397488323617
送餐那么慢，为什么每种食物味道都怪怪的，冰豆浆是馊的吗？难喝极了,0,0,0.1446862354560706
感觉卷饼好像忘了放酱，特别干，一点水分没有，里面也不是肘子肉，更像是猪瘦肉，不好吃,0,0,0.14440148284150178
不送饮料了。,0,0,0.14426456340504357
肥牛根本不是肥牛，干巴巴的,0,0,0.14413109157269594
"慢的不行,就是慢,绝对不黑,贼难吃,等了将近2小时,好吃也行啊",0,0,0.144068773177392
朋友说今天的菜不新鲜还吃出了头发,0,0,0.1439669537620348
"不好吃，没有店里好吃。,后悔死了",0,0,0.14390493232662932
光觉得辣了，绿豆沙也比较一般,0,0,0.1436349036261229
"一定不要点炒面,2小时终于坨成了石头",0,0,0.14362352909758383
点的菜都送错了，点的小炒肉，送的鱼香肉丝，,0,0,0.1436211753863184
饭量少不说，还不给筷子，手抓饭都好几回了！,0,0,0.1432825562357864
时间一长特别不好吃,0,0,0.1428700278033451
送来时饭已经凉了，希望下次改进,0,0,0.14272802584763233
凉皮吃不惯，送餐一般,0,0,0.1425272610033783
"饼是馊的,肉是臭的,还能在恶心点吗？,在百度订餐,头一次碰到这样的",0,0,0.1422701061695119
送餐速度不错，食材太差，吃完嘴发麻，头晕晕的。以后再也不会吃了,0,0,0.14215355771048938
慢，饭还可以,0,0,0.14197230285388113
95分钟才送达，送达已不能吃，客服态度之差简直了,0,0,0.14195626844520262
里面竟然有大片肥肉皮，说好的鸡肉卷啊。。。,0,0,0.14178848093090196
豆角煸老了，咬不动,0,0,0.14178017187938846
"送饭的人都是脑残吗,能不能找个智商高点的来",0,0,0.14160434702347943
火腿鸡蛋饼，看到鸡蛋了，没看到火腿在哪？,0,0,0.14153433906696622
我去，点了藕片，里面压根就没有好么？,0,0,0.14153107686456762
少给了一根烤肠要的两根只给了一根,0,0,0.141417438763194
"点的汤。,没有汤勺,。。。。。",0,0,0.14141510912488114
豆腐丝里吃出苍蝇，啥也不想说了,0,0,0.14135412767772096
慢，多远的距离，那么长时间,0,0,0.14131624349834468
"东西不错,就是送餐时少给了两个煎饼,结果又等了一个小时才来的,同事已饿晕",0,0,0.14117676295718873
皮蛋瘦肉粥和汇源果汁没送，投诉了也没用哈，然后让我跑18层楼下去拿外卖，是你送还是我送？要不剩下的我都帮你送了吧！,0,0,0.14084695821811433
送餐员极其粗鲁，没礼貌，差评,0,0,0.14075635296508993
很生气！我在备注上写着不要香菜！结果里面一大坨！套餐里的青菜一大坨香菜！气死我了！还让不让吃！,0,0,0.14059234549782626
"咸,不新鲜,少",0,0,0.14037470549405356
建议给备注写多加米饭的多给米饭。,0,0,0.1403723060711264
首先送餐速度奇慢~~催了2次，再次送餐人员态度差~还有菜的质量不太好~,0,0,0.14036340286525914
"虽然百度团购便宜，但是真的不差几块钱！经常定各种外面，头一次是自己下楼取餐，那既然出门了就不如饭店吃了，为什么要定外卖？,出门取餐前还以为配送餐多，不方便上楼，自己就从六楼下去了，结果就我这一份外买，第一次经历这样的外卖。不省心不省时不省力，不知道店家是怎样理解外卖的宗旨的。",0,0,0.14001687567555524
米饭是有味儿了的………没法吃……扔掉了………,0,0,0.1398780766494061
送餐服务真心不敢说，太差了,0,0,0.13984335073440735
"吃出来一根头发丝,太恶心了,卷饼太油,都漏出来了",0,0,0.13983160603577646
羊腿肉硬的和皮鞋底一样，咬不动，扔掉了，莲藕比什么都多，估计莲藕最便宜了,0,0,0.13954881270846128
太久了！河粉汤全都被吸收了！坨了呢！不开心=_=,0,0,0.13944743583724958
漏发一份披萨，筷子没给，幸好自己有多余的，不然怎么吃，整体心情超差,0,0,0.13895556310041532
饺子没有煮熟。,0,0,0.13881522468713284
备注已说明，没有配带醋。,0,0,0.13873968128336508
东西少，送餐慢,0,0,0.13873394018945737
宫保鸡丁没有花生,0,0,0.1385433453441254
餐还没送到就完成订单了，还等半天自己下去拿。这次太不给力了,0,0,0.13844744189956734
尖椒土豆卷，全是土豆丝，大概有六七根尖椒丝，上次吃完没事，这次吃完拉肚子了，不知道是不是素拌饭的问题。,0,0,0.13842996162046808
鸭子太腻，没法吃。,0,0,0.13823026508819264
"太太太太。不说了。,饭来了。没筷子。,又等筷子20分钟。",0,0,0.13808065750767515
"没给汤,饭还有点生,不好吃",0,0,0.13806280559596554
慢的要死，一点也不好吃！死贵！,0,0,0.13776820308346616
送餐速度很慢，菜量小，菜品也太差，根本对不起这个价钱。,0,0,0.13775687569967413
真的。。。不太好吃。。。大概只吃了十分之一的样子就吃不下去了。。。以后不会再定这个米线了,0,0,0.13690193080233845
慢死了，还没个解释,0,0,0.13661352353975045
"洒了好多,手提袋上也洒的都是",0,0,0.1364412597855926
我点的是排骨油豆角，结果一块排骨都木有，有没有搞错！,0,0,0.13613860268034364
请问送到哪里去了？没收到,0,0,0.13598548895257304
送的太早，吃的时候都凉了,0,0,0.13596831929324973
"面送到的时候已经坨了,凉拌木耳洋葱实在太难吃了,红豆粥真心好喝",0,0,0.13588858966418202
又慢又不好吃。。。谁订坑谁,0,0,0.1356685044248988
口味垃圾，4元小菜真是刷新了我的人生观。辣牛肉汤就两块肉。,0,0,0.13556749954208447
给送的菜都不全，我要两份给送一份，您家倒是挺省呀？,0,0,0.13549538145932263
个人觉得很难吃，饼太厚，说好的肘子肉其实是些很糟的瘦肉丁儿，量的话2分肉8分青辣椒吧。吃完就闹肚子了=_=！,0,0,0.13535746501322277
服务太差，菜品也实在一般,0,0,0.1352400037303817
2点才送来！！,0,0,0.13517780217676578
送的太早，11点30就送来了公司没有下班！,0,0,0.13505724044047626
发票打错字了，如何报销？,0,0,0.13500805380122177
点了锅包肉和地三鲜，油油油啊！全是油，感觉在店里吃没有这么多的油啊，吃了几口实在吃不下了，太油腻！送餐速度也是偏慢，这家店离我家很近的，唉,0,0,0.13489264263911424
越来越难吃了，还是口味越来越难伺候？,0,0,0.13480753320870217
第一次使用就成这样，所有咖啡撒的到处都是！,0,0,0.13479532802639077
东西不新鲜，感觉像是放了好多天的,0,0,0.13474565494413984
面送来都成一团了。。。,0,0,0.13474185134389513
我的电话打不通，不知道为什么,0,0,0.1342979496740074
"自己吃了看吧,谁吃谁知道,跟店里吃算两个级别",0,0,0.13426254385015268
盖饭菜太少了完全无法吃下去,0,0,0.13420768279492437
"外卖骑士将近两小时送到,而且还要我下去取餐",0,0,0.13420494929090263
量少不好吃，其中葱油拌面成一坨了！,0,0,0.13398871413725663
网站上写着有发票的。送来的时候却没有。,0,0,0.13355569263321565
11点定的，一点多才送。,0,0,0.13354680535795602
没吃过这么难吃的凉皮………还不如路边摊………,0,0,0.1335077712161393
青菜太老，煮的时间太长连菜花都煮飞了！还是不要外送的好。,0,0,0.1334687835261744
菜都撒了，米都让菜汤泡了，比预计晚了20分钟，这次特别不满意,0,0,0.133318714933655
无语了，买四份豆泡来了只有一份，沟通之后就没消息了,0,0,0.13321907120635104
"11:30,的餐，下午三点才送到.,还是打百度投诉的结婚！",0,0,0.13310333739376973
慢啊，怕是慢订的人气最旺的套餐，结果还是四十多分钟到,0,0,0.13285825262307305
早知道是这样的外卖，我就不会买了,0,0,0.1328321540171757
送餐员也太厉害了，就问了句到的是不是六层怎么都不回答，之后还嚷嚷，拿了餐还在我公司门口嚷嚷。起码的尊重都没有还在给顾客这样的服务真是砸招牌,0,0,0.13273628012089572
没吃过这么难吃的东西,0,0,0.13268205305251238
根本就没送餐，还舔脸确认，垃圾,0,0,0.13267063128493056
在店里用百度外卖下的单，收了配送费，但是不送饮料～我和我的同学，我们班的同学，都不会再来了～,0,0,0.13250592553969978
"连续两天要的鱼香肉丝,但是今天一半都是青椒...很差劲",0,0,0.13225760393237768
第一订的煎饼还可以，鸡丝凉面太难吃，后来早上订的送太晚，每次都迟到，不再订了,0,0,0.13220032998466827
"虾线不挑，看着太脏,不吃苦瓜，结果里面是苦瓜炒肉,一次失败的订餐",0,0,0.1321039817043692
辣牛肉里面没有牛肉,0,0,0.13207893377498475
周末八点半的早餐都送成午餐。以后不会再定黄太吉了,0,0,0.13195605814899944
手撕包菜肉太少了…没有不辣的肉菜,1,0,0.13185427675643413
竟然是凉的！,0,0,0.13166141296946923
送货时间长，而且洒了不少。,0,0,0.1316079340452452
我现在修改一下。就在下午6点8分，我接到了小鱼府客服的电话，她通知我因为今天已经下过一次单了，所以无法再次享受减免活动。在我做出取消订单的决定之后，她说了一句，好，那你今天别吃饭了。我几乎很少给差评。但是这件事不好意思，接下来我要向百度投诉。请小鱼府注意查收,0,0,0.13160228246818997
"加了份奶油,送过来的时候奶油已经化得无影无踪了",0,0,0.13134298506736886
麻辣豆腐里的豆腐是酸的。根本没法吃,0,0,0.13132570762561663
海带炖肉里都是肥肉,0,0,0.1311559041163022
咖啡没了水果杯脏了……近三点才送来………电话没能打通送前台也行啊……反正我都在线支付过了…………,0,0,0.1310851426296473
吃了一年了一家店。现在彻底失望了。锅包肉现在像溜肉段了。味道也变了好多。还有就是这快递送来了没有筷子？问他筷子呢？结果他的意思是我把筷子吃了。百度外卖改良一下吧。,0,0,0.13103222170751538
你们就这么着吧，等着让饿了么抢生意吧，快等俩钟头了，好不容易送到了发现少一可乐，所有的东西都挤在一块，都特么挤烂了，给一星我都觉得多余凸(｀0´)凸,0,0,0.13082305074367592
粗心大意的！光送的菜。米饭可能厨师饿了吃了？？,0,0,0.13072497649122009
"菜品都是碎的,感觉煮的火候过了,不好吃",0,0,0.13061365785171378
速度太慢！配送员态度不好！车子没电！请把工作提前做好！送餐距离只有1公里！84分钟！太“神速”了！还有不能在预计的时间内送到就不要写上！,0,0,0.13048379642701466
下单写了配送时间，工作人员弄错了时间，当天就送了。真是无语了。,0,0,0.13023897762405953
"换了个煎饼,还是不好吃,豆浆这次也有些发酸...以后不会再定了",0,0,0.13021973500183012
"四喜丸子一点也不好吃,鸡蛋西红柿太咸",0,0,0.12999654684083048
果然像大家反馈的一样，饺子坨的不像样，一夹都破了！而且店家的醋也没密封好，洒了一袋…味道嘛，猪肉豆角还不错，西葫芦蒸饺不好吃。再说配送，我一直不能理解，百度配送那么慢你们是怎么有脸要五块配送费的？百度配送每次中午十一点左右点餐，都得送一个来小时，上次还有次快俩小时！你看人饿了么，官方配送最多四十分钟！不过看在满减活动给力的份上也就忍了,0,0,0.12991460374854527
晚了将近一个小时,0,0,0.12991065258146323
"点了两份,送了一份,没退款啊~",0,0,0.12975475989230764
你的肉末酸豆角里面怎么没有一丁点儿肉？？,0,0,0.12963026464750507
我吃过真难吃的没吃过这么难吃的。,0,0,0.12962108969822797
没吃过那么难吃的,0,0,0.12959129050360316
"外卖就是送到家啊,有一个小点的男生每次他送就喊到楼下拿。本来五分钟走着都到了今天竟然送了两个小时。",0,0,0.12947302023210988
送餐少送了一份，打了电话又送一次，还赠送了果醋和粽子，没多少钱的东西让人家跑了两趟也挺不好意思！,1,0,0.1294433437792307
"鸡块盒子大东西太少,冷面除了坨了味道还好",0,0,0.12940279592399356
"烤翅没熟,排骨饭是剩的吧,看着就恶心,没吃,倒了",0,0,0.12922539472450675
总是忘记给筷子勺子，而且延误了半个多小时,0,0,0.1290711996435214
菜汤全洒了出来，全是油,0,0,0.1290531661388851
太慢啦，八点半下的单，说是九点半送到。十点二十才送来。服了,0,0,0.12896323100427157
时间有点长，都这么晚了~还很忙啊~我都快饿死了,0,0,0.12852759812543027
吃了后很多人拉肚子，饭菜质量有问题，不卫生！！,0,0,0.12842383000936086
由于系统问题，订单上留的电话被搞错了，快递迟到1个小时。东西还比较可口，但少了吸管。,0,0,0.12835904743722307
昨天少给我送一个肉夹馍，9块钱没了,0,0,0.12811676799369934
我第一次吃，不敢再吃了，因为我尝了一下红烧肉感觉肉肯定时间长了有味道，即使炖的咸味也掩盖不住，狮子头也是味道不正常就是肉不是新鲜的，我们是吃东西真是不敢相信他们商家怎么这么不在乎安全卫生、我们的身体还是自己在家吃吧。,0,0,0.12805041281524016
我要的二米粥，但是送来的是南瓜粥，而且凉的都冰手，经常在你家订餐，没想到这次这样？你们不知道粥凉了？饺子是很热的，希望卖家联系我，完善售后,0,0,0.12804829496947423
好难吃啊，意大利面粗，肉酱有奇怪的味，披萨饼怎么是酸的,0,0,0.1280273536744937
难喝，再也不会买了,0,0,0.12773743554600514
一个，送的太慢了。。。。,0,0,0.1275429117406573
"不好吃,全是面",0,0,0.12733946366588547
"大酱汤和辣白菜五花肉饭蒜味真的太重了,吃着快吐了,少放点吧！桔梗特难吃。。",0,0,0.12714505426651207
汤都撒了，怎么伴着吃啊？,0,0,0.12696924000910106
"我说的不要辣，意思就是如果要加辣椒你就换成别的青菜，真是妈的辣死我了,，我有肠胃炎，不能吃辣，而且吃辣椒咳嗽。",0,0,0.12688378496136912
每次都没有番茄酱和餐巾纸烦死了,0,0,0.126859838309605
不好吃，不像厨师做的，连家常菜不如,0,0,0.12683008285104358
不怎么好吃，卷饼一点也没味，石锅饭也是，太难吃了，下次一定不会在吃,0,0,0.12678788930859938
"超级难吃，感觉上当了,实物和图片相差太远了",0,0,0.12675679453878003
扁豆焖面太油了，西葫芦锅贴更别提了，西葫芦干的好像晒了一礼拜，面皮又干，总之这次外卖实在是真的太失败了，吃了两口全扔了，实在是难以下咽,0,0,0.1267320189807139
配送超级慢，快饿死了！！！,0,0,0.1265459803543754
油泼面没熟，都是粘的，坨一大疙瘩了。,0,0,0.1264012683701338
要的是微辣的，结果送来麻辣的，不好吃,0,0,0.12634366120473112
"在店里吃的菜量很足,外送的菜量只有三分之一,下次不会再点了,建议直接去店里吃",0,0,0.12626730238830416
这次我写了我要勺子就给了我筷子，我还特地写了我需要两把勺子还是不给勺子。就不明白了，给个勺子有多难？没有勺子打电话说一声有多难？,0,0,0.1261334559302505
路远了一点（离店3公里）打电话来说需要打车费30，我认了，餐送到了后竟然加价45，人的诚信在哪里。,0,0,0.12593262809556996
超级恶心，晚了一个小时，商家电话不是正在通话中，就是接通以后无人接听，严重鄙视！！！太无良了,0,0,0.12574623456418701
酱炒蛋特别油，很难吃。压过排骨油豆角里面排骨和豆角很少，土豆最多。,0,0,0.12564929891603763
牛肉饭牛肉少的可怜！,0,0,0.12564505372735507
里面的吃的，都弄乱了，叫我怎么吃。,0,0,0.1256174389363685
宫爆鸡丁味道很差，饺子还送错了馅，我叫的三鲜，全送韭菜盒子了。因为下雨等了很久时间上就算了…但是这次购餐很不愉快。,0,0,0.1256103819515406
送餐慢，披萨巨小！还没餐具！！,0,0,0.1255456201563589
特意打电话给商家，说菜品不要放香菜，店员也应承了，结果还是放香菜了。态度有问题。,0,0,0.12546021985724626
订单满减后应该是24，送过来要收我原价39？你搞笑呐，还少听加多宝！我管你什么美食送的还是你们自己的人的！你们自己问题就要我多掏钱？有病？,0,0,0.1251127799057403
下完单才发现离自己很近，所以自提的。备注了不吃辣，结果煎饼里还是放辣椒了，这样不好。,0,0,0.12503775246348267
餐具都没有配送，哎！,0,0,0.12496179232288228
比承诺晚一小时送到,0,0,0.12485004375960837
送餐实在太慢了,0,0,0.12481762205704534
为什么我订的鸡蛋，饮料什么的老是不见了？擦,0,0,0.12460295058981485
不好吃。。。菜太少了。。。。,0,0,0.12398877124667998
差评，外婆菜没配送,0,0,0.12395740007552292
100分钟才到...其他的就不多说了,0,0,0.1237511124604528
寿司难到爆！！！寿司里面的鱼，是熟鱼的还那么腥！都是把鱼剔除，才吃得下，第一口差点吐了！！！,0,0,0.12369586397826673
哎，别的不多说了，吃了拉肚子，大家最好别定这家了。太坑了。,0,0,0.12355062794634396
海带只有平时店里量的一半不到,0,0,0.12339089256726286
烤韭菜也太少了，也没刷酱，蕨根粉的黄瓜丝切的真牛逼粗的能当筷子,0,0,0.12328779846084462
定的是超大杯拿铁，给的却是超大杯摩卡，什么情况要求更换，到现在还没回话,0,0,0.12278218291676975
菜送来了，烤肠没送来。,0,0,0.12271595330493894
为什么我先订餐，同学后二三十分钟订餐，他还能先收到，你们这个是不是搞错了,0,0,0.12241257950202955
饭还可以，但是足足等了两个小时。送餐员让路口取餐，结果我冒着雨在外面等了五分钟才过来。有史以来最差的一次送餐服务，非常无语,0,0,0.12224623762428191
订的套餐只给了一份饭，多花了六块钱啊，商家太不细心了。,0,0,0.1221430243619236
大哥，你知道你送的这是披萨吗？拖成一坨让我怎么吃？,0,0,0.12202483564953893
宫保鸡丁只剩黄瓜了，比以前垃圾多了，不再爱了,0,0,0.12171337019245806
粥的盒子都碎了，没法吃。,0,0,0.1216978594348294
一般，饭有些硬,0,0,0.12162527561122399
老炮套餐少送个江米条，店家亲自送来了，打电话给快递的时候他说他车没电手机也没电了。,1,0,0.12161695189401178
送来热巧都洒了,0,0,0.12134650299913759
"送过来的时候最底下的粥都压扁了,全洒了,送餐员也不看一眼,一坨就给我了,无力吐槽",0,0,0.12096855007880156
"慢,真心慢,真心慢,卷饼还可以,拌饭真心难吃",0,0,0.12093604052976266
没有收到货，该退款的吧,0,0,0.1209213019728596
干啥玩意吃的！餐厅都找不到还出来送！都没取餐还显示取餐了！菜品一般,0,0,0.12088041540063128
"送个餐90分钟,呵呵,竟然送餐不知道坐电梯去B2,呵呵,我自己去拿的,呵呵,没心情吃,呵呵",0,0,0.12087558367798228
我点的是拌饭。饭太少了,0,0,0.12087049527751176
好呲，但是锡纸不怎么保温的说。。。,1,0,0.12086145975872961
辣死了，辣椒不要钱吗,0,0,0.1206385978217888
油都漏出来了…而且跟之前吃的不一样，，豆芽太多了…,1,0,0.12060162109414294
点的粥都没送，给换成了饮料，之前都没和我沟通确认，服务态度一点不，再也不买了,0,0,0.12044229916396522
太离谱了，一杯咖啡十二点下单，下午一点半多送到，且杯子那个脏呀，不忍目睹，更可气的是就剩半杯了，有史以来的差评！！！,0,0,0.12040668239440853
盖饭的味道一般,1,0,0.1203957625516853
送的非常慢，被转到另一个分店，结果分店都没有送，要我电话催了才现做的。,0,0,0.12030392524392824
一个小时送到，而且没给筷子！！从来没吃过稀了巴西的布丁！不是第一次在这家订饭了，这次非常糟糕！,0,0,0.12020508738937725
"标注不要奶油还放了奶油,，饮料没有吸管",0,0,0.12012810297177696
我就见过这样的！这是外卖么！送错地方，我要的可可碎片也点错了！能退么！一星评价都不想给！,0,0,0.12000558920957864
艹尼玛的，打电话不接什么意思，耍流氓么,0,0,0.11999030729840776
纯素拌饭真心难吃,0,0,0.11992509674205717
牛肉嚼不烂，肉比较死，豆芽水煮一样，说实话真的很一般！说的事实！,0,0,0.11988481709073388
送的太慢啦，餐还没到呢订单怎么就完成啦,0,0,0.11986478116484936
"第一次定,居然是这样,少,还花27,坑爹啊,不值",0,0,0.11966824245115011
距离很近，但是饭送过来是冰凉的,0,0,0.11940724058341692
菜和米饭都很少，根本不够吃，送餐没到居然自己点已送到，真搞笑！,0,0,0.1190989738332121
筷子都不给拿，什么玩意啊！,0,0,0.1190980264911654
真心的难吃,0,0,0.11901080306676534
我买了卤蛋，没送，每次都比预期时间慢半小时,0,0,0.11900870059138126
豆腐脑都凉了，豆腐上还有一根头发！！！！！,0,0,0.11881419005653998
配送速度差评！！一次比一次慢！！一等就是一个半小时！简直让人抓狂！,0,0,0.11870708841302105
太辣了。。不会再爱了,0,0,0.11867006038653273
"粥根本没放盐,送餐服务态度差！",0,0,0.11859869689459333
我备注要的粥，结果送来的是饮料,0,0,0.11841368675856508
"很慢,肉不少,饼不好吃",0,0,0.11829144611817499
送的时间比较长，汉堡薯条都凉了,0,0,0.11818808464296514
时间1个半小时了才送到，果然去店里吃和外卖东西不太一样啊…还有新奥尔良烤翅就跟没熟似的…但是榴莲披萨味道还是不错的！,1,0,0.11813787147851791
"定的11点45送达,这10点半就到了,上班没法吃,一会只能吃凉的了",1,0,0.11795735550909225
唉！让自己去楼下大厦门口拿餐，没时间去拿，然后就这个点送到了，送到后都上班了,0,0,0.11786976560709918
不仅特别慢！而且宫保鸡丁都馊了！,0,0,0.11786537936672972
晚上除了麻辣香锅以外没吃任何其他东西，吃了之后两小时就开始上吐下泻，到现在水状腹泻两次，呕吐四次，连胆汁都吐出来了。,0,0,0.1176343154154944
十一点半下单，显示十二点四十送达，结果一点半才送到！！,0,0,0.1175536142544672
卷饼有点辣…倒是挺刺激的，蛮好吃～南瓜粥比较一般。送餐实在是慢！上一次就是因为慢取消了，这次还是超慢，而且也没有取餐送餐的状态，让人心里没底，希望改进吧！,0,0,0.11754000364952466
送来的太晚，而且备注了不要辣，结果超辣,0,0,0.1175229445068355
说12点06送达，结果13点20才送到，送餐速度太慢了，不过价位便宜，还是挺值的，以后还会继续订餐的,0,0,0.11733635757702085
真特么难吃,0,0,0.11699701955946058
蛋挞太差劲了，怀疑烤熟没有～～披萨只能说凑合吧,0,0,0.11667412752316178
压锅鸡，真逗乐你家那明明就是小鸡炖蘑菇，里面都是粉条和蘑菇，汤特咸再也不会点啦，真坑爹！,0,0,0.11662435544294532
已经很少用百度外卖了，因为多数时候自营配送都很不理想，以往是动辄一个半小时送餐时间，今天好不容易比较快，但是汤汤水水洒了一屋子。之前百度还会重视售后反馈这块，后来发现也只是打个电话了解一下情况，无歉意无改进。百度外卖再这么下去还能继续多久。,0,0,0.1165725698435662
两次了都送错粉，下单是牛腩粉，送餐的单子写的大排粉，实际送的是红烧肉粉，价格也比我点的便宜，什么情况，绝对差评！,0,0,0.11651387924782228
"感觉还可以吧,味道一般",0,0,0.11651125851356384
快递再给力也没用，饭太难吃。。。,0,0,0.11650655074460176
番茄贡丸豆花米线以后请叫番茄贡丸米线，好吧？！想给零分差评！！！,0,0,0.11630702370627126
送餐用了1个半小时~~~我也是醉了，鱼香鸡丝，半盒子油，超级咸，黑乎乎的...不健康太油了~~以后不定他家了！！,0,0,0.1161965805052212
米饭比其他家的少，菜跟你想的可能不一样，铁板肉酱豆腐是甜的，干煸四季豆花椒太多了，不难吃，但要有准备菜的味道不是你想象的。,0,0,0.11617337418705272
纯净水竟然是开过的我也是醉了,0,0,0.11613008448276738
"说好了是酱香的,也还特意写了不要辣,结果还是辣的,根本没法吃,全扔了",0,0,0.1160644139650291
"啊啊啊啊啊啊啊啊啊啊啊啊啊啊啊啊啊,饿死了,才送到,打了15个电话都没人接,这服务也太衰了吧",0,0,0.11601253939925078
味道一般吧，但饼皮不像一些网友说的那么厚。有嚼劲,0,0,0.11599143939598645
特地备注不要葱姜蒜香菜，有忌口！请问是看不懂我写的什么还是压根不会看备注？还没打开盖子就一大股子香菜味儿！,0,0,0.115939487781728
宫保鸡丁用的什么肉啊，都是鸡皮之类的破肉根本没法吃，土豆丝也咸了，勉强吃吧,0,0,0.1159048582957279
时间快，但是定了5份就给我们哪了3双筷子，而且说了吧面换成土豆粉，也没给换，量特别少，少的厉害,0,0,0.11586990424592138
凉拌豆腐丝就一小点儿10块钱，没有任何配菜，只有白白的豆腐丝，一点点盐味！,0,0,0.11580899456378564
一般吧，套餐里的菜有点凉了,0,0,0.11579961650615546
"9点40预定,12点半到,打电话下楼了,说送错地方了！！！能不能再坑一点,服务差到极点了",0,0,0.11573303943584771
料很足，但是酱肉太咸了，饭点儿叫外卖等了一个多小时,0,0,0.11573302610207745
"说实话不怎么样啊,根本不够吃,还那么贵",0,0,0.11562905992093743
很少给差评，这次忍不住给差评！菜量小，味道就是酱油味，颜色发黑，关键肉不新鲜，和附近另外一家比差太多,0,0,0.1156081261381645
垃圾，慢死了,0,0,0.11559525200004316
送餐太慢，每次都超时，商家都在催促,0,0,0.11555870589194644
不好吃，不会再定,0,0,0.11540919359296198
菜品不错，送的太慢，两个小时，菜都凉啦！,0,0,0.11534409828415887
我只想说，没见过这种送餐的，菜品质量太差，量特别少，太差,0,0,0.11528418974915436
不好吃。分量少。送货太慢。,0,0,0.11523318691726385
"披萨完全是凉的！！！！,怎么回事啊啊啊啊啊,提前订就是这结果么",0,0,0.11509003257236973
送了俩小时！,0,0,0.1150218868480626
品味太一般了！卷饼硬，里面夹的菜品量太小！肘子太肥,0,0,0.11487330886183306
真的巨难吃,0,0,0.11445349265627741
"本来下雨天让人家送应该给好评的。但是。1.可乐里面油汪汪的,也不知道是什么,2.,餐是凉的,可以理解3,.,没有给番茄酱。纸巾4.,发票明明是五十多块钱的。只给了十元发票,在店里面吃很不错。外送怎么这样的差",0,0,0.11440473953036946
"面太软了,味道一般",0,0,0.11425131724527639
"送餐等了1:30小时,真是醉了,味道还行就是没给筷子",0,0,0.11407273841530159
"晚到了半个小时,汤都漏出来了",0,0,0.11386894855696784
晚了半个小时才到，孩子饿得吃饼干,0,0,0.11384646544684908
面也太少了，才半盒，我就没吃饱,0,0,0.11365134446197128
幸好有一瓶老干妈来拯救这份饭。肉少，米饭就跟泡水里一样。,0,0,0.11352683133292508
点了两个菜，豆腐又甜又腻，还特别焦，牛肉老的咬不动，还有股骚味，是我在百度外卖遇到最难吃的馆子。,0,0,0.11341140971818385
从来没有订过这么慢的的餐，直线距离不到800米，非下雨天，能给我送近2个小时,0,0,0.11326151816530772
真心难吃啊,0,0,0.11323567581556979
给我配错了，中午的饭，等到晚上才给我解决，中间打了4次电话投诉都无效，差,0,0,0.11320119783736739
"速度太慢了,又没小票又没发票的",0,0,0.11290534787389243
送的慢还难吃,0,0,0.11281314208920275
那个水果饮料，看着都恶心，上边漂着一层泡沫，一口没喝。送餐的只送到大门，自己取得。为啥你家送餐的都这么吊。,0,0,0.11269164585036658
填写了发票信息，但是没有给开发票,0,0,0.1125936562114522
快递服务差，提前俩小时订餐，晚了二十分钟，味道一般,0,0,0.11253635450673621
不好吃...,0,0,0.11252909441800321
等了98分钟，面陀了。,0,0,0.11250983703368954
太慢，7点43定的，8点48才送过来，比预计晚了二十多分钟。,0,0,0.11249235460465166
订了两种，结果只送了一种，粥没送，电话一直打不通，打的百度外卖客服，说帮忙解决。过去一周了，没有任何消息。,0,0,0.11239785553676492
送餐不送筷子，不送纸巾，醋包居然不是食品用的包装，是简陋的自封袋，全洒了，送餐时间比网络显示晚了40分钟。,0,0,0.11230172595140853
卤打的还行，囊质量差了点儿，配送比计划晚了一个多小时，严重不满意。,0,0,0.11226317067835186
9点58分订的餐12点15才送来！头一次碰到这么差的服务！不要了！,0,0,0.11222447568958915
送外卖的你疯了，天天喊外卖没见你这样的，袋子里全洒透了，米饭被挤压成半盒了，你特么得多剧烈运动才能这样,0,0,0.11219307816766368
等待80分钟，没有超时赔付，鄙视,0,0,0.11207668910975388
严重超时，无法联系！全是凉的！,0,0,0.11204660921521972
为什么经常要撒掉！我没次不说，你们就没个完了？！,0,0,0.11183926522458458
"不能再凉了,我点了不要辣，辣辣的青椒会不会太多了…哭昏",0,0,0.11145817939420218
辣椒醋备注了都不给我，啥意思,0,0,0.11143342159172515
送餐速度慢，打包盒里全是散的粥,0,0,0.11136611815331583
明明点的是土豆红烧肉盖饭送来的却是土豆牛肉盖饭，是店家太忙还是认不清字啊！两个盖饭也不是一个价格多收了我4元钱。,0,0,0.11135096993382702
菜不仅难吃送的时间还超长,0,0,0.1113402119238831
"要的腊八蒜没给带,说给退了,也不给钱,啥意思吗",0,0,0.11130990254998883
点了三碗汤，不给勺怎么用！！！专门留言要勺了你们眼瞎！！！,0,0,0.11114102344100289
"肉饼一般，粥还凑合，一点下的单，二点半才送到，说电动车没电了，我觉得如果不能按时送到的话，应该及时和买家沟通一下，,避免买家联系不上而苦等！",0,0,0.11104227629821141
真是过分极了！挂电话！热饮都是凉的！还是半杯！第一次体感这么差！！！！！真长见识！,0,0,0.11099161200891142
"太坑了，要了奶黄包,送来两份豆沙包,给客服打电话说补送一份，结果送来还是豆沙包",0,0,0.11098238007024594
40块钱，7块红烧肉，是在太坑了。亏我总定你家菜，哎，失望。,0,0,0.11097348693901679
没有按客户要求提醒星巴克把咖啡去冰,0,0,0.1109341618899801
速度慢，换的汤太难喝了，咸，炒饼还好吧，总之一般般！,0,0,0.11090018045035253
食物还好，送餐太慢了，而且还给送错了。,0,0,0.11082974291148708
不好吃，挺难吃。,0,0,0.11050519975390803
米饭给的不够整盒！半盒都不到！真够孙子的！烤鸭到了以后都没法吃了！唔得太严了！劝大家以后别点了～,0,0,0.11039919872520228
三十元的套餐看上去还没有商务套餐好,0,0,0.11027283335946894
里面有两根头发，差评，,0,0,0.11022032962166702
实在难吃，什么肘子，就几块瘦肉吧了,0,0,0.1098857317366049
"石锅拌饭真心不好吃,尤其是豆芽菜特别噎嗓子,冷面凑合",0,0,0.10978835015637699
16：41才接到电话，16：45才送到！居然显示16：35已送到…,0,0,0.10969244676852027
"咖啡撒了一兜子,还是凉的,服了",0,0,0.10952502657842357
送餐员把蛋汤给撒了，可能是路程远的缘故，然后米饭都是湿的，排骨的味道还行，第一次订饭，所以给你们没投差评，这次也许也不能全怪你们，希望下次注意就好,0,0,0.10926469121486256
算是饭了，菜少的可怜,0,0,0.1091307355372019
饭和汤都是凉的!,0,0,0.1091176661258053
1.等1小时都没送出，2.东西食之无味，弃之可惜。,0,0,0.10900013647194506
"不是我想说没货了，就不能马上停止接单嘛？两个小时才送到，饿到胃痛不说，都已经上班了很耽误事。饼还凉了，你说能好吃吗？,另外，我真服了百度外卖的办事效率，退款要15天，今天都第16天了还没有收到退款。不在乎那点钱，就是感觉很不爽，以前还觉得百度外卖挺好的，几乎每天都用。",0,0,0.10899042492648005
太难吃，感觉送来的和店里的比要mini和简陋太多。,0,0,0.10892081749976024
"吃过最难吃的排骨，吃两块扔了,没饭没动",0,0,0.10886957917684896
"不干净,竟然有个苍蝇在里面,我也是醉了。",0,0,0.10868050797882187
送餐越来越慢，等了将近两个小时。披萨也没原来好吃了，奥尔良鸡肉太咸，不是很新鲜，希望尽快改善。,0,0,0.10861431755086302
秘制凉皮怎么那么多油啊。。跟西二旗那家有点不一样。太油腻了。肉夹馍还可以。,0,0,0.10852357787135702
粥坏了还送过来，一股酸味。真受不了...,0,0,0.10850249193405778
餐具给的不是很全，最后得用筷子吃焗饭,0,0,0.10827994909467249
"石锅拌饭量太少了,太少",0,0,0.10805271122595718
米饭太少，还4元一份，不是我能吃，实在不像样,0,0,0.10801652560728628
送达的时间是三点之前的，但是送到了之后的小蛋糕卖相实在不敢恭维，只能说败絮其中，小蛋糕居然是反扣着的,0,0,0.10799139914918328
好慢。。。而且送过来的时候洒的不成样子。。。,0,0,0.10779082518032929
"太差了,麻辣烫就一点点菜,全部都是粉条子",0,0,0.10763132136636613
一直挺喜欢他们家饭，但今天两个小时了还没有送来。不知道他们送错了还是怎么着，来了面都陀了，希望以后送餐速度能快点，因为面食很容易陀的。,0,0,0.10757665502968687
备注信息没什么用。写也是浪费时间，送的早了吃得时候都凉了,0,0,0.1075510387361334
太差劲了！！！,0,0,0.10749895836849363
味道还是可以哒，肘子好香，青椒的量也恰到好处。就是送餐太慢了，两个多小时才到。第一次来时我正在上课没有取到，送餐的叔叔下课后又来了，还给我换了热的肘子卷，态度好评。,1,0,0.10736022340376987
这时间很长啊，快两个小时了，今天是例外。,0,0,0.10733841508452432
老北京鸡肉卷不新鲜，吃着凉的怎么越来越不好吃了，还有奧尔良烤翅炸得太嫩了，好像有水分不像炸，吃起来像生的，沒有以前的好。不会这订了,0,0,0.1072498512022746
黄太极骗子，根本没送还确认，垃圾，大家别点。和百度外卖勾结欺骗消费者，这诈骗行为，我要打315投诉！！！,0,0,0.10708371460069438
吃的一般般,0,0,0.10700188442460831
羊排饭连餐厅点的一半不到，分量太少了,0,0,0.10694842993239276
太慢了！差三分钟就半价了，刚送到,0,0,0.10690726148033955
太不靠谱！不是漏发订单就是菜送错了，要不就早送一小时！！！,0,0,0.10677309008373294
路程就30米，要的是立刻送。却让我等了60分钟，你蜗牛呀！,0,0,0.10674117070922146
"大哥,吸管没有，番茄酱没有",0,0,0.10672007071119483
饭馆离家一站地，俩小时才送来，虽然冬至吃饺子的多，也太慢了。不过百度赔付逾时费了，确实没想到。,1,0,0.10670250261827152
中饭变晚饭，12:30订的餐16:00才送到！服务超差！再也不再他们家订了！,0,0,0.10659545516222908
"包装不好,汤都洒到袋子里,东西都没发吃了",0,0,0.10658358194295915
11点订的，13到的。袋子还是湿的，不知道谁的饮料洒了。,0,0,0.10601821154965343
"11点下单2点才送到,真特么服了,而且,肘子卷里面根本没肘子肉,就是普通猪肉块",0,0,0.10592995965829793
味道真不咋滴，送餐送到汤撒的到处都是，差评,0,0,0.10589481042469899
这是一麻一辣吗？所有的牛蛙都是糊，经典的牛肉丸别说弹性，都干的咬不动了！这是一麻一辣？关门吧！还不如街边的小摊,0,0,0.10568445330863732
手撕猪肉量严重不足！！！全是洋葱，差评，合伙欺负消费者？,0,0,0.10567884639095468
发票好几次都不给!没有也不给补,0,0,0.10557567172064454
没什么味儿特别淡没有番茄酱,0,0,0.10525579220065404
本来定的东西就少，还少送一个炒蔬菜!包子和粥就不评价了，要了个卤蛋居然是臭的!!同事都惊了，臭味非常大，店员就不知道检查一下么，卤蛋一看就是放了特别久，然后还外送!气死我了！十点五十定的将近一点才送来，服了。送餐员一直道歉当时把蔬菜的钱退了，要不是他态度好，就投诉你家了,0,0,0.10517317354322463
酱都不给，拌菜只能扔了，,0,0,0.10507148191639713
员工素质差，不虚心接受评价，认真改正，还给客户半夜三更打电话骚扰，还记录了认真给他们做出评价的客户，还打电话说一些不侮辱性的语言，还给客户发送黄色图片侮辱客户，太差了。没见过比这个餐厅素质更差的餐厅。有这样的员工迟早会关门大吉。,0,0,0.10479330726460612
"和店家推广时的包装不一样。包装差评差评差评,送来的时候洒了好多",0,0,0.10477387784694824
12：20订单的，13：38餐才到。等的都不想要了,0,0,0.10471306319009989
肥肉多，汤凉了，送餐的说我没支付...,0,0,0.1046265727071654
30块的饭，菜量太少了。就一个肉菜，根本吃不饱。,0,0,0.10443102727592471
大盘鸡做的太差了,0,0,0.10425829281441314
我要了三分饺子，一份荤香鸡蛋，一份荤香猪肉的结果都给我拿成荤香猪肉的了.还没有给我拿醋.还就给我拿了两双筷子.那个人都手抓着吃的,0,0,0.10416326737271675
我印象中，点汤是有附一份白饭的，我多加点了一份，但没有！算了，不想为两元麻烦了！,0,0,0.10412261986247141
等了一个多小时才送到的，饭也不是特别好吃，芝士没多少,0,0,0.10410162461276225
东西不错，但是送餐时间比我预定的晚了居然整整两小时，我已经提前预定了，还那么晚，实在太讨厌了！,0,0,0.10402853282436049
特别差，这哪是拌饭，不要买了,0,0,0.10402165884870135
香菇鸡肉的超级难吃，厨师一定打碎了盐罐子，咸的没法吃。十一点半订餐，一点多才送来。这速度也是醉了,0,0,0.10393781536151236
饭是冷的辣白菜汤撒的到处都是。发票已经污损。,0,0,0.10353217847422595
太慢了，饿到后来吃了点别的就不饿了。,0,0,0.1034062955578423
"难吃,点了卤肉没通知直接给换成鸡腿的，也是醉了",0,0,0.10324284881621966
"没熟,葱嚼不烂,不好吃",0,0,0.1027813713855686
没什么味道，送来的晚凉了,0,0,0.10274490429754758
"排骨不好吃～还都是色素～量少的可怜～58元的菜啊,只有七块排骨～一点味道没有～肉很干～坑死了！还招牌菜呢！真不怕砸了招牌！",0,0,0.10260797719042007
这么难吃的饭居然能卖25！！！,0,0,0.10255520056566593
很不好吃~四十多块钱的红烧肉，这么贵一份一点品质都没有~~看起来脏脏的，很难吃~~,0,0,0.10250056008031347
太差劲了吧，同一个店，外卖包装居然相差那么多，昨天的饮料是罐装，今天是纸杯，昨天的餐盒是双层保温的，今天就单层，最过分的是，我点的芝士泡菜炒饭，结果只是泡菜炒饭，没看到一点芝士，味道也没有芝士味道，希望给我个能说得过去的理由。,0,0,0.10241933759731056
谁也别来这家别怪没提醒！忘记评价了百度外卖软件逼迫完成订单，其实这份饭十点半定的，等了一天压根没有送！！！店家还逃避不接电话，把店铺立刻下架让人找不到，找到后显示“店铺下架”！,0,0,0.10232429292583196
送错了，我还能说什么呢？,0,0,0.10188338877248129
没吸管，没奶油差评.......,0,0,0.10185587150500976
登了100多分钟，送餐用了2个小时,0,0,0.10147486408983877
这个饼真的很难吃，第一口肥肉，第二口还是肥肉，没有什么味道,0,0,0.10119919800196031
"不好吃，,只吃了一口就扔了",0,0,0.10115508404151237
餐送来只有两盒菜两盒饭，其它什么都没有，是用手抓着吃吗？,0,0,0.10111170560844214
外卖速度太慢，由店家自己送的，而非通过百度外卖。送到的时候煎饼都凉了，而且也疲塌了，耗时90分钟，该店距离我家不到1公里，送餐速度慢成这样。也吃不出煎饼有多好吃。也就是百度卖外的活动还算优惠，其他没什么好的。以后不再买了。,0,0,0.10062273816333783
没给酱，很难吃,0,0,0.10062098956115331
这家石锅吃过最难吃的了，首先是没辣酱，然后饭其实就是蒸米饭，不是石锅做好的！！味道太差！！价格还贵！！！不建议！！,0,0,0.1005934548466395
咖啡送来时全洒出来了。味道跟在店里的不一样。美好的心情完全糟透了。,0,0,0.1004338838535984
商品一般吧,0,0,0.10041631924695699
看来是没传达我的注解，说了少辣结果几乎除了辣椒没多少菜了。之前给我高分，这次3星已经够诚意了，算是意见吧,0,0,0.10026268844925802
我很少评论！这实在是太难吃了！就没吃过这么难吃的辣子鸡丁，鸡肉特别糟，好多油！味道也不辣还怪怪的！我要的是麻辣豆腐！给我炒的豆腐，不酸不甜，不知道什么玩意！老板还是换厨子吧！,0,0,0.10023573512646818
"送餐员个人的问题,导致等到中午休息时间都要结束了,我饭还没吃上,而且送来餐全都凉了,哎～",0,0,0.10019609481898772
包装牛逼，味道一般，皮厚馅少,0,0,0.10016078750572721
菜送到都凉了,0,0,0.10007532019266885
送的是在是太慢了,0,0,0.10007375107769978
为什么没给我开发票？？,0,0,0.09999421805125594
11:32下单，13:15才送达。中途催了好几次，送达之后薯条已经软了，可乐洒的只剩半杯了，很失望！望改进,0,0,0.09997932502941166
"特别差,少送一个大酱汤,一个小菜,饮料还是洒的！无法给予评价！等再补送过来其他的全凉了！",0,0,0.09993527797622571
"以后再也不会要宏状元了,送餐跟蜗牛一样",0,0,0.09989112845557725
"他们家是不是换厨师了,为什么味道没有以前好啊？？？",0,0,0.09973575435244571
超过90分钟餐才送到，太慢了，催了多次，说门店联系我，也不联系。万幸，饭菜还是热的，还可以。,0,0,0.0995815340466043
不是一般的差，服务差到至极！饭量少的要死！,0,0,0.09954617177021001
最差的一次外卖体验，第一个订单被取消，第二个订单12：40下单，2点才送到。饺子已经冰冰凉。,0,0,0.0994320831852714
都说了不要放葱蒜，还有就是到了指定时间还没送到，艹,0,0,0.09942440869756917
冷面不好吃呐…,0,0,0.09934490142257353
送餐的是个SB，吃的全都撒出来了，而且这人只送到电梯，一步都不多走，还得自己走一段去拿。饺子全凉的,0,0,0.09929857102631325
又慢又难吃,0,0,0.0992893870607808
可乐洒了不说，买的猪蹄倒着放，里面汤全洒出来了，他妈的,0,0,0.09911426609663532
最难吃的外卖之一,0,0,0.09911378194809793
盐是不要钱吗！！！！！一份餐送两次，也是醉了！,0,0,0.09905603812556553
干锅手撕鸡，鸡肉少，味道一般,0,0,0.09890979667974505
是换厨师了吗？太难吃吃了,0,0,0.09882551176452053
送了两天了不知道你们把餐送到哪里了，我都没有收到就交易完成？你们还真是会意淫的，小伙子你很有前途吗,0,0,0.09870378488004448
真难吃，肉上还有毛,0,0,0.09846619542373883
昨天40分钟，今天95分钟，饿的已经不行了……而且大家注意，不管你确认送达的时间多少，默认收货时间都是40分钟，一定要在评价的时候选择送达时间才可以,0,0,0.09844017588629245
简直难吃，糖醋里脊做的最难吃的一家,0,0,0.09841521702254781
一般仅限能吃饱，送餐来的时候把汤洒了。,0,0,0.09840366954273143
菜不符！而且难吃,0,0,0.09837032253038379
第一送的时间太晚了，第二里面的肥牛根本不是肥牛，明明是猪肉，不像石锅拌饭，就是蒸好的饭上面放一些菜，唉,0,0,0.09831513393813679
店家把水煮肉改良成水煮肥肉了！太恶心了！定了三碗米饭，洒了半盒，有一盒泡在洒了的菜汤里！无语了，店家干的漂亮！加油！,0,0,0.09830198433864115
一般般，而且那个打包盒也太low了,0,0,0.09822758631567689
有史以来最糟糕的一次外卖，下午5点下单，晚上8点才送到！期间我还打了10多个电话！只接了3个，全部都是敷衍搪塞的说辞！好不容易餐到了还要我自己冒雨走一大段路去取！希望百度不要再和这样的无良商家合作！,0,0,0.09809049192401695
送餐巨巨巨慢，口味一般~,0,0,0.09808392749295437
味道还不错，但是送餐太慢了，等了接近2个小时,0,0,0.09797879257841315
餐品少给了我一个，我上楼后才发现。电话送餐员，送餐员也没检查就一口咬定是商家少给了。让我自己沟通商家。结果商家确认确实给了。至今还没送还。,0,0,0.09794426259523732
不能加图...差评！反正红茶上已完全无奶盖，逗我？,0,0,0.09741169321524887
等待最久的一次外卖，太慢了！！！！,0,0,0.09723914300158357
量太少，肉就几片，全是辣椒，排骨全是骨头，怀疑被剔过。,0,0,0.09706962705664944
已经二小时了还未送到饿坏了。,0,0,0.09701579256019587
订单量大送的慢可以理解，可是怎么可以忘了给我放荤菜，而且留言里说了不要鱼豆腐和豆芽，还是放了一大把，太倒胃口了,0,0,0.09691422982735447
晚了半个小时，严重不靠谱，电话催了一次。,0,0,0.09684763453316499
不说自己送的慢，闲我下去的慢，三电话，我能不着急去取餐吗？送餐人员太少了。卷饼一般般，谈不上多好吃。吃完愣是没吃饱，感觉像早餐。,0,0,0.09676920600100772
点了5串羊肉串，量少的可怜。和在店里吃的不一样,0,0,0.09668116015989502
为什么给我送的木耳鸡蛋盖饭没有饭,0,0,0.09658747313201133
哥们，订好几次啦！越给越少，就一层底，店里面给的多，外卖为什么就量少？不公平，一样花钱...百度和店家沟通一下吧.太少了，塞牙缝....,0,0,0.09612885397028573
等了很久，没关系，毕竟还在约定时间内，可是最让我忍不了的是真的很一般，个人口味吧，反正不和我胃口，我属于嘴挑的那种，石锅拌饭？味儿很不对！！薯条？？？嗯！炸的肯定没有肯德基麦当劳好吃！,0,0,0.09611811320638848
配送太慢，东西没收到，就被确认收到,0,0,0.09606869702193682
最难吃的一次。没有之一。大酱汤没味儿。是不是忘了放盐了？,0,0,0.0958391132696095
这是我有史以来吃的最难吃的卷饼，哎，那个八宝菜更是不敢恭维啊，难吃死了，以后再也不来这家订餐了,0,0,0.09578908929943777
要的意式荤劲牛堡套餐，汉堡可能热的时候装进去的，到手面包胚已经湿软了，凑合吃一口吧，送餐的是个岁数大的男性，递过来给我零交流,0,0,0.09570180312067651
备注和发票那里都写明了要发票，每次那送餐员来的时候总是说没看到要发票，让回去研究研究，你说一次让研究也就算了，次次都说，研究你妹啊，差评！,0,0,0.09561798427776971
"要了4份，特别少不说，鸭脖就跟没有躲过一样特别大块。客服电话打了,根本没人接",0,0,0.09559348080661725
"全撒了,超时,里面吃出蟑螂,怎么解决",0,0,0.09551597680249559
2个小时送餐时间，但是商家说下次会送一瓶果汁补偿，给个4星吧,0,0,0.09539304177152144
"菜一般,给换餐了,不是我点的",0,0,0.09525723664124565
我10:25左右下的单，建议11:45送到，结果一直到下午1:29才给我打电话，打百度外卖电话取消订单了,0,0,0.0952240202133209
显示11：20送到，12:10都没动静！！物流太发指了,0,0,0.09505717465590983
"到现在餐还送不到,电话也没人接,真是太差劲了",0,0,0.0949018350622976
一个半小时送到，评价的时候显示的时间比实际送达时间提前了50分钟！糊弄事儿呢？,0,0,0.09480086484193719
肥肉实在是太恶心了，还不如不放。。。,0,0,0.09461888390311966
这次很慢，送来后袋子都快捂化了,0,0,0.09452077781687461
"1.居然米饭夹生的，丽华也出这种问题？,2.要开发票，结果没有。",0,0,0.09436106558115018
今天为何没有收到饭，怎么回事,0,0,0.0942832208214386
实在是太慢了！,0,0,0.09380761174984019
"差差差,备注了不要辣,结果还有一盒很辣,孩子根本没法吃,等了那么久,孩子们已经饿坏了",0,0,0.09363923848987529
送来的太早，都不知道备注送达时间有什么意义！,0,0,0.09350465674903448
等了一个小时40分钟,0,0,0.09344667154803749
少送了一份粥、就不给送了、只给退钱，定那么多份、就给带两双筷子,0,0,0.09338873581895706
很油味道一般,0,0,0.09334672194239635
包装不好，导致粥都撒了。因为送餐员放下就走，打开看才知道不能吃了，因为忙也没有让重新送，就这样吧,0,0,0.09325273089853317
味道可以，配送太慢，等了快3个小时,0,0,0.09324598019711698
蛋挞口味都是错的。奶酪披萨也很难吃.....根本就没有奶酪....还晚送了40分钟.....,0,0,0.09304443530273972
为什么这次叫餐90分钟还没送到,0,0,0.09301171401918905
我只想说以后不会在点了，就不说哪不好了，你们自己点点看看就知道啦！,0,0,0.09297323535940835
味道还可以，就是送餐很慢很慢很慢，第一次等了快两个小时，第二次一个半小时。,0,0,0.09270660178183959
石锅饭还是不好外卖～五花肉是半熟的，吃了一块一会就拉肚子了……还是应该在石锅里焖熟再吃比较好,0,0,0.09268891540328893
太难吃了，特别是炒米条,0,0,0.09263661783538546
沙拉的密封膜竟然已经撕开了！要是普通餐盒的塑料盖也就不追究了！菜撒出来一半！绝对不能吃了，谁知道中途发生了什么？！,0,0,0.09256068658438978
送的很慢，满100送的饮料也不给,0,0,0.09217695536740811
为什么烤肠付钱了，怎么没送啊,0,0,0.09213783671560208
不管口味如何，送了两个多小时，不骂街我已经是素质好了,0,0,0.0919752766925503
"查不到订单的送餐,慢了大约一个小时,呵呵再呵呵",0,0,0.09185433537057673
不到11点下单，一点半才送到，如果你想饿死，就定这家吧,0,0,0.09168474873300826
点了两份腊八蒜，一份也没有，给换成一袋醋,0,0,0.0916668266816238
难吃的意面！十块都不值,0,0,0.09153677297281904
吉吉熊从来都不看备注的，从来不给勺子，说了一万次要勺子一次都不给的，还让我凑合。一次不给勺子我凑合就算了，这已经是我第三次订餐写了要勺子不给勺子了！我的订单记录每次都写了要勺子从来都不看这是最后一次了，下次再不给勺我退订！我是忍不了了，谁爱忍谁忍去。,0,0,0.09124313452067143
"啥也不说了,等了两个半小时",0,0,0.09120217586013553
红烧排骨，来的全是笋子。店里面卖的怎么和送的差距这么大？弄不好外卖就别弄，又慢又坑、,0,0,0.09119696365512255
"点了宽粉,但是没放,点的饭里面没有米饭,另外加了六块",0,0,0.09116949571878276
"怎么回事啊,拿铁我要的是杏仁,上次还电话告知没有需不需要更换这次又随便打一杯普通的送来了",0,0,0.09111857005690759
太少了吧，一盒都没满，谁家干锅这么少的菜，还是小盒的还那么贵，，等了好久，太不诚心了,0,0,0.09105080371865336
真的很差，11点半订餐，下午1点半才给送餐，差到极点，送餐员居然到了不敢面对客户直接把饭扔在前台就走了，从未遇到过这样的外卖,0,0,0.09104465258090388
压根没送到，也是醉了，说好的饭呢,0,0,0.09097542718142573
配送了三个小时，够了,0,0,0.09095844833963525
送的什么豆包？比冷馒头还硬，第一次到你宏状元这样的东西，你们家菜品质量太差了,0,0,0.0908783854705059
"洒了一半儿了得,袋子都浸透了,问为什么,还特有理说全都洒这么多",0,0,0.09086313601967862
不好吃，没味道，没有餐盒拿个袋子装给我，还要餐盒费，哎...,0,0,0.09071974654576824
做的太咸了。根本没法吃，,0,0,0.09070125180024766
配送员说对不起迟到了25分钟，但我吃到的东西是快餐，已经凉了，该脆的都已经皮了硬了。。这是我第一次用百度外卖，实话实说，我很不满意！11:28分下单，说13:00前不送享五折优惠，快递员是12:59踩着点送餐。。我不知道是快递员的问题还是哪里出了问题！从商家确定订单11:34到快递员取餐12:19，这个时间确实有点过长,0,0,0.09054389606105749
"好难吃!,冷面是糠的，没吃过这么难吃的",0,0,0.0904957769867499
味道一般吧~而且吃出一根头发！！,0,0,0.09047633239568245
和堂食差太多了！太难吃了,0,0,0.09045478042527817
这哪是呛炒圆白菜啊简直就是水煮啊！怎么菜全是软踏踏的啊什么做法啊这是???可惜了我一份菜的钱这道菜如果店里也是这样的话简直没法吃!,0,0,0.09029722783233182
"很难吃,炒面质量很差,不推荐",0,0,0.09015745606329992
"你家不看备注的吗？我说了装两个袋,帮别人买的,还用一个袋,我怎么拿啊",1,0,0.08996425597135226
迟到，到了以后告诉我黑椒牛柳没有了，只能换了个排骨的。送餐组织得很差。,0,0,0.08967135003975905
"鸡翅根,全都没熟！恶心死我了！里面还带血丝！服了",0,0,0.08965564221543663
"用纸盒来装，洒得到处都是油,配的小菜静是油菜的硬疙瘩，根本没法吃,徒有虚表",0,0,0.08962924817968278
"越做越难吃,饭还是凉的",0,0,0.08958577395070089
请关注送餐时间,0,0,0.0894636064631356
时间很快，但是居然没有给筷子！还少送了一盒米饭！,0,0,0.08942718414288547
十分不理解为什么要用塑料袋直接装，看到都没有胃口了。想剩菜一样……,0,0,0.08937972397333985
打开袋子才发现没有卤蛋，怎么搞的？,0,0,0.08907842754834765
肉很少。。，不好吃,0,0,0.08872390198272719
不新鲜拉肚子了，难受,0,0,0.0882128417666414
菜还行，送餐的路不熟，一个小时才到,1,0,0.08816344349109051
点了很久才送来，而且点的炸酱面坨的不成样子……差评！,0,0,0.08813038003723095
炸鸡沙拉太让人失望了，跟以前吃的大失水准。黏黏糊糊的特别难吃！薯条我又硬又干。可能是饭点的缘故？这次得点了三个，都不好吃。前几天你家不这样啊？,0,0,0.08766406171901207
八点半下的早餐订单，10:50才送到！！还让不让人吃早餐了？！体验过慢的，没有体验过这么慢的配送服务！,0,0,0.08764340801020529
粥连个勺子都没有，还凉的,0,0,0.08745748563989073
"粥里的肉不新鲜,饼里有沙子,都是菜都没几块肉",0,0,0.0871616867812778
简直不能更糟糕！！！汤汁流得到处都是，并且图片与实物差太多！纯素卷里根本没有绿色蔬菜,0,0,0.0867343751007653
"味道没问题,但是可能中午实在是太忙了,从11点多下订单到1点才送到………而且薏米水也没给配送,后来又补送的…貌似也没给吸管……这次外卖是最不满意的一次",0,0,0.08668847232140706
"差评,不好吃,袋子弄的全是麻酱",0,0,0.08652847272881282
没有辣酱，算什么拌饭,0,0,0.086445174426114
我的热饮呢？少送了一个什么时候来,0,0,0.08632522548166632
熘肝尖儿没有味道…很难吃。菜花备注说少辣、结果辣的要死。,0,0,0.08628684492225176
十一点半定的，说十二点半到，我知道我定晚了～我没催你们吧，理解你们吧，结果两点多才到，我吃的是午饭么？！能不能干？不能干别接单！,0,0,0.08620212938628989
等了两个半小时，也是日了狗了,0,0,0.08617978179351746
送餐时间竟然80分钟，比美团慢太多，从没这么慢的！！！！,0,0,0.08604016508419968
"送到菜和饭都凉了,哎",0,0,0.08564665411806394
一不小心点错了，一个小时十五分钟了，还没送到,0,0,0.08546864808616207
不好吃，说了少辣结果还是超多辣椒，菜花就像没炒熟一样，除了辣味啥味都没有。,0,0,0.085401176810757
真心服了…少送一份…说装的时候少给了…送餐员不核对吗？补送还没到…我们已经上班了！！！,0,0,0.08538462868559443
菜量也太少了，不到店里的一半。付了一样的钱，还花了配送费，凭什么呢？,0,0,0.08490816918349005
土匪猪肝不新鲜，其他菜也不好吃,0,0,0.08479569450208847
也就那样，不好吃,0,0,0.08465354295069573
送的东西三盒都洒了，车翻了吗？,0,0,0.08444610264034526
"送餐时间太久了,接电话的女店员非常不负责任,我留言了具体送餐地址,并且又打了电话到店里,结果她不告诉送餐员,令人非常郁闷,女店员实在垃圾,这样的女店员在,离关门不远了,差评,大大的差评,垃圾,最失败的一次外卖",0,0,0.08443746368653998
身为东北人真是第一次吃到这么难吃的东北菜啊！得莫利炖鱼里的白菜有一股羊肉膻味，不知道是咋回事，挨着鱼头的地方还带着血，恶心死了，而且鱼头去掉鱼鳃的地方是黑的。压锅排骨油豆角还可以，但是排骨是真心就吃到一块，偶尔有几块大梁骨，味道倒是还可以，中规中矩的。,0,0,0.08436123578322652
"送到的时候布丁洒的袋子里到处都是,好脏,原来是只用保鲜膜盖了一下,汤都流出来了,蓝莓山药和布丁都很难吃,基本吃了几口就扔了",0,0,0.08433808270470411
太TM难吃了！一个多小时不送，还跟我说早送了，问我地址是不写错了，SB！,0,0,0.08425450599611971
口味一般！蕨菜用塑料袋装的，感觉很不好，为什么不用小碗装呢？以后不会吃了,0,0,0.08416947009119324
这菜没配米饭的呀！也不说明一下，让我怎么吃…能麻烦再单送份饭过来么？饭钱我付,0,0,0.08387444906730622
差！！迟到一个多小时！！！！！！无力吐槽，减13了服务就跟不上了，搞活动干嘛？！！,0,0,0.08381952412744959
商家因为某个东西售完直接取消了订单，就不能提前打个电话么，白等了半小时。,1,0,0.08372751002539948
没送到擅自点击送餐完成，近几次定餐配送都在一个半小时左右。,0,0,0.0836691735930558
米线全撒了！都没汤，米线都漏出来了！！巨恶心！,0,0,0.08362623393452807
送餐太慢啦！送过来都凉透了，没法吃！,0,0,0.08346048945513379
"1：菜品打包后明显比店里吃差好多,2：汤在送达时撒了一半,3：送餐员态度非常不好，首先迟到了没有道歉的意思，菜送少了也觉得很理所应当，我们说少送的要不回去拿，要不减钱，结果人家送餐员同志说没好气的让我们都退了，大哥我们目的是吃饭好么，送晚送少都是你的问题，不但不道歉还要让我们都退了，饿死我们吗？这样的送餐员教育一下吧，不然会得罪很多顾客的。,总之，本次很不满意。",0,0,0.08341890869723761
送餐慢不说，汤凉了还怎么喝，送到汤都洒了一半，就是不能上图，要不让他们看看！,0,0,0.0833467501939934
辣白菜五花肉饭，一共只有3块半肉，全是辣酱，比第一次订差了十万八千里，到底有没有标准，这样的饭这个价太没天理,0,0,0.08327323018294881
豆腐有的不怎么太熟，太少了,0,0,0.08326337737496019
凉皮是厚的条，不麻酱少，不好吃,0,0,0.08317448606975131
没听说石锅拌饭的辣酱还得单买的！你自己看看哪家辣酱不是自带的！没辣酱点餐的时候也不告诉！怎么想的！,0,0,0.0831721113767134
送餐不送筷子也是醉了让人怎么吃啊!!!!!有负分吗？,0,0,0.08299038983727626
到了之后洒的袋子都坏了，直接全洒地上了，怎么申请退款，实在太差，弄得满地都是,0,0,0.08280353353473638
差评，送过来晚不说，扯面已经成浆糊了，面条一个小时前做好了没有人送黏了。建议后续商家做饭前和送外卖的提前商量好，再做。保证饭菜质量,0,0,0.08271508070678557
太慢了……等了127分钟,0,0,0.08250589797652544
什么都不想说了！俩小时送到，已经给退了,0,0,0.08247743319744738
"商家态度差,，送来的餐品全洒了",0,0,0.08236585498734135
真心服了，11点下单，预计12点28到，现在都1点半了，中午饭吃成下午饭了，,0,0,0.08226135298330813
差评，再也不订你们家的了，店员态度也不好，菜也一般。,0,0,0.08188890188628722
你家要送不了，趁早包给百度外卖。等了一个多小时。,0,0,0.08175640819998459
我下午14点半上班，11点50订餐14点送到。饭菜都是凉的，联系店家人员态度很差。在好吃的东西也不会在光临了、,0,0,0.0817012725516954
太慢了呀。。。,0,0,0.0815925452753944
晚了也没多长时间，差2分钟一个小时吧,1,0,0.0814740709503684
秘制凉皮很难吃，很失望，混沌也不建议点，味道不怎么样,0,0,0.0812203355825357
这是百度外卖比较不好的体验，韭菜鸡蛋饺子韭菜都老了，不好吃,0,0,0.08101368960435278
一个半小时送到，粉都砣在一起了，很无语,0,0,0.08090882442299369
真的好难吃，唯一好的就是那个纸袋包装，卷饼皮硬，里面几乎都是辣椒和肥肉，你叫辣椒卷饼得了，辣椒还辣死人，我都说了不吃辣！那个皮蛋粥简直是我喝过的最难喝的粥，一点味道都没有，皮蛋瘦肉根本就看不见，真尼玛坑爹！再也不会买了！,0,0,0.08090334936430205
备注写的很清楚饮料芬达不加冰，结果可乐还是加冰的，还没有管，怎么喝！要的套餐，薯条没有番茄酱，真心无语了！能不能用点心，谢谢！,0,0,0.08063034593501826
这是第二次在店里买蛋糕，第一次订蛋糕的时候3小时内做完给送到公司来了，我觉得蛋糕店做的这么好，想继续在这家买，这次我12点多一点我先打电话确认3点之前能不能送到，店里答应了说会送到，好，我马上下单，下单时间12:18，我们公司6点下班，5:50送到的，只想说堵车能堵到这种程度？？你们送蛋糕的师傅连没有一句不好意思都没有！我真的失望。,0,0,0.08059169496154776
等了两个半小时。。。,0,0,0.08056561017395343
我一再声明留言不要肥肉烧肉！！！！第几次了？！差评！！！！,0,0,0.08030570091401194
外卖慢的要死，打电话退单还不接电话,0,0,0.08029965470105767
"还可以吧,送餐太慢了",0,0,0.08012477887524869
连取消都取消不了，电话也不接，是店家垃圾还是百度服务跟不上？人家美团投诉了还有个回复，你们呢？垃圾啊店家更是垃圾中的垃圾，大家不要订了，等待不起啊,0,0,0.07994932641350544
送饭太慢了,0,0,0.07971458499216337
关于送餐，速度我已经无力吐槽了！！！一个半小时，一个半小时，一个半小时……,0,0,0.0793341226583454
"三十块钱,一小盒都不满,怎么想的,再也不会订了",0,0,0.07930867523993601
太慢了……点餐的人已经饿死,0,0,0.07924656183184965
"送了俩个小时,,坑爹啊....",0,0,0.0792059052798781
菜品质量还可以，但是大家注意点肘子时一定要三个菜，不然不给特价，但是系统会给下单，之后饭馆会不顾你是否方便无限的给你打电话，按照他们的要求加菜，然后付现，之后菜价不会按网上的价格给你，态度极其不好，第一次用百度，之后不会再用了,0,0,0.07917246965350073
"真难吃,全是肥肉",0,0,0.07912922731914646
感觉一般。说送美汁源果汁也没有送。,0,0,0.07905459093091759
"披萨凉了,3个小时才送来,饿的我还得出去吃饭",0,0,0.078937748391328
"我要的热豆浆到了都凉了,想让我拉肚子吗？",0,0,0.07868227980376616
没送米饭和发票，来得还慢。,0,0,0.07840814986277146
"味道一般,送餐很慢",0,0,0.07830925694583853
订单取消，一直不给退钱，太差了，打了n次电话，这么差的店再不会来,0,0,0.07789743701487457
从下单到送到整整一个半小时。菜都凉了，味道也很一般。,0,0,0.07740685781317577
垃圾的无话可说了，昨天定的，没有送，打电话没人接，第二天打电话也联系不上,0,0,0.07738824765632572
"付了款但根本没有收到外卖,还显示已送达是什么意思骗钱吗？,投诉请立刻解决",0,0,0.07680395463307241
"关东煮和沙拉,跟主食不是一起送的,。。。送来的时候已经吃饱了,呵呵了我就,而且关东煮泡的已经没法吃了,送餐员没有一点歉意,。。",0,0,0.07672986277813788
买饺子没有醋。打电话问还说只有备注了才有。吃饺子都吃醋还要备注吗！第一次定不知道还都只能白着吃了？花钱买了东西跟欠了他钱是的。什么商家！,0,0,0.07652286879061347
晕了，注明带一些辣椒油或者辣的调料，都没有，吃起来一点味道没有。,0,0,0.07597510598142286
"量少,最主要凉皮要麻酱,已经备注,可是送来根本不是",0,0,0.0758836457241439
个人感觉很一般，家人都不吃,0,0,0.07583794183040195
"没有方糖,而且也没有按备注配置,有问题没有电话沟通就直接凑活送了",0,0,0.07560743330078097
太慢了，路程距离应该只需要5分钟就能到，但是用了这么久，饭菜都凉了,0,0,0.07558812967446055
送了整整两个小时，真是怕了，不会再来这家点餐了,0,0,0.0755786335203477
魔芋结没给我,0,0,0.07544162661637847
送货速度太慢，餐厅距离我家很近，但是却跑到更远的地方去送餐，最后才来给我送餐，时间用了一个小时二十分钟,0,0,0.07544001861648336
送来饭都不太热了，米饭很硬。口味一般般,0,0,0.07541135214809572
送来的太慢了,0,0,0.0753932454762372
楼上都懒得送直接给我取消订单也没解释也是醉了，下次不会再定了,0,0,0.07537366455217548
一般吧，没有期待中的感觉,1,0,0.07527996781331914
太慢了，，。,0,0,0.07518171260785723
"最差的一次订餐体验,送的慢死了,东西也难吃。",0,0,0.07499956881687274
为什么里面的饮料没有图片上有，送达没有，而且还贵了2块钱！,0,0,0.07479450684642269
送餐晚了半个小时，也没报价。东西都洒了。,0,0,0.07468456389397952
饭还可以，速度太慢了，5分钟的路程，足足等了1个多小时,0,0,0.07458432331355996
这确定还是以前大美女老板开的那家店麽？饼没完全熟，和以前的饼也不一样，肉就更别提了，块儿大的要死，还很难吃，从前的飘香肘子相当好吃啊~给一星是因为没有办法给零星，真的，差到爆！！！！！,0,0,0.0742375078784769
"菜量极少，只有正常菜量1/3,只见白菜了，就一点点肉，还都是肥肉，极差!",0,0,0.07412377058340035
"东西实在是太难吃了！从来没吃过这么难吃的久久丫,假的吧！",0,0,0.07406106124032265
送餐太慢了。。10点多订的，现在还没送到。。。。,0,0,0.07401127573575828
"两个字，恶心。蛋太生，沙拉竟然给我一包番茄酱，香肠和土豆泥都没有酱汁，那么干怎么吃？,总之和第一次相比差很远",0,0,0.07389509821401195
一个半小时才送过来，然而没有粥。。。。我也在怀疑这是不是牛肉蔬菜的。。。。外卖大哥坚持自己没送错，餐厅电话一直在通话。。。。,0,0,0.07371255232958905
"12点40多分才收到,可能还说早了,要的鸡排饭,鸡肉又老又腥....再也不点这家了.",0,0,0.07366467434164874
送菜太慢。等了快仨小时，电话打了好几个。饿的不行了。以后打死也不订这家的了。,0,0,0.07317842123545816
"可能是由于中午点餐人多,等了1小时20分钟（11:38下单,外卖12:57才到）才送到,送到时,汉堡全部都凉了,已经用百度外卖好几次了,这次最心塞",0,0,0.07300572657147464
味道一般也就那样,0,0,0.07283953223523416
"送餐时间过久,饭都凉了",0,0,0.07261733926686581
没有给送饭，还显示订单完成，不退款。投诉后也没有消息，不是在乎，而是没有重视用户体验。,0,0,0.07255617791147048
送药的人态度很差，还让我去门口取，根本不送进来，还不带零钱，问他怎么处理（找不开我零钱）他说那你退货吧！这送东西的是有毛病吗！态度太次了,0,0,0.07250360775120526
"太慢了,每次一个小时以上",1,0,0.072440303112532
说好的套餐里面有可乐，结果没给我，上一次是没给豆腐脑？你们都是怎么配餐的？！,0,0,0.0723296759698458
味道还可以，但是送到时间也太长啦，十一点二十下的单，到下午一点半才送来，打电话打不通，打通就告诉已经出来啦，打了三四遍电话才给从新做了送过来，气愤呀,0,0,0.07209150909569026
极烂！！！！！！！！不要订他们家的，送餐员不务正业大风天还躲着避风，导致晚了3个小时才送到，饭菜都凉了，味道也不咋地,0,0,0.07201781005131647
送餐等了快两个小时还没到，十点多定的，十二点四五十了还没拿到饭，我只有在别家又定了一份，都比你早到,0,0,0.07198371609823777
锅包肉不好吃,0,0,0.07182975315221048
一个多小时送到，汉堡还送错了。不想追究,0,0,0.07182789180483207
十点多定的到了十二点多还没送到！我也真是无语了！！直到我要打电话说要投诉才马上送的！！无语到极点了！,0,0,0.07166291909671696
"难吃死了,特别难吃",0,0,0.07150759774209596
送餐速度我真是服了，几分钟的路程，给我送了一个半小时,0,0,0.07149966513651239
呵呵，我11点40下的单，送的时已经13点20，送来的米线也软了，我真醉了,0,0,0.07148400543391037
"不送上来，让下去去，还没赶下去，就来电话了，说给放到大厦大厅口了，真是太奇葩了，遇到过让在楼梯口等的，遇到过让在一楼等的，还没遇到过这种的，服务太差！！,卷饼味道一般，很肥腻，价格很高，简单的一个饼卷肉，一个最便宜的20，和肉夹馍差不多，总之，再也不会定了",0,0,0.0714318261290209
送的太慢了，真是气死人,0,0,0.07125117580936037
品味一般，F服U务C差K！,0,0,0.07115057681408771
做的太一般,0,0,0.07087789179246237
现种现磨的麦子现烙的饼！11点发货。人民大学到海淀黄庄用时60分钟还是电话催单2次之后（要知道系统显示预计时间11:07）。我只想说，小哥你是匍匐前进来的么！！所谓的高峰时段根本就是从开门到闭店，如果发货和订单时间根本没关系的话，那就索性什么时候出外卖什么开始下订单好了，省的彼此都废感情。最后，这是我第一次也是最后一次订餐，午休只有一个小时伤不起。。,0,0,0.0707188780441349
"鱼豆腐我要特别赞一下,已经推荐,！其它的嘛,不好说，每人口味不一样，还有,刚刚听说还有不辣系列的鸭翅，但是品种里面没有找到，我的微辣鸭翅说是没有货了,还有,那个所谓的花生没有收到,这个是什么情况,都没个解释么？",0,0,0.07050912168684602
口味一般，送的太慢,0,0,0.07049773439725703
大酱汤什么玩意啊，特别少不说，里面都没有东西，一共就三块豆腐，千万别点了,0,0,0.07040006812201627
送餐晚了，迟到好过不到，只能评价一般吧。,0,0,0.07037036301294644
我要的是大份蔬菜牛肉扮饭，送过来和同事中分的一样的饭盒，贵了那么多，但分量根本没多多少，太坑了，还有，我要的是牛肉，吃不出来牛肉味，也没有回民，否则让尝尝是不是牛肉。。。。。不说了，也没办法上图，大家自己点一次就知道了，以后这个饭进入黑名单了～感觉太坑～,0,0,0.07028973420781817
定的餐撒的哪里都是汤和油，看的都没食欲了，不知道从哪打开好，处理油渍用了姐半卷纸，我也是醉了。,0,0,0.06970913611513946
速度太慢，饿死了快～,0,0,0.06964425555563435
买了一份拉面都没有餐具呀怎么吃,1,0,0.06963801879017315
太难吃了，没味道，肉都没熟，速度还慢的要死。,0,0,0.06960633953337939
严重超时不说，饭菜都凉了。差评,0,0,0.0696060288678901
11点半下单并支付。快1点才送到。比大约外卖时间晚了40分钟！比半价赔偿时间早了10分钟，我也真是醉了！,0,0,0.06960160724197756
预定时12：40好像是，写13：33送达，快3点了我还没见到饭，也没人给我打电话。最后一姑娘敲门说这是你的餐吧，好像送错了送我那去了。我好无语啊！,0,0,0.06958948298669215
东西都是烂菜叶，难吃死了,0,0,0.06941400235804639
服务太差！说半天要番茄酱也没给我拿！后来说给我送又没送,0,0,0.06931481982689651
千万别点鸡块，鸡翅，鸡肉堡，这家店做的又贵又难吃（）。食物送来的时候都散了，里面也没有餐巾纸。唯一好的就是番茄酱给的挺多。,0,0,0.06930245009764652
点了两份饭，都没有给筷子！！,0,0,0.06930187671748596
等了半小时打电话催单，客服说帮我催，结果在正好一个小时的时候打电话说没有那种药，希望能调一下，多大的店找个退热贴要一个小时,0,0,0.06922355404623692
"太难吃了,是得罪卖盐的了么,买不着盐么,一点咸淡没有,醋任何调料没有,你不敢放,能不能拿外卖袋装点调料啊",0,0,0.06915250702581446
真的是没有最慢只有更慢！！,0,0,0.06908892579826402
"出菜慢，92分钟才送达,菜的味道实在太一般了",0,0,0.06855027962388985
送餐人员11点57分来电话表示马上就到了，我告诉他到了给我打电话，一直到12点30分拨打送餐人员电话，一直无人接听，12点40分送达，但是送达的餐还是错的，我预订的大排饭，给我的是卤肉饭，无语,0,0,0.0684551744192849
"送餐小哥忙死了,说接了30多个单,破商家没能力做就别接单,订单下了很久才做,1个多小时才到,以后不会再点这家的,垃圾,太垃圾",0,0,0.06844054279859516
根本就没收到，为什么显示已派送订货单完成？？？人呢？？,0,0,0.0681539748701126
一直钟爱宏状元家的皮蛋瘦肉粥，今天在医院输液人不舒服，突然想喝粥，虽然就10分钟的路程，却去不了店里，毫不犹豫下了单。结果真是大跌眼镜、大失所望，11:20下单，商家接单预计12:20送达，等啊等，等了又等，终于在13:15送到。过程中多次催单，商家毫不理会，联系百度客服却又不让取消订单，就这么让一个病人等了足足2小时，才喝上一碗温突突的粥，真是心都凉了，只能差评！,0,0,0.06810898367017017
还好我脾气好。等了两个多小时，都凉了。当夜宵吃吧,0,0,0.06808335393738416
"怎么就交易成功了？我都退餐了，我都打电话打到400了，怎么不退款给我,这平台怎么搞的",0,0,0.06801165565787357
11点58下的单，中午没睡觉等到1点才送来，中间给商店打了不下10个电话，要么打不进去，要么进去语音提示加微信查询，转接人工直接被挂掉....加微信后，咨询无回复，给百度外卖客服打电话取消，竟然说无法取消，再等等。真是醉了,0,0,0.06798793946368147
难吃，太尼玛难吃，不是正宗的,0,0,0.06777977517228433
太慢了，以后不点这家了！都凉了,0,0,0.06771671060273415
"送餐时间还可以,不过菜品不对,！,我点的饭,送的是意大利面！,差评",0,0,0.06762768848419162
送餐时间一个半小时，送到后味道极差，客户混乱完全无法联系到下属商家，总结：一家极其不专业且混乱的煎饼店,0,0,0.06744962516426443
太难吃了！就算减价了都觉得不值！还收了3元派送费！以后再也不会来,0,0,0.06734833064253726
"很一般,有点小失望,而且送过来是凉的",0,0,0.06725076597346892
"难吃,不给发票",0,0,0.06694642028531977
太久了。。。饭都凉了,0,0,0.0666654079870899
10点20下单，1点半还没有送到，只能取消订单。,0,0,0.0666205055974618
没有蜡烛！没有刀！没有帽子！！差评！,0,0,0.0664542267420912
送饭炒鸡慢，以后不会再订了,0,0,0.0663665179839311
差评，点的螺丝竟然不给牙签，宫保鸡丁味道一般，快递联系不上,0,0,0.06607824719652447
石锅拌饭量很小而且不好吃，蔬菜沙拉只有蔬菜连料包和沙拉酱都没有，完全没有味道。,0,0,0.06603068662014293
一般般还很慢,0,0,0.06594536985339684
最糟糕的一次接餐，都已经很晚了才送到，而且这是我到目前为止见的态度最差的一个送餐员，不给送到11层也就罢了，竟然吼顾客～,0,0,0.06578363063610243
一般。名不副实。不会再订了。,0,0,0.06577869271208427
135分钟才送到，让我能说什么呢？,0,0,0.06568346601985317
完全送错，没有一个菜是一样的，我也真是服了。送餐员在还没有送到的情况下就确认完成，这都是怎么找的人啊,0,0,0.0652227768923791
"不好吃,特别特别咸,等了一个半小时",0,0,0.06511915241619504
11点半送，12点才送到！,0,0,0.06502188746872585
粥是凉的，卷是错的，点的鸡腿肉，给的是红烧肉一样的不知道什么卷，不知道我不吃大肉吗？垃圾送货电话让下楼拿，我问为什么，他笑一笑然后就上来送了，态度反正很不爽，服务差，卷味道也一般，还送错，根本没吃，都扔了,0,0,0.06497188740982345
太难吃了，真的想不出还有什么能形容的，涩，难看，胡味儿,0,0,0.06496005655334973
迟到了一个多小时,0,0,0.06456291974999119
这鱼头也太难吃了！米饭就装了半个盒子，是有多抠门？,0,0,0.06429154224176044
迟到四小时送来，真的是宇宙第一慢，迟到也不打电话说声，什么狗屁卷饼。垃圾商家。,0,0,0.06421280546492833
味道一般吧，我让十二点半送来的，结果十一点半就送来了，我也是醉了。,0,0,0.06415959693601057
你知道多慢是慢么？多难吃是难吃么？,0,0,0.06414942042001481
"等了一个半钟头,垃圾",0,0,0.063702668666495
"还有比差评更差的评吗,小迂腐这名儿起的贴切,近两个小时不送,店家还失联,送来了打开一看一度以为送错了,红烧排骨套餐有一块排骨吗,这样的店还有存在的必要吗",0,0,0.0636653375120889
预计11点送达，12点半才送，送餐员没到就给我打电话，我在楼下等他五分钟，呵呵了,0,0,0.06357468335027944
饺子皮厚，褶皱处都没熟，而且破了好多，味道也一般般，素三鲜里有的韭菜一看颜色就是剩的，以后不会再吃这家,0,0,0.0634938050209081
"送餐时间推迟了25分钟,太慢",0,0,0.06344191163078143
多等了半个多小时才送到,0,0,0.06339840470000946
难吃又很慢再也不吃了！,0,0,0.0631892750246433
米线没问题、可是送来汤全洒了、写了要带辣椒也没有带,0,0,0.06306677616895699
还有比这更难吃的米线吗？,0,0,0.06289269368885061
点汤不送米饭，之前在店里吃的时候都是有米饭的，外卖却没有，打电话过去问，服务员态度也极差,0,0,0.06289142973084628
菜太难吃了,0,0,0.0628583927261442
定的石锅拌饭，但是没有拌饭酱！量很少，石锅牛肉饭就是肥牛盖饭，石锅鸡饭就是香菇鸡丁盖饭，味道不好还花了89，如果点吉野家妥妥吃到饱！差评，差评！,0,0,0.06283223534650395
送餐的过来，米线已经撒完了，没有汤汁，哎…很失望…,0,0,0.06248123236612828
包饺子太慢，让我等了一小时,0,0,0.06237212128310171
送餐太慢，面泡的都没味道了,0,0,0.06235607799275186
"很一般,送到家凉了",0,0,0.062335826415464535
差评，送货速度不是一般的满，竟然两个多小时才送到。打客服电话竟然是空号，简直无语。梅菜扣肉不好吃，米饭却是挺不错。,0,0,0.06220406579684784
12点18下单，等到一点四十左右才送来，饭是微热了，送得慢就算了，米超硬，这么久米都焖不熟？我喜欢吃硬饭都觉得真是难嚼啊，再说这个饭是五花肉拌饭，肉呢？一共就四五片都不到，20多？不会再订了！超级不值,0,0,0.06188226931035878
难吃就算了还慢.整整用了八十多分钟才到，明明九点多了才送到都凉了，为什么百度系统自己写八点十五就到了，你们就是这样忽悠顾客的，送晚了迟到了都无所谓，点外卖本来就是要等，但你们欺骗顾客自欺欺人真的很不光彩！,0,0,0.06182740046614314
送餐用了一个多小时。不好吃,0,0,0.06182178801854201
垃圾。傻逼外卖。11点半点的餐。送了2个小时。打电话询问一直推脱责任，没有任何答复和补偿。,0,0,0.06131438081417778
太慢了，我等了快一个小时，下单时候说明我很赶时间，还是很慢，下次得早点定,0,0,0.061216227522401634
味道很一般，以后不会再定了,0,0,0.061198157457032235
11点订餐，2.30才送到，饭都不能吃了。,0,0,0.061013776157053785
"太慢了点吧,将近两个小时,一次郁闷的订单",0,0,0.06098032719511582
饭太难吃了！吃了没几口扔掉了！以后再也不点了！,0,0,0.060141057913799756
等了一个半小时…实在送的太久了,0,0,0.06004888391971202
非常差，米饭夹生，打和合谷客服投诉，告知门店会有人处理，到现在也没有下文了，真的是无语了，以后再也不去去和合谷！,0,0,0.05981588181330818
这个菜也太难吃了，四季豆老的不行,0,0,0.05979584480856905
太慢了，气死了,0,0,0.05970853252992391
太难吃了，无法形容！,0,0,0.05958159523399049
十一点订的餐，一点送到，这是龟速吗？十二点第一次给餐厅打电话催单，餐厅说饭已经装好了，送餐员没来让我催催，两分钟后我给送餐员打电话，他说他已经在餐厅取餐了，十分钟后我又给他打电话，他还说他已经到了，在取餐，撒谎！！！！！十分钟餐还没取完，也是够可以了，差差评。,0,0,0.05923111206639022
等了一个半小时，羊肉串超小，最气的是塑料袋软化和木签粘一起了，一看就是着急弄的，白白的，没味！,0,0,0.05917205795824036
送歺太慢！,0,0,0.059058610739717424
"太慢了,量太少",0,0,0.05902965662347181
大周末居然1小时20分钟才送到，而且油特大，不好吃,0,0,0.058919432015792486
煎饼难吃死了。冒菜一点不辣巨麻，全都是花椒。也巨难吃。以后绝对不会吃了。,0,0,0.05868518167641873
等了2个半小时这也就罢了，想取消订单的时候商家竟然还关机。派送的大叔冒雨送来我也是觉得很辛苦，据说派送大叔不是商家自己的人，我看他的app上显示13:24接到商家发出的我的单子，可是，我11点19下单的啊！如果以上我说的这些都不叫事的话，那我收到的鸡腿肉卷里为什么是猪肉的？呵呵嗒，订餐受99点打击，再也不来了,0,0,0.05855607033803196
送餐太慢，太慢,0,0,0.058281948110649566
清炒时蔬你们能换一换别的菜吗？菜都是苦的你们自己尝尝好吗？太难吃了！！每次都是这种绿叶菜，每次都扔掉！,0,0,0.0580143493859132
这么近一个多小时才到～态度又差，气死了,0,0,0.05799141779883105
商家服务差超差，要的细米线送来的是粗的，要求退换，给打电话竟然说忙顾不上，还挂电话。在送来的也是坨的，而且还超级咸，是故意的吗？以后不会在点了。,0,0,0.05768770938958111
点三杯星冰乐都没有给吸管，订单备注的东西也都没有给带来,0,0,0.05736925449879231
"难吃,难吃,难吃。凉了,凉了",1,0,0.05728856400639847
1个半小时才送到！这速度百度还是不要自己送吧！,0,0,0.057237588527232486
送餐慢点要死，十一点十七定的，一会说开始送餐了，结果等到快一点还没来，马上都上班了，打电话问，刚送来，没送干嘛以前很早就写派送，等了将近120分钟，吃的午饭一点不爽！,0,0,0.05712045591220173
此单根本没有送达，打电话过去说没有做，都快两小时了，你告诉我没有做？垃圾垃圾。百度竟然还确认送到了，岂止是垃圾，简直就是垃圾,0,0,0.05707936042593186
时间太久，面条都软了，没有劲道，很难吃,0,0,0.05689250277087058
一个多小时送到，面他妈都坨了，,0,0,0.05671977251754657
真是醉了，我不小心订成货到付款了，刚订两秒要取消订单就不行，说已经开始制作了（平时去店里吃怎么没这么快？）还得打电话给客服，让取消单子。结果把我已经在网上付款的第二个单子取消了，让我再付46给他，真是呵呵你们一脸，我有病么付了钱的单子不要还要带着钱去再付一次。还告诉我15个工作日退款才能到账，涨姿势了，现在还有15天到账的，坑我钱么？,0,0,0.05658762936270454
"这店垃圾。一个多小时才送。,而且量小。,谁吃谁上当",0,0,0.05639750363759755
"差差差,东西少的可怜不说,这哪是石锅拌饭啊,简直就是米饭拌饭,米饭也不好吃,失败",0,0,0.05638177627745062
垃圾送了麻痹快两个小时！,0,0,0.05633517752991405
难吃。10点订餐，12点45才送到。而且餐被雨水泡了。,0,0,0.056183226937016356
太难吃了！头一次吃这么难吃的炸鸡，以后不会再买了,0,0,0.05594959234311685
"太难吃,点了绿豆沙也没给我。。。坑",0,0,0.055908954213273035
价贵，量少，味道一般，以后不会再来了！,0,0,0.05574541872322978
一个多小时，好漫长，都凉了……,0,0,0.05572175518253398
时间太慢了,0,0,0.055397666592284144
说是12:10分到，结果1点才送来！两个小时才吃上啊！,0,0,0.05538736111936224
定了正一味的辣白菜，18元分量很少，没有米饭，味道一般,0,0,0.05524056162951376
同样的餐点，不一样的配餐，一个里面有5种菜品，一个只有菠菜。同样的价钱，不一样的菜，备注里特异写了带酱油，结果还是没有带。菜品有汤汁，撒的所料带里全都都，和没有汤差不多。好差，送来的菜品撒的筷子上全是汤超级不好。,0,0,0.055041391619875306
我能说一句去TMD吗，两个小时才送来。,0,0,0.05485583002428886
不能难吃更多,0,0,0.05466274724537019
10.30下的单，11.20多到，发现没带餐，再次送来餐已经是12.50，还没带餐具，纸巾。饿的我呀，无语了，只能差评，没办法。,0,0,0.05463490028275487
"送餐不准时,说是12点18送到结果我多等了半个小时还是大了两遍催单电话的结果打电话去投诉说给我回电话就没信了送的餐除了饭还有点余温剩下的都凉了皮皮的没法吃",0,0,0.054606437282370496
我实在不想差评，11点半点餐到1点半吃上饭，中途打电话经历了关机及联系客服以及想取消的时候一直被告知马上到，菜到了已经凉的确实天气不好也阻挡不了心情实在太差,0,0,0.054534253842137684
送的太慢，10点40下单，12点42送到，今天再试试，看是不是还这么慢,0,0,0.05431766085242915
"太慢了,1.10才送到",0,0,0.05418263805857085
大哥赶紧给我送饭吧，我都等了一个多小时了。,1,0,0.054138202680044815
一个午饭能送到晚餐时间还没送到我也是醉了，还不能退单,0,0,0.05397422110419451
11点半订餐，2小时才送到,0,0,0.05397036250827188
菜品做的不好,0,0,0.053884119046504746
"等了两小时,还超难吃",0,0,0.053780672407808344
"这个送餐员没有给我拿勺子,我点了汤！怎么喝！也没有给我拿发票.我都备注了！！这么多回头一次差评！",0,0,0.05338650457213849
送餐太慢，收着送餐费还超时半个小时！最后一个送我的，面条全粘了！,0,0,0.05337423326014438
炸酱面送来的时候已经坨了不能吃了，粥还行。送餐时间大约两小时，不建议送,0,0,0.053357889012516486
菜品质量不错，但是送餐速度太慢了，一个小时才送到，肚子都饿扁了,0,0,0.05329934727933671
两个小时才送到，还说路上堵车，骑电动车哪来的堵车,0,0,0.05301065580163716
送餐两个半小时，别的不说了,0,0,0.052761869630338874
差评，不知道谁送餐，不知道送了没有，打了七八个电话都找不到。,0,0,0.05275169312947583
1点多了，两个多小时了，一直没送到。太垃圾了！再也不订了！,0,0,0.05243239130368318
坑！等了两个小时！催单三次，打电话过去N次，一直通话中！都没法取消！我都不想骂人了,0,0,0.05241324432675132
要求送达的时间是11:30，可是到了12:30还没送来，给商家打了电话取消订单，可是等我13:00吃完饭回来，发现餐扔到了角落，然后给商家打电话，商家一直拒接，这TM什么人啊，就你们这服务态度，知道的人还有谁会订你们家的餐，这服务太TM的差了。TM的狗屁这是,0,0,0.052290136649195
生生把中午饭送到了下午，将近2个小时，而且不止一两次，每次给机会，每次都如此，走路过去不到十分钟的事！等电梯的2分钟都要打电话催，一碗汤不如叫一口汤好了。差评，以后再也不订了。,0,0,0.05220136388935085
送过来晚了一个小时饭菜都凉了,0,0,0.052096769124247266
"太慢了,慢的不行,而且外卖肉少的可怜",0,0,0.05188260540310231
送餐时间长达2个多小时，十分不靠谱，11点下单，13:30送达，不靠谱！！！,0,0,0.051864286597810484
一般，很一般,0,0,0.05184297375215179
差评，晚45分钟还有理了，饭都凉了，没下回,0,0,0.05158991069449325
真是太难吃了，硬得咬不动,0,0,0.05155012708661914
给一星都多，等了三个小时没送到。电话取消了订单，下午2点多送到的我直接拒收了。商家居然还说订单已完成！！！真是无耻！！！！,0,0,0.05148050317508712
差，都太差了，要的全素的给我送来的全是面，还说是我没写清楚，眼睛都有问题该去眼科看看了，这顿饭吃的可不是一点点恶心。,0,0,0.051460663144316826
服务态度很差，让人等将近两小时也就算了，还少送一样，给打电话送少送了，还说让等下次点时一起送，这么差的态度谁还点下次啊。凉拌米线也很难吃，感觉糊弄的态度，简直一个差字都不足以评价了,0,0,0.05139579754826751
送的太慢，最慢一单两个小时都没到,0,0,0.05131978015536241
送餐速度真慢，送来的都是凉的，让人怎么吃,0,0,0.05068504158974556
没见过这样的餐厅，十点多定的，整整送了两个小时，电话费都不知道打了多少！！！！,0,0,0.050520165895315085
今天这顿午餐吃得着实不爽，10点多订餐，要求12点到，结果迟到了40多分钟，1点就上班，还有时间吃饭吗？配送员竟然和我抱怨说这边太远了，这个理由太扯了吧。好吧，就不说菜汤都流的到处都是了，着急赶快吃完上班，一口菜进嘴里，一个比鱼刺还大还坚硬的塑料碎片卡在嗓子眼，估计是你们塑料勺碎了吧？怎么还掺在菜里面？幸好我及时取出，现在嗓子眼还疼着，物证还保留着。这种卫生，着实醉了。,0,0,0.050363509014568
第一，这个系统怎么回事？明明12:50才送到，下方黄字系统写的11:52到达。第二，这次包装很不妥，饮料把菜盒压扁，菜汤粘了饮料半罐，送的餐巾纸是用来擦这菜汤的吗？第三，米饭很一般。,0,0,0.0502654556906965
"疑似送错,没奶泡,没焦糖,还撒了,送了一个半小时,商家又没超时半价,张嘴就跟我瞎话,还系统已经自动半价,送的貌似是普通拿铁,估计我那杯不知道给谁去了,为别人多花四块,呵呵",0,0,0.04897911550521121
"等了好久才送到,真不是一般的慢,比预计晚了降近半个小时,连电话都不打一个",0,0,0.04866212331446017
将近一个小时才送到，因为已经要离开原送货地点了，要打电话问店家电话也永远不接，反正吃到的时候已经都塌塌了，所以口味没有传说中那么好。可以理解太忙了所以很晚才送货出来。但是明显不是占线而是客服故意不接。这样有急事需要联系的话真的太不好了。,0,0,0.048576158519755726
竟然悄悄涨价，素三鲜味道一般，备注了也没给醋和辣椒,0,0,0.0484743118803652
送餐慢，饭都凉了，胡萝卜丝太多，其他蔬菜几乎没有，不好吃，鸡块真的很玲珑。,0,0,0.04839217608084468
口味还可以，服务不怎么样，打了商家电话，和她说话说听不到，然后就给挂了，送餐太慢，我同事的20分钟就到了，我这一个小时才送到。,0,0,0.04817015062272218
送的速度太慢等了一个半小时,0,0,0.048044212831892405
送餐速度太慢2个半小时没送到餐,0,0,0.04792350526830032
我在北三环，结果送到南五环去了。害的我等了一个多小时才吃上饭,0,0,0.04779920180678955
太慢了，一个多小时我都上班了才送过来,0,0,0.04762530671289994
真的很差，送餐时间足足晚了1个小时，还不让取消订单，霸王条款呀。,0,0,0.047565421444809866
太慢了，等了两个多小时，而且特别咸,0,0,0.04681344780794125
物流特别慢，催了一次单，打了一次客服，评价居然显示12：50送达，你送到了吗？一点半才送到好不！等了一个多小时！,0,0,0.04665845685705568
不好吃，等了快一个半小时，饭都不热了，难吃！明明走着送也就十分钟的路程，却这么久！,0,0,0.046499576916675556
送到都凉了，味道一般,0,0,0.04633615537644377
太差劲，等了92分钟居然还没送到，请问有没有职业道德，还讲不讲信誉！,0,0,0.046282188277430504
呵呵。写的30分钟，送了1个多小时，泡菜汤好一般啊,0,0,0.04624441539603994
送餐两个半小时，不能更慢！木耳里有飞虫，无语！,0,0,0.04590809007487558
两个小时，醉了,0,0,0.045593748042711005
"等了一个半小时多,两份饭都是错的,而且该送的饮料也没送。。。",0,0,0.04550968474268927
送餐慢也就算了，东西都凉了不好吃了，差,0,0,0.04550439072826516
再也不会定了，不到十一点定的，快一点才到，中途打电话取消，压根不接电话，太恶劣了。送来的卷饼包了两层锡纸，因为第一层包不住汤，又包一层。拆开根本没法吃！木耳跟最开始的味道也不一样了。良心哪去了？！,0,0,0.04545474452425557
"怎么一股汽油味？难吃死了,食材也太差了,浪费钱",0,0,0.04513017722807633
两个半小时才送来，非常不满意！说什么停电两个小时，那停电你就别接单啊，我叫别家外卖也行啊，或者提前打电话解释一下也可以啊！,0,0,0.044915068952124194
极难吃，水平还不如路边摊，再也不会点了,0,0,0.04478655905635974
点了薯条没送过来，又跑了一趟才送到。可是时间太长不想吃了。送过来的汉堡都压扁了,0,0,0.04453394268146152
吃个饭等了一个半小时,0,0,0.044448416198813
等了一个小时零三十五分钟。多次打店家电话，不是没人接就是占线。我们公司中午吃饭时间就一个小时，等送到的时候我们下午已经上班了。而且饭都凉了。,0,0,0.04390739560597584
差评差评，十点定的，一点半才送到，没有任何道歉，再也不会定了,0,0,0.043396155792776635
送餐太慢，打电话摧态度比我硬,0,0,0.0432323553507889
迟到了半个小时，星巴克没有吸管！！说了要发票也没有！体验很差！！,0,0,0.043215839827748605
订了一份牛肉水饺，不知道是送错了，还是什么原因，一点牛肉味都没有，跟猪肉大葱一样味，26元，少，没牛肉味,0,0,0.043103996459941035
"肘子卷饼根本没有肉的香味,不咸不淡不好吃,提前订的,等了2个多小时才到,我打了5个电话催,真是醉了",0,0,0.04305446287964017
时间太久，在店里吃的中薯和中可跟外卖送来的不一样，这也太小了，而且送来之后可乐就只剩一半了，另外一半已经漏完了，我也是醉醉的！,0,0,0.042870155386520004
给我忘了三次了，今天又点了，居然都一点多了都没送，打电话都说已经在送了，都没核实是谁就说送了！后来要取消也取消不了，电话也打不通，饭也没给送，也没个说法。害的我中午没吃上饭！气死了！看情况就是把我的忘了的。,0,0,0.04226023151867395
太难吃了。大米不好蒸的也不好。鸡都是碎的。,0,0,0.04218223116037006
说是半小时到，结果1个多小时才来，也没有减免送餐费,0,0,0.04218064624037193
点了三个菜，忘点了米饭，其实商家下单时友情提示一下，然后又等了快三十分钟米饭送达，然后发现，给我送了两次都没给我筷子。。。,0,0,0.04212963439615913
我点的是套餐，是不是应该有饮料？反正我没有。送餐时间太长了，差不多了要40多分钟,0,0,0.04184871638264869
很难吃，送的也慢，整整迟到了两个小时,0,0,0.041758569415223795
第一次点，感觉很不好！以为不会有什么问题，送餐员送完马上就走了，也没有清点菜品。另加了一份花生米和一份白米线。可是送来时只有一碗汤和一袋白米线，不知道另点的白米线是不是装在了一起，感觉不像，因为实在是太少了，就像一份的量。碗里没有花生米，也没有另装一袋。碗里倒有云腿1片，不知道是我花两块钱点的还是原来就应该有的。虽然就几块钱的事情，但是感觉商家不细致，不诚信。,0,0,0.04168500124052736
送的太慢了1个半小时,0,0,0.04165182815631019
10:23下的单，提示卖家已经在准备了，11点左右打电话过去问，店家说正在准备打包，11点才送外卖，我说好吧，快点。11:26我取消订单。（我已经等了一个多小时了）11.34接到电话说，餐到了，我说都一个多小时了，我不要了，店家态度非常恶略，说胡说八道，哪有一小时！我说你回去看我的下单时间。对方就直接挂电话了。,0,0,0.04120092746562563
专门打电话过去说不放葱，接电话的是个小姑娘，我专门查了下我点的订单，跟她核实了，她也答应按我的要求做。可是送来的时候皮蛋豆腐整整一层葱，从天亮挑葱挑到了天黑。接电话的姑娘，你是瞬间记忆的脑子吗？无力吐槽。。韭菜盒子太焦了，已经趋向于糊了。皮蛋豆腐送来的时候，三分之一是渣状，不是层状的，对此，我也表示理解。。总之不会再跟你家打交道了，连电话都接不好的前台也只能是前台，顶多收个钱。,0,0,0.041158624214533944
10:30下的单，12:53送达！两个多小时！！电话还始终拨打不通。强烈投诉！送餐员催我下去拿餐倒是催得很积极，还问我要不要，不要他收回，说还有好多人的都没做出来呢。。这是午饭吗？！。很差的体验，咱也不会点了。,0,0,0.040703306305001054
都凉了，不好吃,0,0,0.04056559184031917
两个多小时送到，味道一般,0,0,0.04046459905832043
送餐速度太慢，打电话想问问做了没，服务员的态度太差，竟然就喷顾客。所以以后都不会再订这家的,0,0,0.04011470544951436
差评！！！实在不知道该说什么，事情太复杂，送餐人员一开始就打了一个电话，因为手机静音没有接到，马上就打回去了，结果说已经到别的学校了，好吧，那就等，结果期间又打了三个电话，还是晚了五十分钟送到了，总共等了将近两个小时。送到了也就没什么了，结果取餐的时候，我们还没说什么，送餐人员直接抢白，说因为我一开始没有接电话，他送了一圈饭，最后又回来我们这边。我们都能理解送餐人员的辛苦，可是您态度太不好了吧！说句凶残的话，怪我咯！！总之，任性，就三星！,0,0,0.04008011492092541
11点半定的餐，13点10分才送到，打电话催单，答复是配送员不熟悉道儿，吃的整个是冷餐，不知道留电话是干什么用的，配送员还把收的钱放在我的餐袋里，与餐巾纸放在一起，可见卫生意识太差了。,0,0,0.04003626609382178
"送的太慢了,2小时,菜都冷了",0,0,0.039992748577642956
上午10点半订的餐，一点才送到，都凉了，粥连个勺子都没有，怎么喝？南瓜粥淡的要死，皮蛋瘦肉粥跟大米粥差不多。没啥东西。,0,0,0.03978228280834045
"今天的实在不够恭维，盒子都烂了到处都是，你说还能吃吗？,送餐时间更是离谱过了送餐时间一小时.,等了快两个小时",0,0,0.03908930691233489
送餐太慢了，垃圾,0,0,0.03906043906745864
"客服电话完全打不通,两个小时才送来,早饭变午饭,没见过这么过分的,再也不会定了！",0,0,0.039008882538909925
"11：13订餐,送了一个半小时,不说什么了",0,0,0.038385251562274764
太慢，太慢，实在太慢。而且也不好吃。,0,0,0.03814353725095082
这送的也太慢了，来了之后基本都是凉的，学校离着五道口几百米，还这么慢，1个多小时啊！感觉不会再爱了。,0,0,0.03810237011481214
菜很难吃，大盘鸡全是鸡肉，没看到腿或者翅膀，白菜很黄，像腌菜，要了两份米饭，只送了一份，打电话质问，还说两份在一个盒子里，一个盒子两个人怎么吃呢！,0,0,0.03807311295590707
点了石锅拌饭和肥牛石锅拌饭，全都是拌好的饭，感觉象剩饭，里面基本没菜，太难吃了！！绝不再点正一味！太差了！！,0,0,0.03792903914688844
两个小时，餐还没到，速度太慢，差评。而且我还没收到餐，网上订单就显示完成了,0,0,0.03765719544279972
"哎。。。完全没法评价这个送餐速度。。。竟然送了104分钟，我真是醉了。。一个小时的时候跟我说送出来了。。然后过了44分钟才到。。有这么欺骗消费者的么。。你说人太多就算了。我订其他家的。。真是过分啊！,而且之前一次也是送了1个小时14分钟，再也不定这家了。。太垃圾了",0,0,0.03762662815147425
等了一个半小时，16：47下单，等到七点多，到了牛肉太少，土豆块里面没熟，不知是不是把我落下了，后来仓促做出来的,0,0,0.037404073779261304
要的发票没有，餐具也不够，太差劲了，配送时间晚了半个多小时，饿死了都,0,0,0.0372706388906595
太差劲了，13:30才送到，晚了2个小时。谁这个点吃午饭啊？直接让他走人，以后再也不定这家了。,0,0,0.03722171596239564
不是一般的慢等了两个多小时，冷面已经成一坨了，夹着一根面整碗都能提起来…,0,0,0.037040669957278394
送餐时间平均为一个半小时，等两个小时纯属正常，各位可以试试,0,0,0.03696484839597284
等了快两个小时。。。都饿晕了再也不会用这家，没有筷子没有餐巾纸米饭也是随便盛的,0,0,0.03692680345388224
服务态度实在是受不起，十点二十点的餐，一点整送到，点的河粉都成一坨了！而且第一次打电话给商家，世纪就隔了一条马路的距离，店家居然告诉说你们那么远？！然后名正言顺的在点完餐2个半小时才到。更搞笑的是后来多次打电话居然根本全部打不通，你tn是屏蔽我了是吗！由于送餐的绝对及时，是在临上课前两分钟到的，于是，我们很愉快的中午定了份晚上的外卖！！要不是评等级最低给一星，我真是一个星都不想给！中午简直是气饱的。,0,0,0.03659776475595449
就一点牛肉酱一点味也没有，，太差了,0,0,0.036442666067031504
送外卖的人真的太太太慢了，饭店都做好半个小时了，才去取餐，送到后，饺子都已经凉了，而且都粘住了根本没法吃啊！,0,0,0.03608815088857509
太难吃了。,0,0,0.03597517557641958
特别慢，等了一个多小时。个人感觉不好吃,0,0,0.03541230087973949
从下单到送达用了将近一个半小时，据商家反馈送餐员在路上狂奔了30分钟，从郊区都能到市中心了吧。饭送到都凉了，吃到胃里都是凉的。不会再订了。,0,0,0.03532019573692624
送了三个多小时才送到，拆开之后披萨完全塌掉啦,0,0,0.03485169562893098
下了单说一个小时之后送，过了一个小时送餐员打电话又说晚15分钟，而且态度不好！味道也一般，跟小螺号比差远了，再也不点了,0,0,0.03436928857251021
太慢了，送了两个小时,0,0,0.03399932929283325
送餐时间长达两小时。太慢了,0,0,0.03391516625030084
味道一般！而且等了一个多小时。,0,0,0.03324960655458258
真心醉了，三个小时才送到，打了二十几通电话都没打通，人品跌破最低点了。。。,0,0,0.03244312863849092
千万不要买，太难吃了，去年去店里吃过感觉还不错，今年完全变了啊，厨师是回家放牛了吗，还是老板变黑心了，全是肥肉，再也不会去吃了，小伙伴们千万别买啊，别上当，满20减19我也不买，而且送了一个半小时，我也是醉了,0,0,0.03204435028363904
送餐速度太慢，两个小时才到，打电话也不接！味道也很差，直接扔掉了。。。。点过的最差的外卖！！！！！,0,0,0.03193948976581641
真是不想评价了，等了一个半小时多，菜难吃,0,0,0.031819542522843504
太次了，一个半小时了才送到，面都驼一起了，没法吃扔了，以后再也不定了,0,0,0.031745234736120065
送餐晚不说，打电话没回复，一点沟通都没有，差差差，绝不会再定,0,0,0.03151248600656454
送餐太慢了，等了1个半小时；味道还行。,0,0,0.03136111445325171
都洒了，不单小菜洒了，饭也弄得乱七八糟的，而且等了一个半小时！,0,0,0.03028624824779262
"花了一个半小时才送到,肘子卷挺一般的,皮蛋粥也不怎么样,第二天早上还拉肚子了,不会再买了",0,0,0.029667751020890695
差评！一点菜没有，咖喱猪排饭一点咖喱也没有，只有两块土豆。送餐时间一个小时！催了三次！评价这个界面的送餐时间也是虚假的，根本不是真正送到的时间！,0,0,0.029388494141121536
一个小时才送到。醉了,0,0,0.029328528280708557
操，送来全洒了不说，大夏天送来全是凉的，一个半小时送到，你们是特么做蜗牛来的吗？破外卖，必须你妈负分。菜品也特么很一般。,0,0,0.02922116472886901
订餐时间是中午1点，等了一个多小时才送到，打开一看量少的惊人，炸薯条成了粉条，软绵绵的，拌饭里的蔬菜跟剩了几天的菜一样，黑乎乎的，炸鸡更难吃，价格一点不便宜，还做的这么难吃，第一次定也是最后一次！这里不能放图片很可惜！,0,0,0.028942814101760483
2个多小时才送到,0,0,0.028308731741676498
一个半小时才送到，催单态度还不好！,0,0,0.02781107104889175
我已经不想骂人了，我只想打人！跟同事一起订的让11点半送到，结果同事的送到了，唯独没有我的！打电话问店里（很难才打通），他们说11点20就送出了，那为什么没有呢？打了好几个电话催，终于在12点30多送到了，这一餐吃得艰辛啊，还害我午休时间都没有了！再评价饭菜吧，米饭不错，是大米饭，软硬适度，但是菜一般，不值，加一起差不多也就值花的这些钱，加上百度给的13块就实在是不值了，不知道是百度被坑了还是我被坑了。三次订餐都很失望，我不会再在百度外卖订餐了，失望至极！,0,0,0.02654492092670948
"送餐太慢了,等了一个半小时",0,0,0.02637098221227735
鸡肉荤死了！难吃，太难吃了！,0,0,0.026334784924974236
太慢。。。1个半小时才送到。,0,0,0.02622664477902595
一个小时才送到，面坨成个疙瘩，没法吃，扔了,0,0,0.02611484214743579
饼都泡的都裂开馅儿全部出来了，两个半小时才送到，,0,0,0.025977290984162883
下单2个小时才送到。无语了。,0,0,0.02514264032499946
一切都是那么的差，等了两个小时才送到，煎饼都凉了，又硬又难吃，客服电话没人接，送到了还找各种借口，百度外卖上体验最差的一次！,0,0,0.025057834286768107
时间太长，等了一个半小时，外卖都漏了，全是油,0,0,0.02425501819646988
太慢了，打电话催单手机还关机，两个小时才送来,0,0,0.024137975991272966
送餐太慢，等了两个小时，无语,0,0,0.023836294989961378
"差不多两个小时才送到，要的七喜，送来的可乐，而且都没气，可乐成糖水了,汉堡跟薯条挺好",0,0,0.022770001290840503
餐厅说有事儿？！送太慢！！！果断差评，等了一个多小时,0,0,0.022429870184733802
超慢两个小时才送到,0,0,0.020705068116101233
太慢了，等了一个半小时,0,0,0.019478760706377923
送了一个半小时才送到，饼还是凉的，差劲透了,0,0,0.018868651423777597
实在是太慢了，等了一个半小时。菜都凉了，锅包肉凉了还能吃吗？,0,0,0.018375376306121318
两个小时才送到，失望,0,0,0.017766083448916954
我等了一个半小时才送到，都快上课了根本没机会吃了，打电话想取消订单打了无数次都打不通！！！！,0,0,0.01747822781446008
第二次叫这家外面，发誓再也不会订第三次；第一次是冬天等了两个小时，饭凉的还特别难吃；这次是等了一个半小时，三盒饭连袋子都没有，全是油…最奇葩的是，筷子沒有任何包裝就在手裡拿著，叫這家外賣的請自行準備筷子！然后再次刷新了难吃纪录，汤里的豆腐是酸的，太难吃了全部扔掉重新叫的别的，两次都这么差，真是绝了这家！,0,0,0.012687118825954323
