review,actual_label,predicted_label,recommendation_score
总的来说还是不错的，除了床小点，改换大的，其他还是不错的，新装修，服务也不错！,1,1,0.9798136335235241
地理位置好，环境不错，房间很大，但是早餐不如过去丰盛，整体感觉不错。特别强调，服务好！,1,1,0.9796864069858129
订的是厦门宾馆的5号楼，很安静，房间很干净、宽敞、舒适，服务也很不错。宾馆的地理位置很方便，到厦大、轮渡都只要起步费，而且宾馆本身是花园宾馆，也很漂亮。还有，送的双早也很不错。总之，非常喜欢的宾馆，下次去厦门一定还会住的。,1,1,0.9792826152036118
很不错，前台彬彬有礼，房间干净整洁，出门就是客运中心，走到美食林和休闲场所都很方便。注意，听当地人说报国寺的美食林东西整整是峨嵋市里美食林的两倍，我们逛了逛，服务也怪怪的，就到对面峨眉山大酒店的仙林小厨和避风港分别解决了肚子问题，毕竟那里看起来正规些。整个峨嵋景区的管理还是很好的，明码标价，服务也不错，值得推荐。,1,1,0.9781521714509444
*房间很不错，服务很好，就是位置偏点，在机场到市区的路边，打车到江北商业圈起步价。*早餐不错。,1,1,0.9763040105989444
环境很好，地点很方便，服务也很好，下回还会住的！,1,1,0.9760088295142116
交通便利，房间很整洁，价格也合理，服务很不错，工作人员态度也很好，比较满意，唯一不足的就是离4星似乎还差一点！,1,1,0.9749996390620946
酒店环境不错，挺安静的。服务也不错。推荐建德镇上的胖子新排挡，哪里的酸菜鱼不错,1,1,0.974890911933266
总体来说，还不错。房间比较干净，服务也不错,1,1,0.9748088515758486
可以看到乌山和于山，风景不错，环境不错，服务也还可以。,1,1,0.9744587989206177
在西宁应该说是不错的酒店，4星级。我住的商务房很宽敞，也比较干净。服务质量还不错。早餐一般。地理位置也可以。就是价钱（501元）在西宁显得高了点。整体看来基本满意。,1,1,0.9741505181666794
"房间OK，很大,服务也不错，,环境优美,交通很方便.",1,1,0.9737229200561563
还可以大堂也不错房间也不错价格也还合理免费的早餐也很不错。。比较满意下次还住的可能很大。。。,1,1,0.9734248869151336
交通很便利，离商业街（太原街）很近，虽然太原街破了点，但还不错，离车站也很近。房间比较安静。面积不是太大。但床挺舒服。服务也还好，但赶紧价位有点高啊。总体感觉值得入住。,1,1,0.9732219318907454
我住的是488的商务套间，房间很大，环境不错，服务也很热情，感觉值四星。早餐现在加了牛肉汤，味道不错。淮南现在有了按5星标准建的新锦江大酒店，下次去试试。,1,1,0.972772370114937
上次出差住了，主动免费升级了家庭套房，很不错，就是电脑太慢，系统也很老，不好使，有室外游泳池，不错的，出脚也方便，走几分钟路程就到狮子桥美食街，地铁站也很方便！就是房价太贵，三楼的餐厅也不错，价格也蛮贵的。,1,1,0.9723951121474308
"物超所值,房间比较新,干净.温泉很不错,早餐也很好.",1,1,0.9715095364344146
房间蛮干净，地理位置很好，早餐还不错。就是价格贵了,1,1,0.97137846847342
我和朋友来厦门游玩，听说这家酒店在市政府中心，交通很便利，于是我们选择入住这家酒店。从机场坐的士直达店门口，只需要20分钟左右，刚下车，值班经理见我们带了行李，马上上前来帮忙并贴心慰问，后来得知我们的来意，交代了前台的接待员把我们安排在同一楼层住，我们都感觉很满意。整体来说，酒店的服务很热情，房间干净、整齐，入住时还赠送了欢迎果篮，房间内还有免费宽带上网，游泳池和康乐设施也不错。这里的自助早餐也很丰富，总而言知，物有所值。一出门口，就是车站，周围有厦门各种出名的小吃店，西餐厅也不少，还有比较有特色的商业街，连银行中心也在附近不远处，购物非常方便。来厦门游玩，这家酒店是不错的选择！,1,1,0.9708202249258179
"地理位置很好,房间不错,早餐丰富,总体很满意.下次还会去住.",1,1,0.9704867687313393
此酒点很不错，环境很好性价比高，下次还住,1,1,0.9701322609371891
"不错的酒店,服务还可以,下次还会入住的~",1,1,0.9699090098239296
服务很不错，服务员也很有礼貌。房间宽大，设施非常全，房间拖鞋不错，比其它酒店的好多了。酒店位置也很好，购物，娱乐，都很方便。总体很好。,1,1,0.9697603242365332
因为是新客房，房间设施方面就还不错，客房服务也非常好，不过酒店服务就差一点，西餐厅的餐点也不太好，早餐还行，地理位置还不错，属于市中心的位置，只是停车不方便，下次还会考虑入住。,1,1,0.9697060308838135
"房间装修很好,尤其是床垫,住起来很舒服.卫生也很好,很干净.服务还可以,结帐速度挺快的.酒店的位置也可以,交通还很方便.餐厅海鲜的品种有点少,朋友聚会也挺好的.最主要的是价格实惠!!呵呵!!!反正总体感觉还可以,在秦皇岛的三星级酒店来说,性价比还是很高的.推荐!!!",1,1,0.969637926333458
套房很不错。风景也很好。唯一美中不足的是酒店的位置比较难找，交通也不大方便。,1,1,0.9666471941032304
酒店房间不错，就是价格偏高，餐饮很方便。就是距离市中心太远,1,1,0.9663530318685822
地点很方便，房间很舒服，服务也很好，就是价格不便宜啊！,1,1,0.9656977837090257
为客人订的。他比较满意。看来是不错的。出入非常方便。,1,1,0.9655622765649289
"条件不错,价格也可以.早餐一般,服务还好.性价比还不错的一家酒店,下次还会再去住的.",1,1,0.9652968835932826
"酒店的地理位置不错,价格有竞争力,服务也不错,是值得推荐的酒店.",1,1,0.964607932017174
"酒店比较老,但是设备维护的还是不错.服务不错,比较细心周围,晚上回来开了夜床,感觉很好.楼下商场据说算济南最好的，感觉不错~~`下次还住这里",1,1,0.964540278644691
房间不错，环境好，早餐不错，就是比较吵！,1,1,0.9637255112819243
总的来说很满意。距离市中心稍微有点儿远，房间干净，整洁。我住的大床房，面积稍小。服务很好，帮我免费洗了内衣，每天送水果（2个香蕉加2个苹果），服务员很有礼貌。缺点是早餐不丰富，1楼的餐厅价格太高。,1,1,0.9634417092905653
房间很好，设施也很新，总的来说还是很满意的。周围的很方便，楼下隔壁都有商场。,1,1,0.9633091284438818
"总体环境不错.这次入住的是超标准间,市内的两扇大落地窗不错,自然采光很好.早餐品种也还丰富.再加上酒店还免费赠送两听可口可乐,虽然没喝,但感觉还是很亲切.离市中心很近,步行就可到达,离夫子庙也就一个的士起步价.美中不足的是房间内没有落地镜.希望能得以改善.下次还会入住.房间价格已带早餐,这个的确很方便.补充点评2008年6月20日：酒店的大门太小,不显著.如果不熟悉路况的人不容易找到,非常容易把写字楼入口的大门弄成是酒店的大门.希望大门本身能得以改善,或者制作相应的路标牌.",1,1,0.9631478502864849
"前台服务非常好,到的时候由于开会没有我预定的房间了,自动帮我升级到了套房,房间很干净,酒店整体性价比都很高,只是如果不坐车的话就需要走大概100米的上坡路了哦!不过锻炼身体也是不错的,总的来说很满意,以后还会住的.",1,1,0.9630327713229024
"环境不错，比较安静，停车管理也很好，离开花港观鱼步行15分钟足够。豪华大床间的床不够大，三口之家如果孩子大一点是有点拥挤的。不过整个酒店还算比较中规中矩。客房也干净，服务员也很客气。餐厅不满意，晚餐懒的出去吃就去餐厅，首先是菜单很普通，象小菜馆的菜单，装盆都是大盆，三口之家很浪费，可能是因为酒店为省总工会的工人疗养院兼体检中心，所以菜非常的淡，好像忘记放盐了一样。不建议餐厅用餐。早餐的品种不丰富，早餐很一般。我个人认为住宿是个不错的地方，对于自己开车去，还是不错的选择。吃饭还是走15分钟到花港观鱼门口的“味庄”吧。补充点评2008年2月15日：楼下说的不错,那个副理确实很能承受。那个顾客确实很不象话，一个说话很恶毒的顾客。",1,1,0.9624442106700938
地理位置比较方便，环境还算不错，比较安静，房间也很干净！,1,1,0.9622841276394983
酒店环境不错，早餐也还好，虽然是西餐厅，但也有些中餐，味道还不错。商务客房不是很大，但是功能较全。这次唯一觉得不太满意的是酒店的枕头不是很舒服。房间空调声音比较大。CheckOut也比较快，我只用了大概3分钟，效率还是蛮好的。下月可能还要去那边，还是会选择三德的。,1,1,0.9621011810006207
服务还好，早餐不错，酒店位置不错，值得推荐,1,1,0.9615014946342945
酒店的的布置很舒适，位置也很好，在闹市区，有闹中取静的感觉。很不错！,1,1,0.9609576541144653
酒店位于福州最热闹的东街口，出来吃饭购物逛街都十分方便。商务单人大床间房间够宽敞，还配有液晶电脑，很方便。尤其值得一提的是酒店的服务，非常棒！每天晚上都有楼层服务生专门送来的小点心和温馨的明日天气提示及当日报纸，感觉很贴心。下次来福州还会选择这家。就冲这么贴心的服务也觉得很值得。,1,1,0.9607882929469422
"总体还不错的.房间很大,很干净.价格能再优惠点就好了.",1,1,0.9602865791673278
上个周末去无锡，看了诸位网友的推荐，住的友谊，总体感觉不错。总体情况基本上前面的网友们都说到了，酒店的周边环境一般，当然和风景区不能比，也不能算嘈杂，一般的市区非繁华地段大抵如此。好在酒店弯在里面，所以基本上没什么影响。酒店边上有可的便利，稍远一点有乐购，交通也很方便。房间床比较硬，卫生间比较小，电脑病毒比较厉害，不过总体来说瑕不掩瑜。我们住的2号楼商务房，房间大而且干净，卫生间也很干净。酒店的服务态度非常好，check-in和check-out的速度也很快，特别值得一提的是中餐厅的菜很不错，至少很对我们的胃口，听边上的一位当地人说这边的无锡菜很地道。是一家性价比很高的酒店。,1,1,0.9600141856061111
"酒店的位置很好,距离火车站非常近.总提感觉酒店的性价比不错,房间不是很大,但是对于出公差来说,也是十分不错的选择了.",1,1,0.9597277827653689
"非常好的酒店,服务也很好.我住的是行政豪华房,里面干净宽敞舒服,对面可以看到锦绣中华的全景,晚上还可以看到那里的烟花,好漂亮.还可以延长到下午的4:30之前退房.下次还会选择住这家酒店.",1,1,0.9591977524099667
上个星期刚去过，非常好。自驾车过去很方便，从金沙江路过去路程差不多一个小时，订的是3号楼的大套间，实际拿到房间3303，房间非常大，还有个大阳台，不过好象不是每个房间都有，房间的布局还是不错的，酒店离佘山的森林公园实在是太近了，过去最多走5分钟就到了，酒店里吃的东西也还是不错的，总体来说很不错，酒店的服务和环境也非常让我满意，适合休息日过去放松。,1,1,0.9591775244037474
冲着恐龙园的门票去的，房间布置装修比较满意，卫浴设计小孩子很喜欢，因为可以直接从浴缸里爬到床上。房间比较宽敞，园景房的阳台上景观也不错。因为害怕有蚊子所以特地带了蚊不叮去，没想到酒店在阳台上装了纱门，很不错。特别提一下酒店的中餐厅用餐环境很好，透明落地玻璃旁用餐很舒服，味道也很不错。下次去还会选择该酒店。唯一不足的是310房间半夜的时候阳台上有风刮过的时候移门发出很怪异的响声，让人心里很是害怕，再加上超级差的隔音，导致我晚上几乎没睡着。,1,1,0.9590708899222776
唉！每年都会住几次这家酒店，这次总的来说服务还是不错，就是酒店旧了,1,1,0.9587414903816386
总体感觉不错，191元/间的标间物有所值。,1,1,0.9586980961709095
感觉不错，住了好几次了，交通比较方便。值得推荐。服务也可以，但是大厅可能不太起眼。,1,1,0.9584726679453432
订了套餐，酒店花园风格大气，感觉不错，我想春天应该会更美吧！晚餐用了地方风味套餐很“土”，也很入味；60元抵用券在商场买了些粽子；客房挺安静的，睡得很好；早上7：30就去用早餐了，品种够多（早起的鸟儿有虫吃啊~~嘿嘿~）。恩，总体感觉不错，我挺喜欢的，有机会还会去滴~~,1,1,0.9583628948035854
不错，推荐！周边环境有点冷清。去机场方便。硬件不错。,1,1,0.9571322330467963
第一次住在这里儿，我针对大家的意见，特别关注了一下，感觉如下吧！1、标准间虽然有点旧但很干净，被子盖得很舒服，也很暖和，卫生间也蛮大的，因是在商业中心离很多还算很近。2、酒店服务还算可以，没有像这里说的那样，入住时，退房时也挺快的，总的来说我很满意。3、早餐也还可以，环境也不错，有点江南的感觉；菜品种品也不少，挺可口。4、可能是在市或者离火车站的距离很近，稍微有点“热闹”，来找我办事的人不方便停车，但还好这里有地下停车场。总体来说，我感觉很不错，值得推荐！！！,1,1,0.9569484428220458
综合来讲还是不错的，房间达不到四星，但是很干净，大堂宽敞，值得一提的是，服务非常好，无论行李生还是前台、客房，都给人以热情周到的印象，地段有点偏，但因距离办事地点较近，所以每次去长沙鑫都仍是不二的选择。,1,1,0.9566552494459664
"我是7月5号6号住了两天,本来是城景房的,因为我去的时候没房,给我免费升级到可看到30%海景房,酒店房间还不错,纯白色,交通也便利,酒店下面就有空调旅游巴士去大东海亚龙湾和机场.去春园海鲜城也很近.唯一不足的是房间没有浴缸,总体来说还不错,下次去还会入住.",1,1,0.9565650162444332
去上海一般都住这家，地段还不错，交通也比较方便，房间很大也比较干净，就是江景房有点差（以前住过，很小），一般标房就可以了，套房也很不错（有厨房，够大），每件房都有冰箱，很好，就是宽带不是免费的，一天好像要80吧，太贵了,1,1,0.9565369129371293
航空酒店还是不错的，房间也干净整洁，地理位置也好，价位也适中。,1,1,0.9560872317253533
服务很好!干净舒适~招待也很热心~!餐饮也很不错~!第一次住酒店~感觉很好!~下次还会来的~!,1,1,0.9558604319363646
"还不错,房间很大,装修家居都很好,唯一不足没订到海景房间,好像很抢手的说",1,1,0.9552366618929852
酒店还可以，早餐也不错，值得推荐，若价格能再低点就更好了。,1,1,0.9550883922891567
16楼新装修的房间有些味道，房间装修得还不错，就是有点小，卫生间的淋浴间是全玻璃的，有点意思，也很大，不过卫生间总体有点小。液晶的电视很赞的说。第一次住这家酒店，以前住金海湾比较多，周边没什么商业，就是风景好。这家的地理位置比较好，周边很繁华，交通也很方便。虽然是四星，硬件上比金海湾要差一点，但是软件服务还是很不错的，对客人的要求相应的比较及时，服务态度和服务意识也很不错，赞一下，以后去烟台还会考虑住在这里。,1,1,0.9550591540094389
"设施有点陈旧,位置不错,不过总体还不错.",1,1,0.9549398847811046
其他都很不错，就是叫出租不是太方便~,1,1,0.954801574493663
"硬件很好,服务质量也很好,特别是酒店周围环境非常优雅.早餐也不错,下次去还会入住",1,1,0.9544847029559088
广元现在最好的酒店，各方面条件都不错，下次还会入主。,1,1,0.9540351131187111
交通很方便，房间小了一点，但是干净整洁，很有香港的特色，性价比较高，推荐一下哦,1,1,0.9535259627318274
在济宁还算是个不错的酒店，毕竟这里只有两家四星，服务还算不错。,1,1,0.9531449859065628
"同标准的酒店,价格上稍微一点贵!整体感觉还可以,位置很方便,我们公司的人每次去都住那!自助餐是不错滴!旁边的小吃广场...可以过过谗!",1,1,0.952367105109686
我是第二次住在这里了，前一次是二年多之前了，因为它离家很近，也是因为喜欢它．所以再次选择了它．房间比较大，订的是大床房，很宽，基本等于二张小床放在一起了．我们一家三口睡得很宽敞．很舒服．房间洗手间也感觉很舒服，很大，有浴缸，有花洒，也很干净．员工的服务还不错，有宾至如归的感觉．由于前面网友的介绍，特意要求了楼层高的房间，安排在八楼，晚上很安静．早餐由于是过年，要与家人一起用，因此送的早餐（可惜只送一份）就浪费了．很喜欢这里，虽然感觉贵一点点，但还是很舒服．还会继续选它．,1,1,0.9521403698424399
"房间很干净,也比较大,周围环境不错,是比较理想的商务酒店",1,1,0.952077511961839
特别喜欢游泳池和健身的地方，交通方便离琶洲展馆比较近，离天河城也近，早餐挺不错的，但他们酒店的其他东西我没有吃过，就不做评论了，总体感觉还是满意的，下次出差还会去住。,1,1,0.9515471230744007
性价比非常好的酒店，无愧于星级，甚至比其他大城市的五星酒店更舒适！房间大，设施齐全，装修简约大器，美中不足是墙上的装饰画有点不入调；地理位置也不错，在朝阳路属于高开区比较繁华的路段，出门走一两分钟就有公交站，楼下就有不少可以吃东西的地方，附近还有KFC，总体来说入住非常满意！,1,1,0.9513394258877778
一个干净，舒适的酒店，如果你不是一定要住在市中心的话，是一个不错的选择。早餐很丰盛，价格稍微高了点。一楼的川菜也是不错的。,1,1,0.9510481639483911
非常值得推荐的酒店，我们是除夕夜在酒店过的，房间很大，挺舒服的，晚上景色超美，整个180度的视野范围内都可以看到烟花。服务好，早餐也还不错，停车场很大很方便。唯一遗憾的是卫生间感觉有一点儿小，五星酒店应该再阔气一些，但硬件设施还是挺高档的，洗漱用品配的也很全，牙膏都是高露洁的。,1,1,0.9509070637916505
"大床房房间很好,住的很舒服;卫浴设备比较新不错,达到了三星标准;早餐不算太丰富,最好的就是很安静.周遍是最繁华的解放路和鼓楼等,方便出行.房间的宽带极",1,1,0.9503947206199598
酒店处于市中心地段，吃饭方便。装修还可以，服务不错，价格合理。,1,1,0.9503854113418544
酒店交通方便，环境也不错，正好是我们办事地点的旁边，感觉性价比还可以，以后还会考虑入住该酒店。,1,1,0.9502731752551443
"房间很大,老公每次去都定那里,在郑州算是不错的酒店.",1,1,0.9500965254378092
温州人开的酒店，就是这副样子。总的来说还好，就是档次上不去。顶楼的餐厅不错，台塑牛扒很好。,1,1,0.9495448541440555
湖景房的景色很不错！酒店里面也收拾的很干净，就是设施稍旧了一些。交通很方便！厦门市的出租车太贵，从酒店到各景点坐公交车都很方便。不过饭店的早餐很一般，选择比较少而且几乎每天都是重复的。,1,1,0.9493639080870263
装修不错，都是新的。服务非常好，很细心周到。在保定，中银的服务给我留下最深刻的印象。然后早餐是自助餐，种类非常多质量也很好。宾馆周边交通也挺方便，宾馆对面就是保定市政府。,1,1,0.948953785839406
就在中华恐龙园边上，如果去中华恐龙园玩，这是不错的选择。我们订的大床房因为在装修，所以免费升级的套房，房间非常宽敞，有沙发，也有餐桌，酒店的饭菜也可以，非常满意。,1,1,0.9486756090970607
总体感觉不错，就是房间的窗户感觉不是很好使用，早餐一般，但是还是值得一住！,1,1,0.9486419574043631
酒店设施不算新，但是服务很周到。性价比还是很不错的。老外经常会选择这家宾馆。,1,1,0.9482313844161998
房间很干净的，很多细节都考虑到了，hellokitty的拖鞋很可爱，有四星的标准，同事们都挺满意。靠山的房间有阳台，景色很不错。服务非常的好，在上海似乎找不到这样的服务标准。泡温泉的地方毛巾很多，随时准备着。温泉的品种也不少，人很多。餐饮也算是挺好的，品种多，服务很好。在那里很放松，下次还会去的。,1,1,0.9481290944062325
今年第二次入住该酒店，这次和好友一起去HK购物，还是首选这间酒店，虽然，酒店离市区较远，但是，在尖沙嘴的半岛酒店那里有免费的班车（整点一趟）回酒店。酒店的房间很大，大约有二十几平方，我住了二次都是有无敌海景的房间，住入时选择靠游艇俱乐部这边的房间，都可以看到海，另外，六楼以下的房间还有一个露台，感觉非常好。酒店的早餐也非常丰富（值得一试），可以坐在露天的花园边上吃，吃完早餐去花园走走，感觉真的很好。出酒店不远的地方就是沙滩，酒店不远处也有7-11（24小时便利店），小超市（里面有新鲜的水果卖），还有一个吃东南亚菜的餐馆，名字不记得了。酒店唯一另人不太满意的地方就是房间内设施比较陈旧，不过洗手间是很不错的，有一个单独的沐浴间。如是你是一家去HK渡假，选这间酒店，一定错不了。,1,1,0.9477097817548984
非常不错的酒店已经多次入住,1,1,0.9476645799822976
离火车站、地铁站很近，去火车站北出口有近道，熟悉了还是很方便。房间装修很不错，房间有点小，出差住也够用了，服务非常好，早餐有点简单。就是离学校比较近，周一至周五早上七点多，孩子们出操，鼓乐齐鸣有点吵，不睡懒觉的倒也没关系。,1,1,0.9475342283254835
价格不错，离地铁和火车站都很近，环境还好，就是房间偏小,1,1,0.9474491837979134
首先，交通相对来说，非常便利，从quarrybay地铁站的c出口到酒店不超过5分钟。酒店斜对面是有轨电车，也非常方便。房间总体不错，以前印象中香港酒店的差印象有所改善。Roomservice也还可以。性价比不错，值得推荐。,1,1,0.9474472296021029
1、环境不错，离东百很近，就在东街口后面。2、房间不错，有电脑，可以免费上网。,1,1,0.9471713985530933
我们住的是行政海景房，房间有配传真机和免费宽带，窗外全海景和园景，非常开扬，园内泳池很大，全海景健身房超棒。早餐也挺不错，咖啡很香，东西也很好吃，可惜只包一位早餐，另一位买单要92元，太贵，70元就可以接受。我们吃饭都是在中餐厅吃的，出品总的来说清淡可口。,1,1,0.9469158422815295
服务不错，性价比还可以。娱乐项目较多！房间不大。,1,1,0.9468737821391378
"酒店的地理位置确实不错,购物方便，老外住的多",1,1,0.9467823087034638
淮南金茂国际酒店，在淮南应该算是不错的酒店了，房间里茶几上的淮南地图很有特色，给人一种温馨的感觉。地下一层的乒乓球房，设施不错，住店客人每次10元，练练手很好。其它几方面都可以。唯一的不便――地理位置较偏，出去需要打的。好在淮南的出租车起步价4~5元，便宜！,1,1,0.9453507091928728
不错，服务还是和以前一样。比较满意....补充点评2008年6月13日：贵宾楼层的豪华间比较旧了，不如楼下的豪华间装修，不过还是不错的，视野开阔，附加服务也比较到位！石家庄的酒店我还是觉得世贸是最的，呵呵。,1,1,0.9452054490521652
周边环境不错，房间里生态也不错，所以蚊子较多。。,1,1,0.9452038327770681
周边环境不好，虽然在五环边上，但交通也不十分便捷，初次去，恐怕不太好找。不过酒店本身还不错，挺新的，停车也很方便。由于只住了一晚，就匆匆离开了，对服务什么的，没太深切的感受。总体感觉还不错。,1,1,0.9450752597802107
酒店位置不错，在市中心最热闹的地方，购物和吃饭都很方便。标房房间比较小，卫生间台盆下水有点慢，其它都不错。,1,1,0.944186375995197
环境不错，服务也可以，不太好找，不能上网实在不方便,1,1,0.9435859419082925
酒店设施不错，服务良好。有机会还会入住。,1,1,0.9434073098031522
服务好。环境安静、位于国贸商业区，交通方便。就是房间内有点暗。不过相对于价格，还是瑕不掩瑜。,1,1,0.943206124430034
住的是大床房，和先前筒子们介绍的情况差不多，会免费升级一下房间，有两瓶免费的可乐送。对该酒店服务总体评价也就中规中矩四个字吧，不过，的确评到五星是有点过头了。四星差不多了。当然，性价比而言，还算可以，毕竟花的不是标准五星的价。对该店算是有意见的话，那就是实在老了点，虽然看得出花过点功夫重新装修，但偶还是不够喜欢。另外，早餐也算基本满意吧，品种数量还可以，味道soso啦。软件方面还可以，要地图有免费地图送上门，草鞋托也算有点小意思，基本功还算到位。,1,1,0.9429270362975153
在桐乡是不错的选择，大堂很大。打车方便。,1,1,0.9426571507775217
我跟老公是31号入住的c座豪华商务套间。酒店只有a座是新装的，b跟c座都是有点年代的装修。不过房间很大，跟海只有一条马路之隔。周边的环境也不错。酒店内部设施一般，但是房间还算干净。洗脸盆下水很慢，浴室的淋浴头有点脏。但跟酒店沟通后有所改进。服务还算周到。住酒店套间的住客都可以去a座享用免费健身。游泳池很干净，但是水不是恒温。这个季节游泳非常冷。总体来说，性价比还不错，但是房间内的设施还有装修需要翻新跟改进。推荐几个朋友或是跟家人旅游时居住酒店的套间。,1,1,0.9426274389695853
酒店周围环境好很好，是个度假的好去处。打车直接让前台叫就可以，还比较方便。房间比较干净，面积也挺大，比一般标准间要大一点有个单独办公桌，很方便。,1,1,0.9426099078758026
优点：1.地理位置好。在西街的入口处，离汽车总站步行5分钟之内即到。酒店对面是九九自行车行，不过通过携程订房酒店提供了免费自行车。晚上还是比较安静。酒店对面的黄记玉米汁店的玉米汁非常好喝，又浓又香。酒店的旅行社可安排银子岩半日游，很方便70每人包含往返交通，导游及门票。2.浴室的热水还是不错的，水量大温度适中。3.整体服务都不错。缺点：1.观景大床房的床非常硬，不是很舒服。2.酒店没有电梯。总之来阳朔玩这里还是不错的选择。,1,1,0.9425250931557978
酒店条件一般，不过地理位置很好.出门就是超市和水果摊，买东西很方便。超市关门时间比较早，不过水果摊倒是到很晚还有的。出酒店走5分钟就是万胜街，有很多小饭店和当地的快餐。总的来说还是比较适合旅游居住的。,1,1,0.9425095721334856
酒店档次很高，环境很优越，在香港还是算很不错的一家酒店,1,1,0.9425072966719974
房间不错，交通也很方便，早餐很丰盛，应该能够满足大部分人的要求，出门左手一直走就是江滨公园，下面就是海鲜城，可以好好品尝一下！,1,1,0.9419264900970028
服务热情，交通便利，早餐品种少点，但是比较干净，下次去重庆还会去住~~~,1,1,0.94159703073439
地理不错，大堂环境不错，房间设施齐全。不过早餐一般，不是很丰富。,1,1,0.9413574466036011
各方面都不错，性价比也比较高。就是有些房间内设施要打电话才送来，例如电吹风，地图等。我住的是B区，好像要档次低一些，但还可以，只是我住的房间刚好有半堵墙挡住了风景，但是我同事住的对着湖面很漂亮。健身区正在装修，所以没能去游泳和运动很遗憾。大堂满高档的。房间内饰比较朴素。早餐还行。区位也还行，虽然离漂亮的团还有点距离。,1,1,0.9411558195823069
整体应该说不错，环境较美，服务也可以。餐饮价格还算公道。早餐品种少了点。,1,1,0.9408478360766802
房间很大很舒适，服务也很好的，价格也是五星里面算便宜的,1,1,0.9407641714942797
每次住这个酒店的时候，总是给我免费升级，很有意思。房间很好，服务也不错。下次来还会住在这里。,1,1,0.9407142277506784
"感非常好,一已有一家的感.我一行8人,入住三房套房,很乾,境很好.前台服很好,忙叫和提供旅行信息.我凌晨check-out,迫,前台很快.地理位置很方便,十至十五分可以步行到淮海中路和地站.下次去上海一定再入住酒店.",1,1,0.939914210793679
酒店环境还可，价位也不错，我想以后还是会居住这里。,1,1,0.9396299124995499
"在那里住了2晚,觉得还是很不错的.首先办理入住手续时接待小姐的态度非常好,特别有礼貌和耐心,让人觉得很窝心,不像大陆的服务员爱理不理的.另外房间虽小了点但非常干净,在香港这个地方,对于三星级的酒店来说已经很不错了.酒店的地理位置很好,就在油麻地地铁站出口处,交通很方便,而且离女人街和通菜街都非常近,穿过对面小学旁边的小路就可到了.",1,1,0.9395577825622196
酒店的服务、设施都非常不错，就是网速非常的慢。离机场很近。各方面都非常的好，安静，温暖。是个非常不错的选择。不过没有尝试酒店的按摩服务，非常后悔，其实酒店的按摩服务很安全，希望尝试了的朋友能在下面的帖子告诉我，谢谢！我很期待再去机场酒店！,1,1,0.9393822994146905
不错的酒店~~相当的安静~~,1,1,0.9391151557323048
该酒店地理位置不错，离浦东机场不远，主要是周围环境还不错，而且干净，酒店服务就更没得说了，非常到位！,1,1,0.9390362012282449
整体还算可以，离市区稍远，环境不错，旁边有公园，酒店提供接机服务，如果有送机服务就更好了（打的到机场20元）,1,1,0.938927825460061
物有所值。酒店气氛非常好。餐厅食品可口。房间整洁，环境豪华。,1,1,0.9388846479956678
"很安静,隔音设施不错.服务员态度很好,下次还会选这里",1,1,0.9388785131521902
位置好，价格合适，环境不错，房间也比较干净，在石家庄这样的地方已经很不错了，下次有机会还定这个酒店。,1,1,0.9387356907711504
"第一次和老板一起出差，听熟人推荐订在这家酒店。办入住手续时。前台员工和值班经理一路的服务都很热情。观察了一下，酒店的地理位置相当好，就在市政府的斜对面,出行很方便。附近有很多酒吧和餐馆，斜对面还有一家星吧克。晚上吃过饭在市政府广场散步，看看喷泉，回来再到三楼享受一下免费的健身游泳，感觉很惬意。我这次住的是精致大床房，床够宽够大，宽带也是免费的。整体感觉很温馨也很干净，据说平时这种房都很抢手，不提早订都订不到。顺便提一下，我给老板订了行政楼层的豪华房，红木贴金箔的欧式家具显得很有档次，老板很满意。据说他们家的早餐价格不贵，品种却比上海很多五星酒店还要丰盛,不过遗憾的是这次因为走得仓促没来得及去试试。总之感觉这家酒店很超值啦,以后到昆山都会住在那里。",1,1,0.9383603494657996
我住的是商务标，房间不错，很干净，服务也好！下回还会住。。。,1,1,0.9380699583404083
"此次我在雅客滨江住了13个晚上，订的是城市景观房的高层。以下是我的感受：一，在上海这是一家性价比非常高的酒店。房间布置简洁舒适，卫生间也很大，最令人开心的是有阳台。二,厨房设备齐全，冰箱很大，厨具餐具也比较全，对于家庭旅行来说是非常实用的选择。三，服务很好，尤其是整理房间的工作人员，尽职尽责；认真热情。四，交通有些不方便，但是附近有公交车的终点站，如果外地的朋友能仔细研究一下上海交通旅游图的话，会发现就附近的公交车站和地铁站就完全可以满足你出行的需要了。总的来说我们这次入住这家酒店还是很满意的！！！",1,1,0.9379931402396677
位置还可以，就是难找了点，在胡同里。入住手续较快，房间还不错，比较新，当然，隔音稍微差了点。总体还好。,1,1,0.937573142810396
酒店感觉不错，细节考虑比较周到，房价略显贵了些，标准间两个人住有点小。,1,1,0.9374727453753681
8月1日、2日住了两天，总体感觉还行，虽然设施给人简单的印象但该有的都有而且比较干净。酒店的位置还不错，从机场没有直达的公交，我乘27路到“湖滨南路东”下再打车，车资8.5+1元。交通也很方便，出酒店往右转就有公交车站（“滨南斗西路口”站），到厦大、南普陀、轮渡、中山路都有直达车。早餐的品种不多座位不多，但还说的过去。,1,1,0.9374300753291227
酒店设施不错，价格比较适中，下次还住这家酒店宾馆反馈2008年8月1日：感谢一如既往的支持！期待您再次光临！,1,1,0.9373248040296428
"酒店环境不错，离沙洲夜市不远。酒店服务不错，在敦煌这座小城市算是可以接受。宾馆反馈2008年8月7日：感谢您对本宾馆的点评,本宾馆将以更优质的服务期待您的再次光临!",1,1,0.9372189583568603
"来苏州好多次了，基本上都住在这家酒店。给我的感觉非常好，房间很干净，设施也很全，各种用品也很不错。而且前台的知道我的喜好，每次都安排的很好。入住过几次后每次都会有一些小礼品赠送，虽然价值不高，但是感觉非常温馨，上网网速也很快，比我上次在南京住的锦江之星要好太多了。下次来苏州这家酒店是首先。说了好的，再说不好的。就是Ctrip的商务客人基本上都被安排在东楼，房间里感觉有点暗，光线不是太好。但是很安静，不象主楼一样临街上。很适合我这种喜欢安静的人。宾馆反馈2008年8月8日：非常感谢您对我们服务的肯定,您的支持就是我们前进的动力.同时也非常感谢您对我们提出的意见,我们会对房间的灯光进行检查及维护.期待您的再次光临.",1,1,0.936734437811046
这次国庆节去住的，感觉不错。房间较大，且比较干净。还有一个小池，里面有鱼，早餐后喂喂鱼还是蛮好的！就是院子小了些，出门也蛮方便的，可以很近的走到海华广场。,1,1,0.9365753688750885
"房间还不错,挺大的也挺干净的,就是价格有点高了,徐州的消费没那么高的.",1,1,0.9358173629851559
我是八月底入住的该酒店，总的来说非常满意，除了位置没有在南京路的中心以外其他都很好。由于当时是旅游旺季出租车十分难打，星期五的傍晚我在豫园一带整整走了一个小时才如救命般的打到车，所以劝大家避开打车高峰。酒店我感觉相当超值，酒店服务员都很亲切，还不象金茂的服务员等在门口要小费，让人感觉很舒服。最好的一点是不管是交通还是就餐，有疑问的话尽管问酒店的服务处，酒店都会调查之后回复一个满意，全面的答案，还付有问候卡片和手写地图，很详细。总之去上海还会选择此酒店，房间各方面的软件和硬件设施都很好，不愧是有名气的酒店，物有所值,1,1,0.9352017432108841
环境很好，正好大雪，雪景很美。服务不错，挺热情的。房间空调很足。早餐时有些品种底下熄火了，不够暖和。,1,1,0.9350842102670465
前几天刚在这里住了一晚，398的还不错，交通座公交很方便，呵呵~~要是含早餐就更好了，也不用出去吃，下次到北京还会去住的。,1,1,0.9348089853409521
条件一般，就是地理位置不错，离市中心比较近，出行还比较方便。,0,1,0.934759839074914
我是第二次入住这个酒店了，蛮喜欢它的，相比而言，它比三亚湾酒店便宜且交通便利，去机场、南山、天涯海角、西岛都很方便；另外海滩及外围环境比大东海的酒店安静、清爽。房间很大干净，有阳台海景不错，游泳池也不错，好几个各有特色，适合小孩老人玩耍。酒店外是三亚有名的椰梦长廊，跨过此条小马路就是沙滩，马路边有许多出租、公交中巴和旅游车经过，所以出行很方便。另外还有小摩的，一块钱一位，超便宜，可在傍晚坐上摩的出游，享受海风和椰林！缺点：酒店设施相比较大东海的银泰酒店较为陈旧，色彩灰暗，但服务员较热情，大堂的前台太小了，不知那么大的大堂为什么会有这么不气派的前台？另外就是吃饭问题，酒店附近没有大东海那么多的小吃店，跟摩的去了一家海鲜店，味道还好，却被大斩一把（还好提前已做好被斩的准备，所以买单时也不惊慌了）！如果怕麻烦又可不考虑价格，建议还是在酒店用餐，中餐还不错，广粤味，可以推荐。SPA是去年第一次入住时去过，感觉没有太特别的，但价格偏高。,1,1,0.9347171519746098
不错的酒店，早餐也可以，还有携程预定的话有礼品赠送，还有人问候，酒店新装潢的，都不错，还有马桶里面有玫瑰花瓣。。呵呵呵呵,1,1,0.9344700547899548
"酒店的位置很好,就在市中心,杭百和银泰边上，购物和交通很方便。这次本人住在24楼，居然在高处看到大半个西湖。只是可能酒店建成时间较久，房间里的设施较陈旧，卫生间装修不敢恭维，地毯也已经有点污迹斑斑了。不过房间里的软件配备还挺齐全，有免费供应的咖啡和立顿红茶，雨伞，小冰箱，保险箱，还有浴袍等。另外，楼顶旋转餐厅的自助早餐已经取消，现改在五楼餐厅了。早餐的品种也比较丰富，可能有所改进了。总之，作为四星级饭店，性价比还可以，以后还会继续入住的。宾馆反馈2008年7月29日：感谢您对酒店的支持，我们会对设施设备逐步加以改进，酒店欢迎您再次入住。",1,1,0.9343116556131588
地段不错，靠金沙江路地铁和华师大，离中山公园也近，环境不错，预定的商务大床房，结果免费升级为套房，非常不错的套房，喜欢^_^下次还要入住。补充点评2007年11月4日：对了，补充一下，套房浴室没有淋浴，对我而言不太方便，那个电动浴缸好像也有些问题，没用成功，希望能改进。,1,1,0.9342624778867502
"相对价钱,酒店真的不错,交通方便,干净整洁,",1,1,0.934164725847115
"位置好,不错,挺干净舒服,价格也合适,去西安旅游推荐",1,1,0.9340150409419297
在都会海逸住了4天，还不错。下次来应该还会考虑吧。去尖沙嘴的酒店巴士还算方便，酒店附近吃饭超级方便。,1,1,0.9338169414954298
酒店地理位置不错，房间布置还可以。电视滥了点。厕所不太通畅。房价偏贵。,1,1,0.9335923628706022
地理位置优越，临近步行街和长沙的酒吧一天街，出去玩非常方便。房间空间还不错，早餐马马虎虎,1,1,0.9331742926646269
"位置不错,在市中心.周围吃饭等很方便.房间一如既往的干净",1,1,0.9327673951626236
住的是行政楼层，行政酒廊的餐食很好。服务很好，小姐总是面带微笑。房间很舒适。玩乒乓球免费。酒店地处购物中心，放便逛街。室外的游泳池较小，能闻到厨房的油烟味道。,1,1,0.9324500146535637
一个人入住对于600元的价格觉得有点奢侈，但是环境还可以，比预想的好，也比较干净。水量很充足，床上用品据服务员讲是每日更换，听说山上的水48元|吨，对于等黄山的疲惫感来说，能好好的洗个热水澡，惬意的睡眠时非常重要的，总的来说还是很好的。,1,1,0.9320886193250723
房间还是蛮宽敞和干净的，早餐也不错，特别喜欢房间的落地窗，可惜上网收费不封顶，有点落伍了。,1,1,0.9320113634593972
很好的酒店，很喜欢，房间很干净很漂亮，从房间的窗口看出去，超美的，在市中心区域，出行也非常的方便，有机会一定会再住的。,1,1,0.931900146927575
1。酒店比较新，装潢和设施还不错，只是房间有些油漆味。2。早餐还可以，只是品种不是很多。3。交通比较方便，周围的小饭店比较多。,1,1,0.9317810673074085
每次重庆出差，基本上都住雾都宾馆，宾馆很温馨，服务周到，价格合适，交通方便......各方面都不错，下次去还会住雾都宾馆！,1,1,0.9312780689513418
房间装修挺新，设施不错，配备电脑上网，就是网速有些慢，还有免费的VOD视频点播，卫生间也不错；酒店位置离九华街中心稍远，但是自驾的就很合适；总之在九华山上这家酒店还是值得推荐，下次还会住那儿。,1,1,0.9311176505632225
早餐不错，特别是当地的风味很好吃。但是二楼的中餐厅在春节期间的菜式品种太少。,1,1,0.9307596671671169
六号楼是龙岩地区目前最好的宾馆，硬件很新，服务也还可以，感觉很不错。但美中不足的是暖气不行，晚上冻醒，希望改进。宾馆反馈2008年3月12日：感谢您提的宝贵意见，宾馆已经针对您的建议作出改进。期待您的再次光临。,1,1,0.9307110766061085
装修比较老。床不是很舒服，有点硬。楼下的茶餐厅18快自助还不错。服务还可以。宾馆反馈2008年4月11日：首先感谢您的光临，对于您提出的问题我们会酌情处理并进行整改，希望您下次来时能有更好的感觉。另外非常感谢您对我们酒店咖啡厅的推荐，以及对我们服务的肯定，我们会继续努力的。,1,1,0.9306537152030795
"房间设施\装修都不错,环境优雅,接待\结帐服务不错,够星.",1,1,0.9305019634272744
酒店整体感觉很不错。性价比比较高！1.楼下的接待很耐心也很热心。2.房间条件不错，很干净而且比较大。房间设施比较齐全，吹风机每个房间都有。3.酒店提供往返一些重要地点的小巴，只要提前电话通知前台就可以了。酒店的位置在西环，不是市中心，但是坐车很方便，从上环地铁口出来很多路电车都到。唯一让我有点不满意的是，入住时间是下午2点，一直在大堂等到2点才入住的哦。,1,1,0.9304969633256251
房间超大，比一般的标间大很多。有熨烫设备，很人性化。早餐超值。卫生间干湿分离设计，很方便。服务也很好。不足之处是门口打车太不方便，在呼市打车基本靠抢的，而且不给票。门僮也几乎不会给叫车吧（没看到门僮）。另外毛巾有点硬，比包头的海德毛巾差得多。不过在呼市市中心来说还算是最好的了，推荐入住。,1,1,0.9304852651391694
"地点不是很好,虽然有路标,但还是有点难找.房间够大,看窗外时视野很宽.设施齐全,包括需要消费的私人用品,就是价格高了点.用餐方便,品种还可以.但自助餐的质量不是很高,改进哦~~~服务很到位,入住和退房的办理速度都很快.电话接线生态度超好,打到房间的电话需要先确认客人姓名.免除了骚扰电话,比较有安全感.去机场的路很顺畅,就是出门打不到的士.有点郁闷!总体上说:不错!已经是第二次入住了.希望还有第三次第四次第N次!哦,那我在深圳买房算了!CCCCCCCCCC~~~~~~~~~~~~~~~",1,1,0.9304265027209698
在红火车站出来去过海巴士站坐101或104路巴士到皇后大道西就可以到达酒店门口了，车费不到十元港币，在尼敦路也有站上车，去酒店的交通其实很方便。酒店每小时有一班到中环和湾仔的免费穿梭巴士可以乘搭，可以去到金钟地铁站，湾仔码头，机场快线中环站，港澳码头等地，还可以让司机在沿路地点停车，司机很好说话，还会帮忙拿行李，从酒店去其他地方其实也很方便。在码头坐中星小轮去尖沙咀也不过两块钱。酒店门面小，不过里面装修在香港来说也确实是有四星级了，虽然房间不算太大，不过放两张双人床倒还不显得太局促，把飘台改成座位设计也挺实用，洗手间也相当不错，基本用品除了牙刷牙膏之外还是比较齐全的。酒店的服务可以打满分，毕竟是国际连锁的酒店，虽然是经济型的酒店，软件还是相当有水平。酒店周边其实购物吃饭也很方便，并不是以前某些点评里说的那样偏僻的地方，还是蛮繁忙的商业街。虽然标间窗外没什么景色，却也算安静。我拿的价格是506，这么低的价格陪这样的酒店素质，相当令人满意。,1,1,0.9298926464884483
大床房还不错，其他的没有看过。位置很好。希望菜做得更好吃,1,1,0.9295822619757338
每次去深圳都住花园格兰云天，主要是房间比较新，硬件设施不错，服务也很热情。但以前小冰箱里的饮料都是免费的，这次发现要收钱了，真不知道赚这十几块钱和赢得客户的好感相比孰轻孰重？以前只要把换洗的衣物留在竹筐里，服务员就会免费帮着洗（当然是扔在洗衣机里传的那种），现在也没有了。早餐种类略有减少。总的来说以这个价钱在深圳相对于其他宾馆还是基本满意的，但服务有下降的趋势，希望引起酒店方面的重视。,1,1,0.9294867231903965
自然环境一流，宾馆内部装饰（附楼）也相当不错，说不上豪华，但是很整洁清爽。总体感觉是宁静写意。,1,1,0.929385160618794
酒店的房间不错，非常宽敞，背靠音乐学院，很安静，经常有美女出入。缺点是此楼是商务用房，很多小公司在里头，还住了不少学生，高峰期间电梯有点繁忙，半天不到，晚上有骚扰电话，网速比较慢。周围吃饭，消费，酒吧等都很方便。,1,1,0.9292998406516804
地点非常好，购物方便。店内布置较温馨，早餐不错，房间干净，服务态度也好。缺点就是不隔音，房门就跟没有一样，楼道的动静全能听见，望能改进。,1,1,0.9292031907114915
位置不错，如果到火车东站和美国领事馆签证处都是走路的距离，很方便。,1,1,0.9290435692108682
"我是2月18日入住中远酒店的，我觉得400的价位性价比非常高,酒店可能刚装修过,大堂虽小,但非常干净,也很有品位．由于刚过春节,红灯笼和楼梯上彩条都还在，很喜庆．房间不大，但在香港应该也就不算小了．很干净，这一点我最满意，每天换开水，换新拖鞋，前台服务员很热情的向我们介绍公交线路，公交非常方便，１８路、１８P、104、113、5路都会停在酒店门前，还有电车站也在门前，到中环等繁华。唯一有点不如意之处是床太短了，我老公1.75的个子，一伸腿脚就到了床沿，个子高高的人士有些委屈的。总体来说是满意的",1,1,0.9289200415493993
交通很便利，环境尚可。提供的早餐也比较好，就是旧了一点。总体上说还是令人满意的。,1,1,0.9288173277789147
在市中心，逛街吃饭都挺方便。服务不错，标间设施略旧。,1,1,0.9287283735488446
不错的酒店，性价比很好。房间主题命令华丽。去香港也是住的粤海酒店。补充点评2008年4月12日：打错字了，是明亮华丽。洗嗽用户和不错。,1,1,0.9285279020348853
酒店的服务总的来说还是不错的，上网的速度也很快，下次还会住。只是携程的价格还是偏高，商务楼层598，我的客户可以订到同样的房间只要500元。,1,1,0.9285034760839364
本次入住提供的房间较为满意，服务耐心，特别是饭菜比较可口，牛排是比较专业水准的，有圣诞气氛，不错。,1,1,0.9283911149566376
酒店位置较隐蔽，不过胡同口就有其它的大酒店所以打车还算是方便，离王府井也不远。标准大床间，房间还行，在北京来说性价比不错，比如家强，房价大，舒服多了，而且很安静。服务还不错。,1,1,0.9277082624264994
挺不错的酒店，每次去盐城都住在这里，价格便宜量又足！,1,1,0.9274875782493738
酒店是四星的，服务不错，晚上还送点心。酒店的设施是按四星标准，但可能时间比较长了，设施有点老化，显得比较旧了。不过整体来说还是不错的。,1,1,0.92714767613901
第一次去郑州出差就住的这家，总体感觉还是不错的。房间的一次性用品相对给的是这些酒店中质量最好的。卫生意设计的很有意思，空间利用非常合理。坐便的私密性处理的很好。,1,1,0.9268733313399484
虽然装修不够细腻、淋浴水温不稳，但作为公寓型酒店应该来说还是不错的。,1,1,0.9266983040925151
我们住的是三楼的房间，房间不大（大约20平米），是新装修的，还不错。最大的特色是房间的镜子特多而且浴室是全部用玻璃间隔的，可以从房间看到浴室里面的所有东西。酒店离地铁不近，但附近巴士很方便，从酒店门口过隧道坐1A/9/5C到尖沙咀和旺角只要HKD5-6.2，坐107到海洋公园11块多，回程的话，在酒店楼下就是巴士站。购物的话，在九龙寨城公园旁边就是九龙城广场，里面除了有吉之岛十元店和百佳外，还有很多私人的小铺。餐厅包括KFC、麦当劳、和其他一些香港比较出名的外资餐厅。总体来讲，该酒店在香港的性价比算挺高的，值的去住。,1,1,0.9266521115682703
"第二次入住了,感觉还是挺好，早餐下来到一楼餐厅的门早上能开就更好了。",1,1,0.9264993260381605
酒店还可以，价格在自贡来说稍贵。服务还可以。,1,1,0.9264610784774889
沈阳喜来登，不错的酒店：1）位于市中心，青年大街上，对面是西武，旁边是万豪。万豪虽然外观漂亮，但走进去没有喜来登气派。喜来登的大堂非常漂亮，还有好多名店，Canali，EA，Montblanc都有。2）房间不大，但可以看青年大街街景。浴具不新，但浴缸超大。很赞。3）服务不错，但不知是不是因为沈阳冬天太冷，门口服务生不帮忙开车门。4）游泳池超赞！健身房设备齐全，完全符合喜来登国际标准。以后去沈阳，还住喜来登。,1,1,0.9263259299309528
"日本客人去苏州新区指定要住的酒店,外观很不错,很气派;室内环境也算对得起这个价钱.还不错.宾馆反馈2008年4月15日：感谢您对我们的肯定，您的鼓励是我们服务的动力，期待您及您客人再次的光临！",1,1,0.926023823128513
感觉很您好环境也不错晚上很安静下次有机会还会选择住金叶的,1,1,0.925825221411724
入住的是高级湖景房，房间确实够大，景观也很好，大堂的工作人员也非常热情周到。但房间内的装修真的有些旧了，特别是电视该换大一些的。,1,1,0.9258083182099432
从机场到酒店大约25分钟，37元左右。酒店环境还不错，因为以前住过的原因感觉很亲切。离傅家庄公园非常近，早上去的时候正好赶上涨潮，捡了好多海带回来，味道还真是不错。建议打车到燕窝岭再徒步到老虎滩沿途风光非常美！酒店可以卖到优惠的景点门票。,1,1,0.9256739600768646
位置不错，市中心交通便利，环境又比较安静。酒店边上有一条街很多小吃店，比较便利。服务挺好，房间设施比较人性化。早餐一般，刚开始和快结束时，几乎没什么吃的。饮料很少而且供应量也不足。酒店有自己的洗衣房，速度很快基本上是当天能送回，而且价格也不算贵。,1,1,0.9256393525239212
1、我原本是通过丽江某旅行社订房在香格里拉大道某酒店，到达酒店后，对酒店不甚满意。出租车司机向我推荐了古城里的“丽王酒店”、“王府饭店”、“和玺酒店”。对比三家酒店，和玺酒店更具有古朴特色，一个个院落组成，鸟语花香，令人陶醉。其它两个酒店都是大院。房间相对较差。遗憾的是到总一一咨询房价，打完折扣后还586元/标。但服务员很专业，服务态度很好，还向我推荐到携程网上预订价格是438元/标，还免费提供大堂吧电脑给我预订。最后住在23号院。非常安静，傍晚和第二清晨，花香味+鸟叫声+酒店播放的古筝音乐+丽江的碧空万里无云。构成了一幅十分美妙的立休画景。是我有生以来第一次享受到这样如诗如画的场景。2、来丽之前听说丽江好多酒店同比其它城市的酒店都比较弱，比较差。但住在这家酒店不觉得，还真让人耳目一新，独特风格的小院，礼貌热情的服务员，很不错。3、酒店很有特色，环境舒适，服务一流，漫步在院落中，到处都有服务员的微笑招呼，就像置身在自家大院里。到处是自己的亲人，特向去丽江的朋友们推荐该酒店。4、感觉不错，二层小楼，很干净，而且设施齐全，比有的五星感觉都好，酒店保安随处可见，很有安全感。5、酒店在古城里，环境，位置都不错，硬件条件都非常好。而且具有当地纳西族院落特色，各方面方便，值得一住。6、酒店全是木质结构建筑，很漂亮，干净清爽，服务人员从院落、保安亭、总台个个都是人性化服务，唯一不足就是餐厅相对较小。7、可惜有事要去香格里拉，要不还真不想离开，一直想住下去，真休闲。早餐按国际标准到10：00am。不足就是客房电视外语频道涉及较少。8、在订房时看到网上说酒店早餐很次，用餐下来不觉得呀，早餐种类很全，真是营养大餐。特别是牛奶，原汁原味，决不是用奶粉冲泡。跟本不像网上所说，不知还是酒店早餐已改进呢。,1,1,0.9252605902243471
"1\象前面评价的服务态度非常好,前台接待很棒.2\房间用品设施还可以,就是窗不能开比较郁闷,有点味道的,开了空调还好.3\地理位置很好,离地铁很近,离商场很近,逛街方便.4\就是携程没有早餐比较讨厌.呵呵,还看到有人办婚宴.400元还可以了.",1,1,0.9250219381995216
房间很大，干净；拉开窗帘就可以看到无敌海景，令人觉得非常的惬意。我觉得这间酒店在闸坡来说算是一间不错的酒店。,1,1,0.9249542946557077
"酒店位置很方便,离开封第一楼和夜市非常近,酒店早餐10元自助很实惠,服务也不错但房间很大设施却有些旧，尤其卫生间狭小。",1,1,0.9247918585771205
总体感觉还不错。房间很干净、简洁。网上所披露的位于海河最美的一段，特意要了6层的房间，可是却没看到海河的影子……,1,1,0.9245749259565671
"位置好,去莫家街\华联\大十字等都非常方便,服务卫生不错,自助早餐丰盛,经济间稍小,性价比高.",1,1,0.9243593441990909
宾馆的地理位置有点偏，整体环境不错，宾馆设施不算很新但是蛮干净的，房间还提供台式电脑可以免费上网。机场到宾馆打车议价30元左右。打车到市中心10元左右。到北戴河打车议价45元左右。附近有公交车25路可以到第一关。,1,1,0.9240559647316561
设施不算新，但是挺温馨的，位置很不错，卫生也好,1,1,0.9240153665663065
酒店地理位置方便，服务也不错，而且我们订的房间含接送车服务，很实惠。缺点是房间偏小，而且下面就是香港殡仪馆,1,1,0.9238865998740871
酒店离兰桂坊和soho美食区比较近。酒店门口有直达巴士到铜锣湾。在半山高尚地段算是性价比不错的酒店了。,1,1,0.9235981467588881
总的来说还可以，就是早餐的质量和种类太一般。,1,1,0.9235049321599643
"酒店交通便利,房间早餐都很不错,但隔音效果不行.补充点评2007年12月22日：豪华双人间的床很大，舒服。在26的房间里看夜色还是不错的。",1,1,0.923357416800552
"2008.4.5入住该酒店南楼大床间,总体感觉不错，符合三星标准。值得赞一下的是客房送餐很好，饭菜好吃，价格也不贵。不足：床垫太软，对于不喜欢睡软床的来说，可能不舒服。",1,1,0.9232589034165681
酒店很干净，服务不错，所以决定今晚再次来入住。宾馆反馈2008年7月31日：感谢您多次选择国宾大酒店入住，并对酒店予以认可。我们将一如即往，以优质的服务，热情的微笑期待您的再次光临！,1,1,0.9230349052459378
不错的酒店，挺实惠的，符合合适的市场定位，石家庄里还挺方便,1,1,0.922527854447181
非常好的酒店，服务员热情，酒店设施很新，住着舒服，配得上四星级。特别值得推荐的是餐饮很好，不管是堂食还是送餐，味道不错，价格也不贵。以后在去西安就住他家了。补充点评2008年8月10日：再写一点：性价比很高。携程的价格很有优势。,1,1,0.9225269457435498
住的是江景房，房间超大，环境一流，价钱不算高（258元包2早），美中不足是服务有点跟不上，总体不错。,1,1,0.9215176226306201
很不错，大堂很豪华，甚至太豪华了。房间很大，卫生间很好。就是早餐差了一点。为什么菜不再多一点呢？早餐很重要。,1,1,0.9213333960355723
酒店幻境很好超安静适合休息附近的公园景色舒适惬意晚餐不错不过方便没有商店比较困难,1,1,0.921285228440629
"一家很好的度假型酒店,环境一流,尤其是户外的自然环境很好,房间的设施也不错.唯一有点不足的是酒店里的餐厅价格高了一点,已和香港4星酒店内的价格差不多了.温泉一般,比南京汤山的颐尚差.",1,1,0.9211583840466502
房间、卫生间都挺大，我们住的是大床房，床也很大，很干净，朝绿洲的这边可以看见东方绿洲的风景，除了酒店就可以直接进东方绿洲玩。但是酒店除了按摩外，没有其他娱乐设施。早餐品种不多，而且九点钟就结束了，没法睡懒觉。总体感觉还不错,1,1,0.9211391102672637
很不错的度假酒店，强烈推荐一下，真希望能多住几天，就是房价贵了些！,1,1,0.9210907304007621
地理位置不错，走到繁华地段很方便。酒店设施还算很新。当地最好的酒店。大家注意，房间有江景房和山景房，山景房房间比江景房大，感觉内部比江景房舒服，虽然根本没什么山景可谈。江景房其实有两种，预订的时候一定要选择有阳台并且可以看到大桥的，否则就是没阳台并且只能看到一点点江的房间，切记。底楼有足浴，正规的，不错,1,1,0.9208270912681477
不错，下次会介绍朋友过去。房间挺干净的，服务态度也非常好。,1,1,0.9207716485877128
"酒店环境不错,但离森林国家公园需步行20分钟,稍远.补充",1,1,0.9205348091610123
不过如果团体能拿到好价钱的话还是个不错的酒店,1,1,0.9203796981614336
4大2小去的，饭店总的来说还不错，吃的有点贵，没吃，离镇上远了点，进出多是打的，到镇上5-10块不等。住的房间抬头见山，相比镇上，比较幽静，有得有失吧，服务态度还不错吧。,1,1,0.9200844108676671
酒店所处的地理位置优越，无论是交通、吃、购物都非常方便，特别直的推荐的是在酒店的二楼及周边方圆几百米就有多家的美食餐厅^*^^*^就算入住再久，也不必担心会吃腻，房间空间虽小还有点残旧，总体还算干净和清静，值得推荐入住。,1,1,0.9195659491266486
由于没有标准房，给换了间有约层的房间，感觉还不错，就是早餐差了一点。,1,1,0.9195236887001034
环球城大酒店整体来说还是比较满意哦！房间比较宽敞，有阳台，站在阳台吹吹风很舒服。价钱稍稍贵了些，早餐一般吧！我们住了二天，还好第二天早餐喜欢吃的鸡翼吃哈哈！打扫房间服务员态度挺好的，值得表扬。可是住在亚龙湾去海边很方便，可是去市区吃饭就稍远了些。补充点评2007年11月12日：入住酒店的人也不算太多，健身房是免费的，我们也去玩了一下哈哈！,1,1,0.9194930044265804
"地理位置不错,房间在香港来说,算大的,特别是卫生间很大,硬件比较旧.住这里只是涂个方便.只是这次的时机不对,遇上会展,价格大概别平时贵上2-3倍哦.平时的话,2000多能",1,1,0.9193605356272594
服务很热情，房间温度正好，隔音效果好，地理位置优越，性价比高，下次来还住这里！,1,1,0.9191754769264645
我也是通过比较携程的用户评论选择海景的，是第一次住。总体感觉很好，房间硬件一般但很干净，每天有水果、糖果赠送，第一天还送玩偶，小孩子很喜欢。特别要提的是酒店服务很周到，餐饮和包车的价格也很公道，我们在酒店吃了两次晚餐都非常的满意，人均消费在30元左右（含酒水的哦）。同去的朋友都很满意，下次去威海还会住海景的。补充点评2008年7月29日：这里的工作人员各个彬彬有礼，作为一家国有企业实在难能可贵。例如，我早餐后刚在大堂的沙发坐下，服务员立即给我送上茶水和毛巾；我们在二楼公共休息区打牌，服务员见天色将黑，就主动把灯打开......,1,1,0.9190571764719182
环境很好，房间不错，网速还可以。早餐不太丰盛，很多都是辣的。选择也不多，看了一圈也没有什么想吃的。饭店离机场较近，饭店后面有超市，美食一条街。,1,1,0.9188587519628361
地理位置不错，因为威海小，所以打车到市区也不用很多钱。我订的是海景房，海景不能说很美，但有日出可以看。而且海边一个小小渔港到了下午4点多打渔的人归航了，别是一番风景。前台服务一般，很客气，但缺乏真诚，就是那种职业化的“不得不对顾客有礼貌”的感觉吧。HOUSEKEEPING人员的服务倒是很好。补充点评2007年9月28日：自助早餐还可以，就是有点苍蝇飞飞。也许我去的时候是淡季，九月初，只有三四个人吃早饭,1,1,0.9186129348075606
地理环境不错，但对面一直在盖楼，门前的街道打车不方便。,1,1,0.9182607872709709
"很不错的酒店,服务和设施都中规中矩.好象宽带有点慢.",1,1,0.9178301256485507
"周末去海宁玩了两天,住海洲,总体评价应该不错.房间很大,设施也不错,如果是液晶电视那就好了.早餐值得推荐.离皮革城非常近,但周围就没有什么设施了.值得推荐!",1,1,0.9173346460242838
酒店房间到是不错，就是位置稍远了些，但是酒店有免费的班车可以直接把客人送到地铁站方便客人出行，不过要提醒大家要看酒店班车的排班时间。,1,1,0.9171359130067551
该酒店比较干净，环境也不错，就是房间比较少，当我第二次再预定的时候，就已经没房间了。,1,1,0.9170967262551615
装修不错，服务不错，价格有一点点高！！如果价格能少一点，我想会更多的人入住,1,1,0.9166861485004598
位于过江后钱塘江大桥和钱江四桥之间，不出所料，环境很好，尤其是空气绝对清新，基本没有噪音，好安静！枕潮轩双号房间可以看到钱江，房间新装修过，早餐不错，种类很丰富，就是携程订的只有单早，自己付了100元（四人）。驾车自助游住宿比较合适。,1,1,0.9166511515177044
除了水忽冷忽热，其他都可以，安静，交通方便，周围吃饭也好，下次还会继续住他。楼下有公共车直达火车站和冰雪大世界，机场大巴到康安路站后也离这个酒店很近,1,1,0.9165820781753321
"呼和浩特的HOLIDAYINN绝对超过我的预期,原先以为内陆城市条件会差些呢.酒店感觉挺新的,住的是豪华房,它有专门的楼层,好象是六楼和七楼.八楼和九楼是行政楼层.房间挺大的,最令我吃惊的是,我的房间可以免费每天饮用4罐冰箱里的软饮料,另外可以每天免费洗两件衣服.CHECKIN&OUT的速度也挺快的,总体感觉挺不错.酒店内的中餐厅和西餐厅也不错,价格也合理.呼和浩特的HOLIDAY在中国的HOLIDAYINN里绝对是可以的,甚至比有些城市的CROWNEPLAZA还好些呢.",1,1,0.9165099798125121
大堂有点小，房间还不错，定的是商务套，客厅很大，还有小厨房可以根据需求使用，卧室很小。饭店出去，沿右手一条小区里的小路一直走到路边左拐，有个茶餐厅，还不错。,1,1,0.9163955739809517
"不错的宾馆.环境,设施,服务都很好.",1,1,0.9163711328407881
周围环境绝佳，处于市区美丽的员当湖湖心岛（白鹭洲）上，闹中取静，动静相宜，附近有几家厦门有名的海鲜酒楼而且还有酒吧夜总会，都是比较不错的。,1,1,0.9161910211132163
"这家酒店离车站很近,较方便,CHECKIN时,服务还好,还有凉茶饮用,酒店早餐还不错,只是8:30时,品种已没有多少了,住的是6楼的单间,上网是免费的,很满意!床比较舒服,空间不大,特别是家俱颜色太深了,房间价格还能接受!",1,1,0.9159013556897246
250的大床房还是蛮实惠的，地段也不错，离最中心地带很近，也很安静！就是感觉房间旧了点,1,1,0.9153024063933836
"房间和服务都还可以,后面有比较大的停车场,非常方便驾车者;对于旅行者来说,可能经常打的士了.",1,1,0.9151598750133649
很好，就是早餐需要改进，希望增加房间上网,1,1,0.9150379424164202
第二次入住这个酒店了，服务很好，让客人感到很舒服，很满意。,1,1,0.9146943840135929
电视太小了，字幕都无法看清，服务人员还是很不错的。前台的MM态度都很好,1,1,0.9143632937710562
房间很新，入住的是行政房，窗外望出去就是玄武湖。窗台上的大理石颜色和我家的一样，给我一种很温馨的感觉。唯一搞不懂的是卫生间的橱和房间的衣橱是同一个，可以互通。交通方便，从火车站上地铁到鼓楼站下，步行5-8分钟便可到。总体感觉不错。,1,1,0.9143153780920613
新装修过了，液晶壁挂电视，很不错。不过，酒店热水采用温泉，水不是很大，而且有些粘乎乎的感觉，成为房间唯一的美中不足。自助餐，可能由于便宜的缘故，办的时间一长，客人来得多了，但是质量和服务却下降许多了。,1,1,0.9141349462752589
房间比较大，卫生也可以，对于这样的价位和地点，算是不错的了，网速一般，酒店比较新，整体满意,1,1,0.9138142497823105
酒店门口的路修好了，客房也装修好了，感觉非常不错~~~！新装修的客房比原来的要好很多，很上档次，还赠送很多东西呢~~~比起那个柳州饭店好多了。酒店服务员也很热情~！以后来柳州都住这里。宾馆反馈2008年8月11日：非常感谢您对我酒店的支持与肯定！期待您的下次光临：）,1,1,0.913811139375429
房间设施难以够得上五星级，服务还不错，有送水果。,1,1,0.9136653245008549
位置很好，市中心，房间可以见到半岛、江面，餐饮（旋转餐厅）非常好。宾馆反馈2008年8月7日：非常感谢您对我酒店的支持和厚爱，柳州宾馆致力打造柳州性价比最高的酒店。我宾馆按五星级标准装修的24-26楼高层观景客房即将竣工，期待您的光临！！,1,1,0.9135208800255679
酒店硬件来讲应该是不错的，就是位置比较远，离市中心和商业区都不是很方便，去的时候又刚好赶上出租车罢工，出行相当的不方便。但因为就在市政府对面，基本来餐厅吃东西的人都是里面工作的人，所以餐厅是不错的。如果不考虑交通的问题，建议选择！！,1,1,0.913211255722824
闹中取静，交通方便，价格实惠，服务基本到位，房间设施虽稍显简陋，但值得推荐。,1,1,0.9132077971488347
"酒店大堂不错,房间设施也物有所值,服务员态度非常好",1,1,0.9131075518646402
房间里有电脑，虽然房间的条件略显简陋，但环境、服务还有饭菜都还是很不错的。如果下次去无锡，我还是会选择这里的。,1,1,0.9130966451146085
在北京算是不错了，价格还可以，还有水果送,1,1,0.9130170499640423
第一次入住长春国际大厦酒店，大堂明堂音乐清柔。前台办理入住很快，房间壁纸有些旧但很干净，我扣子掉了要了青色线服务员很热情帮我缝上了。感谢，在地理位置这么好的地段房间价格低房间干净可以了值得推荐。,1,1,0.9129433770202369
我住的是豪华大床房，硬件不错，可惜床单上有细小毛发，不过服务台获知后马上就换了。自助餐很好。这是桐乡最好的酒店了。,1,1,0.9129395507531761
酒店服务很好，环境幽雅，很地道，比当地同级的康年,1,1,0.9126487057636447
通过协程订的。宾馆位置一般，只离苍浪亭近些，从高速下来还算方便。店内环境好，房间空间大，空调不错、洗刷设施好，床铺舒适。早餐不错。落地窗外就是一个小小苏州园林空间，虽简单，很好。值得推荐。,1,1,0.912525043926039
酒店的服务非常好，工作人员很热情很有效率。大厅超级大，房间装修有一点点旧，不过不影响本人对这家酒店的好感。酒店离机场10分钟车程，非常方便。门口是在建的高架，周围环境目前一般。,1,1,0.912468892678495
朋友介绍的，我也请客户住在那里。感觉是我看到过最注重细节管理的酒店，很多设置都很舒心和用心，比如代客泊车、房间的摆设、门口和电梯口美女应门。房间点餐应该是二楼的驹鲍的菜，味道很不错，而且24小时都可以点，菜品也非常丰富。除了市口偏一点，其他都不错。我朋友入住期间生日，还送了一个不错的蛋糕，可见用心。,1,1,0.9123658003665371
入住酒店时把我自己行李丢在了出租车上，酒店的前厅部人员很热情，很积极帮我寻找，我很感动。酒店的总体感觉不错，舒适，安全，退房时候感觉两个总台人员不停的在忙碌，动作挺熟练，迅速的。,1,1,0.9122813124929506
环境不错。不过离泰山还是有段距离。要是能包含早餐就好了。,1,1,0.9121237969110552
住的是豪华房，面积很大，设施还不错，可能靠马路，有些吵。餐厅的早餐品种很多，价格35元，物有所值。前台的服务很热情，退房后要赶车去上海，行李员一直将行李送到车站，服务让人满意！,1,1,0.9119786137615807
"酒店服务很不错。有几次因标准房间售完，酒店就升级到豪华间宾馆反馈2008年7月3日：感谢您经常入住国宾大酒店,并且对酒店的服务予以认可.我们热切期待您的再次光临!",1,1,0.9118496693629613
地段还不错，周边饭店也挺多。房间还行，就是洗手间实在是有点寒酸。服务生很热情就是不太专业。比起蛇口的那家似乎差些。,1,1,0.9116373541332964
地理位置比较方便，环境还算不错，比较安静，房间也很干净！宾馆反馈2008年6月19日：尊敬的客人您好，,1,1,0.9115562548976038
酒店依山而建，环境很好，房间的设施也不错，阳台可以看见内庭园也可以看见山景。机场可以接机很方便客人，否则当地的出租车很贵，没150元不肯走的。,1,1,0.9114365423753606
我住了两次，酒店的地理位置好，卫生干净，服务态度好，交通方便，配备观景电梯可尽览泉州市区全景，唯一缺点是早餐品种单一，早餐价位偏高。,1,1,0.911408232514161
在看过携程的点评入住的，订的女士楼层，总的来说非常不错，大堂有点小，倒也无伤大雅，房间因为全是套房，稍稍显局促了些，但是床真的是灰常灰常的舒服，粉粉的床具让人一见就忍不住“投身”进去，洗手间也显得稍小些，但还不错。早餐倒算干净，但品种太少。以后到深圳还会选择并且会推荐朋友入住的！,1,1,0.911396407879156
"7月10日入住的,因为酒店搞活动,所以原700多的房间只要498元.还是蛮合算的.地理位置不错.房间也不错.不过,如果按原价700多,有点贵了.总体还是满意的.",1,1,0.9112967980478303
总体来说还不错，交通服务都还行，酒店有点年纪了，看上去档次不像四星的，大堂很旧，呵呵，性价比还凑合吧。,1,1,0.9107305582312171
环境优美，设施齐全，服务周到，房间舒适。,1,1,0.9103797446609353
8月底和女儿入住一晚，感觉不错，蛮亲切，一定要住三楼，在走廊上可远眺大半个古城，心旷神怡。房间稍小，但整洁，卫生间也不错，小院很静。如果真正要享受古城的感觉，个人觉得它是个不错的选择。如果要追求星级享受，那就去住王府，和玺。,1,1,0.9100100234775449
没有参加过评价，但感觉很多酒店的评价不客观。这次参与一下。此酒店我个人觉得在西安应属于性价比比较好的。房间大小设施及服务都不错，前台的行李员给我印象很好。很重要的是位置很好。离大雁塔及小雁塔都很近。只是担心未来可能会有问题，感觉目前的经营上有点杂乱，好像有很多公司入住包房。,1,1,0.9092830295966908
设施较旧，但环境不错，价格还可以，没有早餐是件遗憾的事。,1,1,0.9090996694222755
不错，在普宁寺旁边，有特色。服务员态度特别好，很亲切，都穿藏服。,1,1,0.9088451336005555
"地点优越，房间和服务都不错。晚上送的绿豆汤，还有纸鹤和问候卡，感觉出家的感觉。下次还会住这里的。宾馆反馈2008年6月25日：感谢您对国宾大酒店的认可.我们非常愿意成为您的朋友.欢迎经常入住!祝工作顺利,心情愉快.",1,1,0.9085101415904
"感觉挺好的,是家不错的酒店,下个月去办事打算还住那儿.",1,1,0.9083132674167776
1）地处城市中心，出门便是热闹市街。周边九龙壁，华严寺等景点徒步可达。2）入住的豪华大床房，干净整洁，设施基本齐全，布局比较合理人性化。卫生间设计简洁，都是美标卫浴。就是洗澡水的温度比较难调节，可能是个别房间问题。3）一楼的自助早餐内容丰富，所有品种在服务时间段内供应充足，不用担心起来晚了就会选择少了。4）唯独软件方面有点遗憾。个别前台服务小姐的工作热情还有欠缺，对于一个国际大酒店来说云冈国际的员工素质还有待进一步提高。服务业里微笑是基本，请给客人一个舒心的真诚的笑。,1,1,0.9077894321097307
因为是晚上入住，没看清整体外貌，不过感觉还行，很幽静，大堂很大，标间宽敞，家具不算很旧但是台面被茶杯烫的一个个白色斑点。卫生间干净热水很大，毛巾很白很干净。离金山风景区和天下第一泉景区很近，很方便。,1,1,0.9076098141308453
实在很舒服的度假山庄，没有一般度假区的市侩的感觉，有家的感觉，越王山比我想象中的刺激，不过那些木走廊过道需要维护一下了，不然很容易出事。房间很舒服，床拼起来很大，服务挺好，就是餐厅苍蝇比较多。,1,1,0.9074747057185265
房间很大，交通方便。早餐还可以。下次去沈阳，还是住那。补充点评2007年12月25日：贵了一点，如果不是公司付账不会住那。,1,1,0.9071945969410438
去柳州还算不错的选择。周围挺热闹的，书店，步行街...服务很好，房间也还可以。就是卫生间太小了，还有早餐太一般了。反正去柳州算是个OK。宾馆反馈2008年7月31日：您的意见我们已向西餐厅做了反馈，自助早餐的品种已做了调整，相信能让您满意。柳州宾馆地处柳州市的商业中心，吃，住，行，游，购，娱十分便利，是您来柳州出差，旅游的首选之所！！,1,1,0.9066014926421158
环境安静，空气好，交通也还算方便，但是房间旧了点，早上自助餐一般,1,1,0.9063035129225868
"房间很不错,还是套间,前台服务员很贴心,因楼层少怕吵,特意没有安排向马路的房间给我。酒店地理位置极佳,就在七星岩牌坊斜对面,旁边就是华侨大厦。总的来说很满意,另外楼层走廊真的好长,开眼界了。",1,1,0.9060453755794824
在石家庄是很好的酒店了，我住了个贵宾楼的豪华房，在最高楼，设备都很好。但是到了早上8点半听到很大的噪音，原来是楼顶的风机开始工作了，这个是唯一遗憾，以后还会选择这里但尽量避免最高层。工作人员态度也很好，这个是值得肯定的。,1,1,0.905587699968653
房间还算不错，窗户设计的不错，视野很宽阔！住在高层之上，可以远眺上海的夜景！宽带费太贵了，每小时40元！,1,1,0.905545698293473
"人家特地让我来表扬这里的,价格很便宜,服务很好.房间很好,就是小了点.宾馆反馈2008年5月9日：嘿嘿,多谢您的鼓励,有了您的支持,相信我们会做得更好的！",1,1,0.905399818091735
"住过很多次了,基本上还是挺满意的,交通也很方便,而且离建筑双年展非常近,我带着一家人散步过去很舒服.唯一不太好的地方是价格好象越来越贵了,看来我还是需要再发掘一些性价比更高的酒店.",1,1,0.9051445746491122
住了3天，地点不错，环境也很舒适，价格合理，还有早餐，虽然不丰盛，但比没有强，旁边就有超市，对面快餐饭店还比较多，对面网吧配置一般，人多有时还找不到位置。下次去还住这！,1,1,0.904951950920591
很不错的一家酒店！房间、卫生间、还有床都少见的大，很喜欢，下次到上海还回选这家！,1,1,0.9049348021613834
"干净,交通方便,服务态度也不错,368的房间带的早餐也可以.就是老宾馆,设施较老.价格略偏高",1,1,0.9048816938258359
房间宽敞，条件不错。周围环境也可以。周围无合适的公交车，出行需要用出租车。,1,1,0.9045254582589071
"算是市中心入住挺方便的,旁边就是公园和河畔,景色不错,算是个闹中取去静的去处!房间是时尚派的,印象最深的是床,惬意的很以至于躺上去就睡着了,晚餐是西式的自助餐,在夜色中的玻璃幕顶辉映下点点的灯光象星星一样,浪漫的象野外餐一样,到是一种享受吧...嘿嘿,个人认为比较小资一些.附近有很多特色的饭店,走着就可以去了,很是方便!",1,1,0.9045040726820869
服务总体很好，通过房间电话可以方便得到服务，价格有一定竞争力。有一点遗憾：酒店处打车不是很方便；同时酒店取消了机场BUS，客人多少有些不方便。,1,1,0.9044521580047249
交通方便；环境很好；服务态度很好房间较小,1,1,0.9043323320571949
入住了行政客房，总体来说，酒店还不错，服务员的素质也比较高。尤其是行政楼层的服务员值得表扬。中餐馆的杭帮菜很好吃，环境也还不错，值得推荐！说说缺点吧：地方有一点偏，离西湖大约15分钟车程，打车不容易，不过与房价匹配来看也算合理。但最后一天退房时，我们已经提前和前台约定了车辆，可是到楼下居然还要等很长时间，实在是让我们本来的好心情大打折扣！,1,1,0.9042865163598649
我因为要到东大名路办事，这个位置不错，老牌的酒店，装修我也很满意，上海酒店，性价比很高了，如果提供早饭（其实没多少钱）就更好了,1,1,0.903834110634582
大年初一住了一晚，订的480的房间，相当相当不错。唯一的缺点，因为住的人少，显得有点冷清，但餐厅服务很好，没吃到自助餐，但点菜也很不错的，性价比很好(夫人是山西人，她说所有菜做得都没家里的好。那是当然的了)。宾馆就是个大公园，感觉非常好，但估计只适合开车去的朋友。打车去会很不方便，离市区也很远。美中不足的是离开的时候正好停电，前台居然就不能办checkout，可见员工应变能力较差。当时有一个应该是经理的在场，问了一下情况就让前台按客人自述退房(同时还有一家，都已经说明自己在餐厅有消费，没有其他消费)，但前台还是不给办，硬是等来电了才办理，多等了十五分钟。不爽!!服务给四星。,1,1,0.9037799229600303
酒店服务态度绝对是好的，大堂小姐会提醒天冷加衣服，早餐的时候主动为客户提供及时周到的服务，很不错。但是酒店装修一般，还有隔音效果不好。不过总的来说还是比较满意的，至少在我已经住过的酒店当中算是好的了。,1,1,0.9037715728695155
优点：从自驾车游客吃住的角度看，此“宾馆”已经很不错了。干净、宽敞、自助餐也不错，最大优势是距离景点非常近，开车几分钟就到。缺点：与绝大部分宾馆酒店一样，室内空气污染情况都比较重（不过还可以忍受）。去前如不做好功课，找起来略有困难。,1,1,0.9036505172357889
"还是柳州性价比最好的酒店之一,酒店规模与客房品质都很说得过去,地理位置也好的.基本接近四星水准了.宾馆反馈2008年7月31日：非常感谢您对我酒店的支持和厚爱，柳州宾馆致力打造柳州性价比最高的酒店。我宾馆按五星级标准装修的24-26楼高层观景客房即将竣工，期待您的光临！！",1,1,0.9035658368059517
我9号入住行政层（28楼），设施还好，服务不错，但电梯太老了。,1,1,0.9033464257065655
"环境不错,但服务速度稍慢。希望服务人员脸上多带些笑容。",1,1,0.9031678451750511
这已经是第N次入住国贸了，感觉还和以前一样，干净、舒适。前台小姐虽然换了一些新面孔，但热情依旧。早餐比以前似乎增加不少品种，卫生、可口。地理位置好，打的方便给我出行节约了不少时间。,1,1,0.9029028434601879
住在这里感觉很舒服心情很好，有什么问题都能得到及时地解决，不管是大堂副理还是服务员都是很专业的，服务水准一流。早餐很丰富，旋转餐厅能看到玄武湖。,1,1,0.9028234196104857
友谊宾馆环境优美，空气新鲜，硬件设施还可也，服务比较到位。瓦西里酒馆俄式大餐非常有特色，这里外国人非常多，住在这里如同在国外度假。距宾馆专用海水浴场三分钟路程，跟宣传的一样，我来过北戴河多次，这里环境是最好的，下次来北戴河我还会选择这里。,1,1,0.9026349566057819
"酒店位置很不错,而且在市中心,对面是人民公园.而且有直通班车到罗浮山的绵州温泉酒店,如有时间,值得去温泉酒店泡泡.",1,1,0.9022144158358402
有比较才知道酒店的好，难怪外国友人超多选这里。是临时从别的酒店调整过来，因为订不到。房间好像新装修了，除了略偏小一点，色调和成新都很有感觉，尤其是增加了细节的注意：比如桌面的文具，储藏室的雨具等。一如既往的免费牛奶，入住当天还有果盘。座八楼的服务人员每次出入都有亲切的问候，电梯口的小点心也很周到。还有免费的报纸和上网电脑。周边餐馆多，打车也很方便。将成为我的常驻酒店,1,1,0.9019961052149477
这次到莫干山自驾游，住在德清县的这个酒店里。先说说好的方面，酒店的地理位置不错，紧邻免费开放的春晖公园。开车到莫干山有两条路，大约40分钟。作为挂牌四星级，门面还是很气派，客房是中式的布置，房间很大。酒店内的工作人员对客人有求必应，服务态度较好，就连门口指挥车辆的保安也会很热情地给我们指路。不太满意的地方，一、酒店大堂因为节能不开空调，走廊里有因长期不通风造成的霉味，而且地毯看上去也很脏；二、浴室热水比较小，但设施还算干净；三、入住和结账的速度比较慢，但也可能是因为入住客人多的原因。德清县环境不错，离杭州、湖州都比较近，酒店还有班车发往这两个城市，适合短途旅行。,1,1,0.9019554015135844
在太原还算不错的，个人认为要比山西大酒店好！国贸没住过，价格太贵，呵呵,1,1,0.9018962477102143
１酒店的服务非常好，就连酒店做卫生的阿姨都会很有礼貌的对小朋友打招呼，是我在其他酒店没有感受到的，非常适合居家度假入住。２中餐厅很有特色，乾隆一品鱼头很有特色，半个鱼头３．６斤，再加两个小菜，一家三口可以吃的很饱。３室外游泳池一定要去，免费的不享受可惜了，白天晚上的感受不一样。相比之下千岛湖旅游项目倒是逊色了很多，不如在酒店好好享受了。,1,1,0.901567653248401
"窗外海风拂面,景色不错,房间有点小;不过博鳌没什么人气儿啊",1,1,0.9014956210206104
"不是第一次入住了,感觉还不错,要不然不会第二次选择,早餐的品种少了些.其他还好.",1,1,0.9014250093888118
"酒店的地理位置优越,适合办公人事入住,服务也比较到位,下次会继续考虑",1,1,0.901295088571276
服务值得褒奖，是见过的国营酒店里最好的，尤其是行政楼层长兴阁，贴心的服务，精致的点心，无线上网，免费的下午茶，感觉很惬意，尤其是服务员的素质，蔡雪妹妹的微笑实在让人难忘。大堂吧也不错。行政楼层1030一晚，含免费下午茶（长兴阁），每天免费洗烫4件衣服，免费享用4瓶小冰箱饮料，含早餐。性价比相当不错。好话说了这么多，批评一下：主楼和世纪楼的中餐厅真的很烂，据说是外包的，生意非常火，每天都是婚宴，要吃饭必须定位，否则排队吓死人。住了一个星期，两个中餐厅分别等到机会吃了一把，差点没被气晕过去。素质和环境和酒店本身相差太远，吵闹，难吃，奇贵无比，拿着红酒杯倒啤酒，拿着洋酒杯到红酒，厉害！服务员素质也不到位，和外面马路餐厅相当。酒店里两家中餐厅外包，天上人间也总会外包，都极差。日本料理店东西不新鲜，早餐每天都一样，只有鸡肉粥换成鱼片粥，呵呵，吃顿早饭吗，不用那么挑剔，也罢。4楼健身不错，很全，保健按摩很专业。总体来说，性价比不错，切记只选酒店自有的服务，准没错，外包的别再尝试了，只会影响心情。,1,1,0.9012538511901768
"一开始看了别人的评价比较担心,入住后觉得很好.我订的是豪华大床房,房间大,设施也算齐,济源没什么旅游资源/商业也不算发达,所以在5.1期间性价比很好.特别是服务员态度很好,很满意",1,1,0.9011878624824774
12月在金泉订了个豪华商务小套房，房间内部环境不错，酒店位于市中心边缘，周边交通还算方便，打车到昆明有名的金马碧鸡刚好起步价。缺点是碰上昆明柴油紧张，没有空调，晚上较冷，还好向酒店要了个空调扇，可以吹热风，否则晚上睡觉一定会感到冷。,1,1,0.9011870723114304
本次此次入住非常愉快，我住的是标准间，房间设施完善条件不错，尤其是酒店的环境非常非常的好，呵呵住在这里很惬意，前台服务态度也很好，早晨的自助餐也不错。只是入住时没有人帮我拿行李，自己提着很重的行李上4楼郁闷。提醒大家的是他的阳光间只是在天棚上有个小窗户，四周是没有窗户的。再者酒店位置一般，不过离都江堰的秦岳楼和二王庙很近：）价位前台标价是580元而且不打折，携程348元的价格还是比较有竞争力的。总之下次入住还会选择这里的。,1,1,0.9010890930178767
酒店内部及周边环境非常好，是长期居住在城市的人们度假休闲的好去处，酒店在节日期间还退出一些怀旧游乐和小吃，很能烘托节日气氛，周边的同升湖的延湖别墅也是别有风景，还有专为,1,1,0.9005323516681291
订的是豪华大床房，到那里后豪华房已经没有了，免费升级到行政大床房。过程中服务的态度还好，就是手续有点繁复，行政房需要到22层checkin除了行政房上网free，其他房间上网需要40元/小时80元/一天，免费升级到行政房上网也需要付费。之前住过豪华双人房，感觉和行政大床房没有太大差别，房间大小和装修差不多。这家宾馆最舒服的一点就是浴室比一般宾馆大。总体来说，住过这家宾馆两次，装修和房间大小包括浴室在内，在上海四星级宾馆里来说还算不错的。,1,1,0.9005257400741404
天府丽都喜来登饭店不错。价格比较实惠。硬件绝对够五星标准了。环境也很好。服务很到位。2007年3月入住了一次。寄存行李的人很友好位置靠近人民广场，绝对是黄金地段。就是门口的那条路是单行线，这个要大家注意,1,1,0.9002874800376922
"这家酒店的设施真的非常不错.地理位置也方便,大堂气派.由于没有我预订的那种房型,到前台的时候,酒店给升级到高级房,总体来说,是很满意的.",1,1,0.9000383557573994
"新楼环境还是可以的,不过貌似没什么人,中餐厅的装修还是比较陈旧.服务周到,值得下次再去",1,1,0.8996833977360753
酒店设施有点陈旧，但地处市中心地带，交通方便，服务也很好，携程的预定价格很公道，可以作为一个出差的选择,1,1,0.899620167094193
"晚餐是房间叫餐的,价格不贵,速度也较快.房间很大,床也大,感觉不错.",1,1,0.8993881179634587
"已经是第二次入住这家酒店了,感觉上还是第一次住的面对柳江的房间景观比较好,不过这次来酒店前面的路已经修好了,交通很方便.酒店的服务员依然一如既往的微笑服务,特别推荐一下30楼的旋转餐厅,夜幕降临时分来这里用餐,看柳江两岸的景色很美.不过这家酒店不适合打长途电话,1.8元/分钟,是我住过的电话费收费最高的一家.宾馆反馈2008年8月7日：非常感谢您对我酒店的支持和厚爱，柳州宾馆致力打造柳州性价比最高的酒店。我宾馆按五星级标准装修的24-26楼高层观景客房即将竣工，期待您的光临！！",1,1,0.8991727576886581
"地址不错,位于民族大道,由于我们是自驾车,所以比较容易找.房间实在太小,简陋了点.一楼的餐厅很方便,我们在那吃晚饭,感觉味道不错.",1,1,0.8991083529229266
"房间很大,床很舒服。有个天井,很奇怪,影响手机信号。早餐一般般,应该还能更好些。",1,1,0.8986486599133024
"朋友推荐的宾馆,位置方便,价格合理,高楼的房间面积很宽敞,前台登记和退房时间很快,服务感觉不错!值得向各位推荐。酒店斜对面就是汽车总站,还有大型超市,很方便的。",1,1,0.8984785389759101
商务大床房的房间不错，卫生间较大，不错不错！下次还会住！就是有一只该死的蚊子缠了我一晚上！,1,1,0.8984013115851833
酒店有点旧，房间比较小，但酒店的位子不错，就在海边，可以直接去游泳。8楼的海景打开窗户就是海。如果想住在热闹的地带，这里不是一个很好的选择，不过威海城市真的比较小，打车还是相当便宜的。晚上酒店门口出租车比较少。,1,1,0.8983736411898556
前台楼层服务员都不错，房间安静整洁，交通方便，吃的周围也挺多．唯一不足，卫生间地漏设计不好，导致少量积水．,1,1,0.8981655188348439
因为决定匆忙，我是通过电话预订的金源饭店，携程的客服很耐心，这里先谢谢一下！:)金源饭店环境很好，就在温泉公园的旁边，有空的话还可以去散散步；大堂装修的不错，那天去大概有3对新人在那里举行婚礼，都笑得好幸福（羡慕ING）；前台CHEKIN速度很快，还没有5分钟我就拿到了房卡；一到房间就有服务生送上当天的报纸，和福州市区的地图；房间里的设施也很人性化，有音乐，还有drinkingwater，我的外国老公说在中国其他酒店他还没见过（赞一下！）；那天小小泡了一下澡，非常舒服，浴缸很干净，泡澡水还是天然的温泉水。总的来说，金源饭店让我们在福州的旅行非常愉快，下次还会再定这家酒店！,1,1,0.8981511153521985
优点：大堂和客房部的服务非常好，很热情（因为没有冰箱特地帮我们从别出弄来了冰块）特色大床房送茶香枕、一些杂志比较有意思地理位置不错，周围有家乐福等购物广场，交通也算方便送的早餐很棒，自助餐非常丰盛，中西式都有，加菜速度很快缺点：隔音极差，晚上被隔壁的客人说话吵醒最近酒店在装修，早上6:30就开工，完全睡不着了没有小冰箱电视没有卫星频道设施如马桶、毛巾稍有陈旧，不过还行,1,1,0.8979547744908721
酒店环境不错哦，在市中心，但是很安静．因为占地面积很大（保安说酒店有250个车位orz~~）．和一般的酒店不一样，闽西宾馆有６栋楼，可能是价位不同的原因吧．因为这次是自费的，所以选了比较便宜的５号楼．房间还好了，倒是边上９号楼前的小花园很讨人喜欢；还有５号楼后面的农家屋，葡萄架后是古色古香的矮平房，很有＂曲径通幽＂的味道～～特别要表扬下５号楼的服务员小妹，人很好哦～我笔记本坏了，她带我去６号楼商务中心上网（住客都是免费的～）还帮我找了个技术员修理笔记本～多谢哈～～,1,1,0.8975893848284235
总体感觉不错。房间略小，已经够用了。性价比很高。位置略偏。附近有公园，超市，KFC。,1,1,0.8974737588235072
"我住的是豪华房,酒店环境很不错,服务满好,饭菜也过得去,按此级别的酒店早餐算满好了,位置也还方便,唯一的不便就是上网按30元收费,觉得很不便,下次再去如果只是路过一天还是住这里,如果住几天就肯定换酒店了,查询旅游信息和上网联络很不划算",1,1,0.8969469593434021
现在去无锡经常入住这家酒店，环境不错，因为不是太湖风景区，所以自驾车的朋友比较合适。不过，送餐服务的品种似乎减少了，也不过只有两三个品种，建议酒店改进一下，酒吧的感觉不错，还可以打桌球，感觉比较的轻松宾馆反馈2008年7月30日：非常感谢阁下给我们酒店提出的宝贵意见，送餐问题已向酒店餐饮部经理反映了，如果您有好的送餐品种建议，下次也可直接与我们销售部联系，（分机8708）届时会有小礼物赠送哦！！期待您的下次光临！！！,1,1,0.8966283102903957
房间不错，虽然有点小，但很实用。宽带很快。不过前面的朋友说过的隔音效果差，确实有点。细察发现是门后的墙，采用木板结构。其它的都不错。早餐再普通不过。可以忽略了。,1,1,0.8961930872962092
酒店位置还不错，环境也可以，房间小了点。,1,1,0.8961483250888569
"我是5月8日到9日定的贵宾楼层高级间[含早],给我的感觉是:---地理位置极佳,就在金融街附近---房间非常大和非常舒适,包双早,才1000块多一点,非常合算---唯一不好的是大堂在装修,搞得有点失礼,其他的都很好总体来说是一家不错的酒店,够了4星级标准!",1,1,0.896129995170128
很喜欢这家酒店，是我住过的五星级酒店里性价比最高的一间。交通便利，就在厚街的高速路口。酒店最让我难忘的是二楼的那间日本料理，铁板烧的味道美极了，服务员和主厨的态度都非常好。晚上入店比较晚了，在西餐厅叫了意大利面味道也很棒，下次还会选择这间酒店,1,1,0.8956890736726099
2月7日至10日入住该酒店，酒店房间安排在35层，可以看到一半海景、一半山景，非常棒。酒店服务很好，每天都有新鲜水果赠送，2月9日恰逢先生过生日，酒店还专门赠送了一盒巧克力，非常周到体贴、服务很人性化，下次再去香港，我还会选择入住该酒店。,1,1,0.8956715290244094
性价比很高。虽然是没有挂牌按照四星标准建造，但是非常不错。房间很大设备齐全。酒店所处位置交通便利，离成都热闹繁华地带近。同行的几个同事的评价都很高。,1,1,0.8953603588972362
性价比可以，让人有还想再入住的感觉，在北京这个价格的酒店中，服务算还不错的,1,1,0.8952563448584608
我是12月去的，环境很好，豪华的海景房，从阳台望出去就是海月广场，晚上的景色更美，广场上很热闹。还有特产超市，买东西也很方面。,1,1,0.8951127875639951
客户来佛山工厂拜访，安排在这家老牌三星酒店，尽管客房设施稍显成就，但价格也不贵，关键在地处市中心，购物吃饭都很方便。对于这个房价来说，还算可以吧。,1,1,0.8948084761311527
环境还不错，旁边就是华师，在华师参加考试是个不错的选择。缺点就是没有留加床的位置，加床后非常小，另外就是价格定的有点高了。宾馆反馈2008年7月1日：感谢阁下的宝贵意见，酒店有个别房间是适合配置加床的，如阁下需要加床，可在预订时提出需求，我们将尽力为阁下安排，期待阁下再次入住我们酒店。,1,1,0.8946204147427578
酒店背山面湖，地理位置优越，经营面积在当地算大，闹中有静，天然优势比较明显，看得出以往曾经有过一段辉煌的历史，但不知什么原因现在反而不舍得投入去做日常的维护和保养，各项设施比较破败，服务人员也少，服务质素一般，房费偏高，但就其地理位置的优越性而言，好象可替代的酒店不多，鉴于其地段和自然环境的优越性，所以下次去还是会选择入住。,1,1,0.8945481528492671
房间宽敞，很干净，墙上挂着小型液晶电视机，卫生间没有浴缸只能淋浴，不过不成问题。长宁路是个大马路，但因为酒店位于弄堂里，所以环境比较安静。我比较喜欢锦江大厨，价廉味美，服务态度也还可以。229元的房价的确很有竞争力。网络速度有点问题，经常有中断或连接不上的情况。,1,1,0.8931891309843878
感觉还不错，虽然不算新也不算豪华。地下一层的桑那按摩（当然应该是独立经营的）骗钱，故意不说要加房间钱。,1,1,0.8931586742039098
"交通位置很好,服务设施还可以.但价格有点高,可能太原的酒店价格普通比较高的原因吧!",1,1,0.8931574252235135
"酒店的大堂很漂亮,房间不算小,设施还可以也很干净,离码头很近,而且又有车接送,很方便.晚上22:45肚子饿了,叫了一碗XO酱海鲜炒饭和一杯蜜瓜汁,味道真不错.",1,1,0.8930607130853869
"准四星已经正式挂牌为四星了,房间很大很干净,服务也不错,酒店就在火车站旁边,交通很便利,而且大商等大商场立着也不远,购物也挺方便,不过也正因为在火车站旁边,酒店门口显得比较乱",1,1,0.89287187172888
"房间是新装修的,用的是浅色调,感觉很温馨,布局较合理,显的比较宽敞.酒店选用的布草很讲究,放在手里感觉到厚实,柔软.服务周到,特别是本人出差带的衣服较多,服务员可以考虑客人的实际需要,随时增加衣架.酒店的饭菜做的有特色,去过不同的楼层,都是满意而归.虽然酒店在细节上有过人之处,但如果在某些地方再改进一下,完全可以和当地的四,五星酒店媲美,如卫生间放置小挂钩可以挂",1,1,0.8926348453915948
"离四方街很近,出行真的很方便.虽然房间有点小,但是住得很舒服.现在早餐是免费提供的(主要是糕点,牛奶,咖啡,鸡蛋和小米粥),稍",1,1,0.8925592937740054
房间地理位置不怎么好，比较背，藏起来一样的，后面就是居民楼，没有任何风景。不过房间很新，服务挺好，适合长期住，比较安静。不过打车池坊都不是很方便的。周围四不靠。,1,1,0.8923318398198372
服务很热情，交通也很便利，下次如果去北京我还会选择这家酒店!,1,1,0.8918197253814945
酒店的地理位置实在不错，所以从大堂开始就令人惊艳。城景房不但在房间可以看到上海的美景，就连于是也可以边泡澡边看风景。,1,1,0.8912045397470816
海景房能看到非常美丽的景色，尽管价钱贵，但是非常值得。,1,1,0.8909541773596954
从上海出发，沪杭高速，杭州绕城北线，西线，杭徽高速，临安出口下，右转弯后第一个红绿灯（加油站）左转，市标转盘处有一条小马路直走就到了。环境很好，度假的好去处。,1,1,0.890530169199675
这个酒店住过很多次的了，商务标间和豪华标间都住过。商务标间洗澡比豪华标间舒服，有个大花洒，不过浴缸都感觉不怎么干净，所以就没有用。酒店服务也不错。足浴的MM也不错，都挺漂亮的。早餐一般，将就着吃吃。酒店不远一条街，算是美食街吧，很多吃的，川菜特别多。总的感觉比临海另外一家四星的要好。,1,1,0.8899811522186549
订的是豪华房，但是还真的挺小的。服务还可以，要求晚点退房同意的，酒店也有班车往返市中心。其实地理位置挺靠近铜锣湾地铁站的。就是后边的一片坟场，如果有忌讳就要注意了。,1,1,0.8893370425506604
"服务非常好,希望不是正好赶上奥运才这样.去哪里都有人带路.宾至如归啊!早餐还算丰富,门口也有不少餐厅.出门就是海边.风景美.值得一住!",1,1,0.8890472713401849
房间相当大，干净整洁。周围有很多学校住宅小吃店，比较安静，小巴知道酒店门口，交通也相当方便，推荐这里~换汇的话后门出左手边往前走拐角处有一个报摊，摊主相当风趣，rmb:hk=1：1.2，酒店换是100：97晕~,1,1,0.8890390238508268
位置靠近区体校，不是正市区中心，但交通都算方便，离火车站也近。各方面都为标准4星酒店，服务比较热情，可能和管理有关。以前都是住凤凰，甬江的，这次在机场看到有酒店人员打着免费接机的牌子就注意上了，回程就住到该酒店，去机场只要和前台预约一下就可以了，一个人都送机。对于往返机场的旅客还是很方便的。,1,1,0.8889742944968855
"在CBD温特莱还是性价比比较高的,位置也不错.房间在三星级里是好的.",1,1,0.8888563963738995
最物有所值的就是海景房的无敌海景了！房间一面墙的玻璃窗，维多利亚湾的美景一网打尽、一览无余。酒店服务也不错，很热情、贴心，没感到以前听说的对内宾的歧视。我们是上午11时到店的，按规定下午14时后才能入住，原本打算先寄存行李下午再入住，但前台的工作人员主动为我们提前安排了房间并一直陪同我们到客房安顿。要说不足的话，就是餐厅和客户服务员的普通话水平应该进一步提高，以免内宾不得不用英语来表达。另外中宾房的开关等建议增加中文标识。,1,1,0.8887922546780648
"服务态度比较好,很亲切,早餐品种也比较丰富,只是味道不是太好.房间设施一般,毛巾看上去有些陈旧,周围吃饭的地方比较少,因为在开发区,离市区还是有一定距离,总的说来还行.只是济宁这个地方好的酒店也不多,所以相比较而言,这里还值得入住.",1,1,0.8887368171341451
"总体感觉不错.价格适中.用餐条件一般.酒店自己的餐厅不太好,隔壁的大连海鲜餐馆尚可,但不能在酒店客房签单,不是很方便.",1,1,0.8882730537358623
在南山区办事的话住这里还算方便，门口往哪个方向的车都有，就是稍微有点吵啊,1,1,0.8873896001659863
不知道什么原因，这个酒店目前的价格做了下调，而且周末居然有促销价。不错！这次入住的是大床房，依旧是紧促的布局，舒服的床，总体来说，还是很不错的！,1,1,0.887278668625576
房间装修不错，可能是走道的最后一间房，无论空调设定几度，总是感觉偏热。早餐不错，地理位置有点偏。,1,1,0.8870830627925481
"酒店位置在很市中心的地方,房间也不错,旁边有一个府山公园.早餐品种不是很丰富.",1,1,0.8867058410849067
这个酒店位置很好，就在新街口附近，走到哪里都近，吃饭也方便。酒店员工服务也很好，主管顾新峰当时帮我做的入住，因为他们在做酒店改造，就帮我免费升级了！客房的服务员也是相当的周到，到了之后的服务让我十分的满意。送来的报纸还配上一个有淡淡香味的花，让人感觉宾之如归。真的是一个值得推荐的酒店。我在协程虽然不算资深会员级别，但是也用协程3年了。这是第一次上来点评，就是因为服务真的很出众。让我觉得这钱花得不冤枉。,1,1,0.8867037193199063
"很不错的一个酒店,床很大,很舒服.酒店员工的服务态度很亲切.",1,1,0.886675692695942
去常州基本上都是入住中油的，地段在市区交通比较方便，早饭，房间都很不错，以后还会继续入住。最近附近一条马路在施工，晚上可能有点吵,1,1,0.8864846252332603
因为离客户很近所以觉得非常方便，说实话房间没怎么注意过，因为一天中只有早上是比较清醒的，其他时候都醉着。早餐还不错，房间也挺干净。很可惜住了两天半很匆忙没去看看那个全市最大的冲浪游泳馆。,1,1,0.8864725757938953
在香港难得有那么大的房间，不过就是卫生间旧了一点。对于去香港血拼的人来说这是最好的选择，因为酒店就在海港城内，偌大的海港城逛一星期估计也难以逛全，逛累了还可以直接到酒店歇一歇,1,1,0.8862282285785806
还可以，升级了行政楼层，房间一般，新但不算大。洗手间比较大，淋浴和泡浴分开，这是我升级的原因，因为宝宝喜欢泡浴。但五星级没找到有泡浴的浴盐有点失望。可以挑花香枕，但没挑，怕小朋友敏感。逛街还是很方便的。,1,1,0.8860235114797725
"服务人员素质好,彬彬有礼.软硬件都很好的酒店,早餐有很好的西餐,也有当地传统小吃,值得一住.",1,1,0.8859449426178726
"交通便利,恰好位于解放西路和黄兴中路的交界处；出门一拐就是步行街，而且濒临湘江。房间条件比三星要好一点（我住的豪华）；晚上附近的歌厅有一点点吵，12点以后没多大动静。免费宽带上网和早餐，自助早餐还不错。总之条件虽然不是很豪华，但是住着舒服方便；性价比不错。推荐入住。",1,1,0.8858698847759358
春节是住的，位置不错，交通方便，周围环境也不错，购物很方便。房间大，卫生间超大，个人感觉完全是浪费空间，房间老旧。前台服务一般。早餐只有韭菜猪肉馅的饺子跟米汤。是我吃过的最糟糕的酒店早餐。电梯很恐怖。不过一楼的老大爷很亲切。,0,1,0.8858173571833395
08年4月初住过一夜。总体感觉不错，特别是对着钟山的那一面，隔壁是南京博物馆，也有许多好东西看。就是楼下什么淮扬菜的餐厅贵了点，菜也一般。还想说一句，就是来了几次南京，感觉都是那么好！补充点评2008年4月27日：记得说下缺点，就是上网要钱！作为五星级酒店，没必要那么小气吧？,1,1,0.8856284550769233
性价比还不错，位置很好，就在古镇入口处不远，开车去不要入旅游停车场，跟拦车的人直接说去周庄宾馆。电吹风要打电话要才有。,1,1,0.885480796202706
每次去太原，都住这家酒店。。。就太原市的水平来看还是不错的；但是横向比较其他城市，这个价位的性价比，显然不足。,1,1,0.8852622442007525
我从05年开始入住该酒店，每次来南通，基本上都是住在该酒店，总体来说，酒店所处位置方便，旁边就是银行，有大润发超市，如果没事，还可以到超市转转，前台的服务不错，效率也挺高，每次都会面带微笑向客人问好，缺点是有些房间的门有点松，需要重新装一下，毕竟出门在外，安全是第一位的，希望能改进。,1,1,0.8849213715174754
酒店地理位置、硬件水平都不错，尤其是卫生间比较舒适。前台服务态度也好，前台接待一律佩共青团徽章上岗，现在可不多见。早餐品种不算太丰富，而且携程的价格太高。我亲眼看见其他一些公司协议价比携程价低至少50元。总体而言值得推荐。,1,1,0.8846401186168048
帮一位老外客户订的，环境不错，值得推荐，住的是豪华房，只是价格太高，希望携程能与酒店再谈下价，更再便宜就好了，客户说下次还会来住！,1,1,0.8837791663827299
1.房间：就是冲着280元的三人间才定的，感觉性价比较高；房间采用复合地板，可惜没有冰箱；是中央空调（稍微有点吵）；床单家具倒也干净；感觉差的是洗澡水好小啊，总觉得洗不干净；而且有好几次只有热水没有冷水，洗手都觉得烫。2.环境：和普通的三星酒店差不多，因为开业时间太久了，所以感觉比较旧，但还算干净；三人间靠近马路，有点吵，不过关上窗户后就不太觉得了。3.服务：只有在入住和离店的时候才和前台接触过，感觉他们不太像接待员，没有亲和力，只能算是有问必答而已，房间服务员也只是接触过一次，态度倒还好，可惜住了三天没有换过一次床品。4.交通：离火车站很近，打车8元即到（起步费5元）。酒店附近有很多路公交车，可到墟沟（去连岛在此转车）的专线车，也有到火车站的，还有到花果山去的公交车，很方便；打车起步价就可以到陇海路步行街（不过个人认为没什么好玩的）；走路十分钟有个苍梧绿园的公园，可以吃过饭去溜达溜达。5.餐饮：赠送的自助早餐很丰盛，味道还算不错，吃得很饱，而且小孩子（四岁，1.1米）也不另外收费。另外二楼的餐厅包间环境也不错，吃了两次晚餐，他们的川菜味道很好，分量很足，而且价格便宜，一大盆鱼头豆腐汤（好多鱼头）才15元，而且味道很鲜美，推荐。海鲜就一般了，价格和外面的差不多。总结：如果在市区（新浦区）办事的话，住这里挺方便的，如果不是太挑剔的话，其实各方面倒也可以，尤其三人间的价格很核算。但如果去旅游的话，还是到墟沟找酒店住比较方便，因为景点离那里近，而且那里也很热闹，有很多餐馆。,1,1,0.8833764904048326
周围的环境很好.在房间可以看到大海.普通间很一般.建议住豪华间.价格差不了多少.豪华间非常大.放三张大床也有够大的空间.非常不错.还可以看到大海,1,1,0.8833665110915522
明星康年整体感觉相当不错。房间宽敞、环境良好，应该是当地最好的酒店吧。虽然只住了1个晚上，以后如果再去遂宁，一定继续预定明星康年。,1,1,0.8832968855049163
"每次出差都住这家宾馆,这次来住,宾馆内又有了新的变化,一进房间就看到桌子上放着一盘精美的水果,家具也都是全新的,问过服务员才知道,他们又进行了装修.不但是房间有变化,服务员的服务也更加的热情,周到了,让人感觉很舒服,很温馨!我每次来都住不同的房间,感觉上网的网速也非常流畅,洗澡水挺好的,卫生间里的防滑及安全设施非常齐全到位.宾馆送的大礼包(免费宽带,免费水果,免费接站,接机,免费早餐)感觉真的很实惠.毕竟是一家三星级宾馆,从各方面来说都做的非常到位了.我建议其他驴友到敦煌无论是出差还是旅游,都住这家宾馆,真的很不错!宾馆反馈2008年7月23日：非常感谢您对本宾馆的肯定,本宾馆全体员工将以更优质的服务期待您的再次光临!",1,1,0.8826472596531043
"酒店各都很好,值得推!不附近就什商店或好吃的,要西或日用品就要先再外了!补充点评2008年6月20日：前台不懂州的,不不成,的可以!=)宾馆反馈2008年7月4日：酒店反馈：非常感谢您对酒店的认可！1）在此向您介绍一下酒店周围的商场和餐厅：酒店在银桦路上，您出酒店大门往右沿银桦路步行约2钟是个十字路口，与银桦路交接的叫兴业路，此时您可看到马路对面许多风味餐厅如北方印象（东北菜）、洞庭村酒家（湖南菜）、奇摩咖啡厅（情调不错）、小肥羊火锅、大碗粥（广东特色）、韩国烤肉等等，价位适中。著名的家乐福超市就在这条路上。若您出酒店大门转左沿银桦路步行30秒，可以见到毛家饭店（湖南菜）、广东特色烤蚝。再往前走几分钟有一大型商场（茂业百货），内有肯德基餐厅等风味小吃。2）关于日用品您可以在酒店客房中心购买。3）酒店正在加强培训前台同事学习广东话。希望您下次入住能更加满意！",1,1,0.8826255889885728
确实是山上最好的酒店，环境和设施都很不错。我们这次住的是曙光别墅7201房，其他的别墅是竹木屋联排的，一排四间，我们这间是单独的且是水泥的，所以比较隔音，别墅区有3间这样的房间。设施齐全，有电吹风，水热也蛮大，没有空调，但山上晚上只有18度，用不上空调。我们上黄山是奥运前2天，天很好，所以房间还比较干燥，浴室有些潮，有2件羽绒服和加盖的被子。饭没有在宾馆吃，无法评价。服务还不错，动作挺快。,1,1,0.8825043545960007
"我是初二晚上到的这家酒店,酒店环境很好,后山就是旅游区，前面是五一广场，房间设施一般，但服务很热情，还有水果送。",1,1,0.8822857955962335
"首次入住该酒店,整体环境很优雅,房间不错,离车站很近,总台服务态度很好.",1,1,0.8821197615254188
"硬件不错,商务酒店里面算是有特色的了。服务中等，前台不错，但房间服务一般般。价格比较贵，不过行政间大抵都这样子。位置有点偏不太好找，出租汽车司机有些找不到，说是万象城附近，但要绕进去",1,1,0.8816969502463367
宾馆比较冷清，大概是五一假期变短的原故。酒店设施比较老旧，但据说在没有悦华前，这也是相当上档次的宾馆。我订的标间，卫生间比较小，房间内有专门供客人自已泡茶的茶桌及茶具，但有茶垢。环境很不错，空气很清新，住宿是在后楼，感觉很清静，只是飞机场距度假区很近，飞机来时噪音较大，总体说来还满意。武夷山的水不太容易洗东西，肥皂不易冲掉，很费劲。,1,1,0.8813076630105962
每次都住套房，价格好象很便宜了．不过还是很划算的，反正也是公务，没时间好好去感受酒店的服务了．,1,1,0.8812224880424361
我住的是1号楼，准五星的房间。房间漂亮干净，服务也不错。就是沐浴的时候有点不好，淋浴的水温很不稳定，第二天提了意见，有所改善，但还是没彻底解决；浴缸的水龙头放出来的水像血一样红，肯定很久没人用，又没人定期检查。但总体还是满意的。1号楼的餐厅供应的早餐不错，品种多、味道好。,1,1,0.8811884824217561
去住了四晚，总体感觉不错，首先位置好，离油麻地地铁B2出口很近，步行最多三分钟。其次服务好，我说的普通话，没发现有什么歧视之类的，有天我们不打算打扫房间，估计是主管之类的还专门跑到房间来敲门问一会还需要打扫卫生吗；打扫卫生的阿姨也很热情，对我们说早上好；门卫也热情，对我们微笑，害得我妈高兴一天：）。第三房间比想象的好，不算太小，但很干净，也很安静，先前还说住重庆大厦，后来去看了下完全要不得，幸亏没去。第四价格还不错吧，在携程定的，四晚2266元，押金500元。下次去还住那里吧：））,1,1,0.8811375212362671
这个酒店非常不错，环境也还可以，价格一般，不算是最低的价格。,1,1,0.8810336956224424
非常不错的酒店，前台服务人员的态度也非常好，只是目前现在大堂在装修，找门都找了半天，这是小小的遗憾之处，其它都是非常不错的，值得一住！宾馆反馈2008年5月30日：谢谢您!!您的支持就是我们服务最好的鼓励!!,1,1,0.8807303936628252
位置非常好，去烟台山、东炮台、张裕葡萄酒博物馆非常近，海边步行街很漂亮，音乐喷泉也不错。缺点：商务标间（6601）中央空调的风机盘管保温做的不好，导致结露发霉；另外免费提供的拖鞋沾水后极滑!,1,1,0.8806375859428998
"这么好的酒店,价格居然不高,感觉占便宜了似的.内部餐厅也不错,吃海鲜很好",1,1,0.8805194464605638
总体不错，窗外就是江，周围吃的也很多。（乐山人民有些不友好，当心敲诈，吃东西最好多走几家问问价。）要的是180的标间，房间空间很大，虽然有些成就，不过也算对得起他的价格了，早餐没吃，送了两瓶小矿泉水，不够喝，建议换小桶装的。,1,1,0.8800270551184886
再次感谢紫霞山庄带给我们美好的时光。其实越王山还是很漂亮的，就是喜欢那种幽静的生活。,1,1,0.8795232416208312
走进生态园路口环境比较不错，但往里走有工地在建设，通过了解是由于为了2010年休博会的建造，相信在不久的以后这是一个旅游度假比较不错的地方。酒店房间较宽敞，比较适合居家旅行住宿。酒店服务员服务态度较好，服务很有耐心，本人较感动。本人愿意给朋友介绍此酒店。,1,1,0.879135872173859
房间很大，大的让我去其他宾馆都感觉性价比不高！服务也不错，值得一住！！,1,1,0.8789211481751272
"这是呼和浩特唯一一家国际联锁酒店,位置离商业中心很近，听说生意非常好,我们订房时只有行政间了.行政楼层有免费的电脑可以上网,报纸杂志也都还算全.行政房间较大,但没什么风景,都是街道.早餐午餐都吃的自助,很一般,种类太少,中餐好象都没有羊肉的菜品，很奇怪，内蒙古不就是吃这些的好地方吗，而且我们要带汽的矿泉水，告没有，要可口可乐或者雪碧，也没有，好象只提供百事公司的产品．酒店有一个意大利餐厅，只有晚上开业．虽然厨师是一个中国人，但手艺还不错，味道不差，服务员的态度也很好．不足的地方就是开车不太容易，需要门童走到街上叫车．",1,1,0.8788850355760237
环境优雅安静，湖景房确实美景如画，早晚在挂满了咏风叹景对联的长廊散步闲坐，身心极度放松。房价虽高，环境确非镇中酒店能比。在此小住，有傍湖泳池任游，有满目湖景，连游湖也省了。早餐也够水准。,1,1,0.8787013000617306
4星级的酒店，环境不错，宽带免费上网速度挺快，早餐也挺丰盛的。报告在郑州4星级的酒店这个价格相对来说还是贵了一点,1,1,0.87750627948454
相当喜欢这家酒店。首先是地理位置，前临海滩（隔一条马路，只有20米距离），后临闹市，无论是海边戏水还是市区闲逛都很方便，打车直接说仙居府的士司机都认识；其次是内部设施，很干净，服务态度也挺不错的；而且我们住在顶层13楼，打开落地窗走进阳台，满眼的碧波荡漾，景色超好！唯一的美中不足，是我们到酒店checkin时，我们预订的豪华海景大床房已经给了别的客人没有了-_-，前台服务员支支吾吾地说大床房正对电梯位置不好，建议我们换成海景标准间，让我们有些不爽……不过在我们的坚持和理论下，最后问题还是很好地解决了：第一天给我们免费升级到高级海景大床房，第二天我们搬回了高层的预订房间，总体来说服务态度还是很好的。短期内若有亲戚朋友去三亚，一定会推荐仙居府的！~：）,1,1,0.8774957434415037
宾馆采用地热取暖感觉很舒服，整个酒店很暖和，前台服务周到，态度很好，早餐自助方式，还不错，我住的是商务间，淋浴房由于没有门，水会出来，是设计的问题，另外，房间的灯太暗了，其实换瓦数大一点的灯泡就可以了。,1,1,0.8773335092512924
"还不错,就是房间和我预先看的不太一样,隔音不是很好~其它还不错~根据地段和价位,性价比还不错~补充点评2007年4月5日：缺点就是房间太小了~虽然不用,但是4星没有浴缸还是有点奇怪,如果价格包括早餐就更合理一些~住在这里的外宾居多,可能是10比一的感觉~",1,1,0.8770297090518826
酒店去开发区比较方便，离市区比较远。酒店的服务和设施都很不错。超级可爱的是卫生间的电控马桶，尽管没有烘干功能，中国人也还可以用其他功能，老外就不敢用了，因为标示均为中文字。一楼的日本餐厅味道一流，赞~~不知为什么生意不怎么样。总体来说，这家酒店非常不错，公司的老外相当满意。宾馆反馈2008年1月9日：您好！谨代表银帆天之川日餐厅的全体同仁表示感谢！银帆的电控马桶安装使用之后，深受广大客人的喜爱！而外籍客人尤其是日本客人由于本国已经普遍使用这种新型技术，因此可以比较熟练的使用。银帆的日餐厅于2008年1月10日开始正式装修结束，投入营业，目前庞大的广告宣传正在展开，相信我们的未来会更好！,1,1,0.8768041010600068
该酒店位置很好，本次入住2002房间，对面就是大海，很漂亮。酒店的前台服务很到位。因要搭晚上9点的船票离开威海，就把行李存放在前台，服务员很热情。赞一个！携程的性价比不是很高，300元的标间还不含早，不过有携程送的水果，还好啦，呵呵,1,1,0.8767824224844321
是在2008年4月27日入住的。订这家酒店是因为想在深圳市区待上一天，在携程上看了酒店的介绍，觉得价格还算公道，也是家四星级的酒店，特别是因为是深航和锦江的牌子，才决定定了这家酒店。入住后总体感觉是还可以，但是也有一些地方不是很满意：1。酒店的设施有显陈旧，当然不是古董的那种，只是略显的旧一点点。2。酒店的门童的态度不是特别的令人满意，不会及时地为客户开汽车门。3。酒店的房间靠街道，有一点点吵。以上就是我个人的感觉了。当然，总的来说，还是不错的，性价比高，离机场近，景观不错。,1,1,0.8767634909682551
很满意。三星的价钱，四星的设施。房间免费上网很方便。唯一不好就是床有点硬，被子也不是太舒服。一楼的餐厅晚上关门太早，17楼的餐厅太贵。不过总体上还是挺满意。准备以后出差到临沂都住这。,1,1,0.876624106428047
住的是8楼豪海房，每天就在海边度过，一个字，爽！酒店服务不错，路上遇见都会微笑问好，早餐还算丰富，而且到11点，可以一起解决午餐问题。大堂很有特色，喜欢，还有它家的沙滩拖鞋很舒服，想买双回家，就是不对外卖。房间有点陈旧，床很舒服，上网费用高了点。一点小问题时浴室淋浴房的下面封条有漏水，害得上厕所都会有影响，鞋子湿湿的，要用毛巾垫着才行，和客房服务提出后也几天也没有解决。,1,1,0.8763779893969298
入住两晚，总体感觉还可以。和网上前人说的差不多。环境和服务不错，房间就能看到湖，衣架较多。但房间地毯较脏，而且还有蚊子。可能不是周末，人非常少，第一天早餐没开自助餐。东西够吃饱但不精。晚餐的沙锅大鱼头一般，不如秀水人家的好，还贵，胡椒味太重。从酒店较车比外面贵些。,1,1,0.8761614886746381
闹中取静的一个地方，在窗前能看到不错的风景。酒店价格的确有些偏高,1,1,0.8760152619347898
"早餐不错,卫生间不错.房间还算大的,位置吗离雨花台22元出租车费.",1,1,0.8758822320423543
入住的酒店设施有点老，电视机也不较小，跟500元的房价还是有点差距的，不过服务不错，当天还送了生日鲜花和水果。,1,1,0.8758044403163718
位置较好。个人比较喜欢酒店大堂及房间的设计，美中不足就是房间比较小，给人拥挤的感觉。,1,1,0.8756518384249289
这次在51期间通过电话订的2间豪华单间，到了一看，豪华单间就象套房一样，还是一室一厅的，位于22楼，视野开阔，客厅还放了很多介绍洛阳的旅游书。酒店地理位置也可以，离龙门石窟只有12公里，离市中心1公里。不足就是酒店设施稍旧。,1,1,0.8755728551597023
雄飞假日酒店位置挺好，离看灯会的彩灯公园挺近的，从房间窗户看出去是一条河（江），满舒服的。房间设施还可以，比较满意。离四星级的标准感觉还有一点点差距，不过房价还是可以。前台的价是￥368，携程￥258，还不错。,1,1,0.8753715604507603
位置优越、房间大气、设施齐全、网络快速、服务不错。建议：check-out的时候能快一些。希望下次来乌鲁木齐还入住！,1,1,0.875140512787914
酒店就在人民大街上，各方面感觉还算满意，不过长春同等价位应该还有更多更好的选择，酒店性价比不算高。,1,1,0.8743895149059256
花园式的酒店，在城中，有点旧，但靠花园的房间不错！,1,1,0.8739747831854473
"呵呵,毕竟是当地最好的酒店,所以,除了设施有",1,1,0.873929511169575
"酒店的位置比较偏,周遍没有什么地方可逛的,要去市区还要打车;房间内部感觉不错,就是有点小,服务不错!综合等级,属于中等偏上!",1,1,0.8734470265746431
"总体上来说还是不错的一家四星级酒点,毕竟是许昌市最好的去处了.唯一的缺点房间的隔音不太好,隔壁打麻将的声音吵的我好半天没有睡着.",1,1,0.8726823346893039
只能说非常好！性价比超级高！酒店的装潢和所处的地理位置非常的棒，附属的设施也很齐备，服务也非常的周到，忍不住改变行程多住了几天，虽然离闹市区远了一点，但中山陵的环境真是没的说！唯一的缺点就是第一天没注意开了几分钟的窗子，飞进来的蚊子多了点，酒店没好的应对措施。以后只要去南京就住这里啦！,1,1,0.8720404729324385
装修典雅，服务到位！在当地已经算很好的了，吃的有点辣！,1,1,0.871804819518135
我还是比较喜欢德州的凯苑温泉度假村便宜148元安静不会有电话打扰温泉也很好只是在开发区里城里远了点,1,1,0.8716387530765601
7月份入住的厦门宾馆，觉得非常好，前台的服务员非常有礼貌，我随口提了了一下其他住客免费升级一类的事，马上帮我免费从双人间升到大床房，房间超大，搞得靠在床上看电视觉的有点远，呵呵。而且那位服务员第二天见到还问候我“某某小姐，你好。”，超好记性，最后一天还帮我申请到晚退房。遗憾的是没有记住她的名字（好像叫周x秀），不然可以打电话去表扬表扬。房间设施也非常不错，我觉得还是算新的。而且酒店本身就有自己的花园可以散步，马路斜对面就是万石植物园（本人极力推荐在最后一天，要坐下午飞机的游客朋友，在上午花几个小时在里面，非常大而且打理很好的植物园）。酒店离热闹的步行街也是步行可至，门口有公车去机场，鼓浪屿，厦大等地，便利之极。下次去厦门一定还住这里。,1,1,0.8715037473360923
房间很大，大堂很漂亮宾馆附近餐厅很多,1,1,0.8714708479242818
3月12日入住。价格方便，在哈尔宾算比较高的，而且是比较老的酒店，设施比较的旧，隔音的效果不好。前台其实还不错，没有前面的哥们说的那么寒碜。交流下来还是挺愿意服务好客户的。晚上没有骚扰电话。应该说如果你觉得价格合适的话，应该算比较不错的宾馆了。火车站去那边8元的起步费。飞机场的话，做门口的大巴到火车站，只要20元，然后再打车。交通还是比较方便的，步行就是秋林，远大。吃饭的话去远大楼上也不错。,1,1,0.870637463635965
地理位置位置很好，我们订的是主楼的标间，正好在南边，晚上的运河很漂亮。就是房间小了点，电视也不是很清楚。,1,1,0.8695897533250274
酒店住过很多，唯有木棉花酒店的服务感觉最好，住了几次之后，前台就不需要证件和预授权了，每次checkin时，只要签字就好，很方便快捷，有时还像朋友一样聊上几句，感觉很好；房间比较干净、简洁；建议酒店方面去尝试一下绍兴开元名都酒店的超级舒服的床垫，正如广告说的“试一下，就知道是我想要的”。宾馆反馈2008年6月22日：非常感谢您对我们酒店服务的认可及支持，也感谢您给我们提供的宝贵信息，有你们的支持与共同关注，相信我们会做得越来越好的，同时也期待您的再一次光临，谢谢！,1,1,0.869053744435229
慈溪酒店挺多的，国际相对其他酒店来说，交通比较方便。实在不认识路，问下路人估计应该都知道。作为一家四星的酒店，应该来说，该有的都有了，大堂挺气派的。一楼的房间跟其他的有点不同，可能价钱稍微便宜的缘故吧。总的来说，性价比还是比较高的。,1,1,0.8690054344980822
3月底入住的，是高级房。感觉床非常舒服，但是电视机有点落伍了，不是液晶的。服务员的态度非常好，而且因为离沟口很近，应该是去沟口游玩那几天的首选。,1,1,0.8683390468722446
酒店大堂很大，显的很气派，服务也不错，我们是半夜将近12点到的，前台服务人员仍然很热情，速度也很快，房间设施很好，我们的窗下就是酒店的餐厅，服务员仍然提示晚上要关好窗，不知为何，难道真的那么不安全吗，我们听从了劝告....,1,1,0.8682799904488901
大体感觉不错，环境也还好，离海边不远，只是附近没有什么超市，小卖部，餐馆一类的，不很繁华。离老龙头挺近的，走着就能到。,1,1,0.8681437116471423
二次入住该酒店，感觉还是不错。而且随着对周边环境的熟悉，发现这里也不是原来印象中那么偏僻。酒店的电脑房间很不错，特别是电脑，居然用的是HP的品牌电脑及17''的液晶显示器，很是出人意料呢！当然房间也还是有缺点：比如浴室里居然连浴帘也没有，偏偏浴室又大，恰逢入住的两天气温又低，所以洗澡感觉很冷。另外，浴室的弧形推拉门虽然很别致，但实在很容易坏。补充点评2008年2月4日：该酒店的礼宾服务也特别值得赞许，我离开酒店那天还下着雨夹雪，门童顶着冷风飞雪足足在街边站了十几分钟才帮我拦到出租车，让人很感动。,1,1,0.8681121948684768
大床房的大床象在家里一样舒服，环境好。早餐品种不多，味道还行。,1,1,0.8675304398174458
在昆山属于比较好的酒店了，如果价格低于500元，性价比就更高了。总体还行。,1,1,0.8674034762630448
我订的260的房间，还算不错了，住了两晚。是以前政府的接待宾馆，有点老，但是还算可以的，各方面都差不多，不算差，但也不是很好。我感觉床还是比较舒服的。宾馆周围比较繁华，应该是商业区。,1,1,0.8673986848546025
在中山陵里，很安静，晚上睡觉的时候一点声音都没有，早餐还可以，服务也还可以,1,1,0.867212502968896
我们定的是特价大床房，很幸运，去了就免费升级成豪华大床房了。位于四楼，房间还算宽敞，而且很干净。我喜欢洗手间的玻璃屏风，这样显得整个房间比较大。不喜欢透明的话还可以放下卷帘。这儿的床很好。床旁边的台灯也漂亮。唯一毛病是淋浴房门无法合紧，洗澡的时候要拽着门，防止水溅出。好在只住一晚，这点小困难还可以克服。总的来讲，三百元就住到这样的旅馆，性价比已经非常好了。,1,1,0.8671002865124343
本次入住黎明国际酒店，总体感觉不错。原来对东北地区的服务水平有不太好的影像，这次入住，无论是前台，还是楼层服务员均热情和蔼，有求必应。只是作为一家五星级酒店，上网还要收费，不太理解。本次入住上网了，但结帐时忘了付费，不太好意思（20元），如下次还能入住，一定给补上。,1,1,0.8665137664000868
很不错的酒店!!已经第二次入住了!!这次用了宽带!如此的快简直难以想象!!房间布置也相当不错!!服务也好!!第二次入住经理还打电话上来做个问卷调查!哈哈!!不愧是4星的啊!价格也蛮合理的!下次来的话基本就是这家了,1,1,0.8664855722613076
"客人很满意,我们也推荐其他同事入住.性价比好.交通方便,离火车站就5分钟路程",1,1,0.8664001484053028
２００１年来福州就住在这里，这次感觉房间就了点，温泉水还是有的．总的来说很满意．早餐简单了些．,1,1,0.8656429004221536
住了2天一直下雨，看了以前其他人的点评感觉行李员的态度现在要好很多。因为房间紧张我还被免费升级了房间，不错。美中不足的是早餐种类太少。,1,1,0.8655049424271607
酒店离报国寺和车站都很近；房间整洁干净；瑜珈温泉作为峨眉四大温泉之一，住店客人只需50元/人性价比较高；早餐非常丰富；唯一的缺点是１号楼楼道比较复杂，象个小迷宫，找房间花了一点时间．,1,1,0.8653696014183213
去年住的希尔顿，今年住万豪。万豪的房间明显要小一些。第一天刚来的时候女儿在车上睡着了，我抱着她下车，老公拿大包行李下了车，门童居然在聊天也不来帮一下，不过后几天的门童都还不错。再就是房间没有沙滩袋，很不方便。不过酒店还是很气派漂亮。,1,1,0.8652895077224184
酒店地理位置不错，299的价格比较实惠，卫生间装修的很新。但是床太硬了，睡得不舒服。,1,1,0.864166123186864
尽管这家酒店离市中心有点距离，但风景及服务特别好，酒店设施齐全，步行就能到海边，酒店也能为你联系司机并将早饭提前送到房间，不另外收取费用。酒店的餐饮口味也能基本上满足各种要求，下次来威海还住这家酒店。,1,1,0.8640781953086082
马马乎乎，早餐稍弱，只有那小米粥好喝，其他的一般．电视频道比较少，不太符合五星级宾馆的标准．其他都还不错．,1,1,0.863632318412097
整体的标准没有达到五星级，前台的工作效率比较慢。地理位置还不错，比较好找，酒店的早茶还不错。补充点评2008年5月26日：写错了，是四星级,1,1,0.8629797656732883
"房间总体还是很不错的,但房间隔音效果比较一般,在房间很容易听到走廊上别人的说话,谢谢.",1,1,0.8627814305494046
房间环境还行，还有液晶电脑，晚上还有水果，就是周围购物要走点路，整体还行,1,1,0.8624197776238282
房间很舒适也很干净，周围虽然不热闹但很安静，离虹桥机场很静，平时价格很贵但因为入住时正逢春节假期所以价格超值！！！,1,1,0.8623788910473242
"房间是今年新装的，很不错。服务好，有接送服务，接送人员很热情，给客人感觉不错。结帐时提出改水单，每次都说系统不支持，但每次最后都是改过来了。这点不太满意，希望服务员在说“NO”之前先考虑一下，设法为客人解决问题。订票服务不知道是否归酒店管，感觉服务跟酒店整体水平有一定差距。宾馆反馈2008年7月15日：感谢您选择下榻我们的宾馆及为我们提出的宝贵的意见,对于您提出的意见我们已经做了整改.希望您下次到昆明还能选择我们宾馆,我们将竭诚为您服务!",1,1,0.8620141330969321
第一次到香水湾还是07年11月份的事。那时我们单位在那开年会暨客户答谢会。客房温馨、会议室大方舒适、环境优雅，总之感觉很好。08年3月份一个阳光明媚的周末，约上同事（也是邻居）两家人去香水湾酒店度假。通过携程订了两间高级海景房。说实话，去年来香水湾时，忙着会议服务，没有闲暇及心情体验酒店。早餐后我与同事及家人驱车从海口出发。约11点多到达香水湾度假酒店。到酒店大堂行李生和前台极其热情。问是否有预定、提行李等。电瓶车送到离大堂斜对面三栋别墅的“香水苑”。行李生帮开房门后，进入房间有种清凉的感觉，我问是否开空调了。答曰：没有，因酒店地处独特的地理优势背山面海、空气流通通畅，所以房间里的温度比室外低的原因。哦！原来如此好地方。顿生有在这买房的想法。安顿下来后，到餐厅用餐。餐厅外围环境非常漂亮，建造在湖面上，可边用餐边垂钓，很独特。值得一提的是餐厅的特色菜，我们品尝了“陵水四大名菜”决了。因餐厅是开放式的，虽是自然风但有点点热，总体不错。香水湾酒店风景的确名不虚传。依山面海、主体建在湖上、高尔夫球场的那几颗树干倾斜枝叶向上延伸的棕榈树，让人想象《侏罗纪》的场景。据说是酒店的私家沙滩是难得一见的，海域宽广且幽蓝，可远眺至分界洲岛，顿感心旷神怡。听说晚上还有“黎苗篝火晚会”。晚饭后，我们两家人决定到沙滩举行“沙滩捉蟹”比赛。呵呵收获颇丰。服务员还推荐明天上午去登“吊罗山的支脉牛岭”。回到单位上班我们还津津乐道的谈及此次度假。不虚此行。我爱旅游。,1,1,0.8619229910971988
"房屋比较干净,前台态度好.比较适合入住,就是周围饭店太少了,要到市中心才有.",1,1,0.8618948884652202
整体感觉良好，我住的房间可以直接看到市政府大楼，出行比较方便，下次去威海还会住。,1,1,0.8613413661345416
房间很干净，设施很新，应该是义乌最好的酒店。宾馆反馈2008年4月14日：给您创造一个洁净的居住环境是我们的职责，愿酒店中的每一次都给您留下美好的记忆，谢谢您！,1,1,0.860903455554853
酒店陈旧，但房间暖气供应很足，非常好！宽带速度很快，非常方便。只是早餐时的红茶，咖啡需提高，口感和颜色均令人无所适从。三楼酒吧非正常人能享受，特别是女性。一楼的大堂吧很冷，无法在酒店找到可以餐后轻松聊天的地方。,1,1,0.8608906281637162
酒店地理位置距离南陀岛海洋浴场很近，服务质量优良，大堂的自助晚餐超值优惠，值得一去。房间设施舒适，宽敞。,1,1,0.8607572472566043
应该是不错，就是下面的餐饮价格奇贵，一天房价500不到，两个人吃饭花了500多，MG,1,1,0.8600799479184564
房间很新，服务员水平也很高，物有所值。4楼房间太压抑，这次先进了4楼然后不满意很快换到10楼，感觉就好多了。房间临街不吵。酒店的资助晚餐便宜美味有很多海鲜，物超所值。补充点评2008年1月2日：这家酒店我经常入住。在开发区范围内是性价比最好的了。,1,1,0.8598613149667992
"新装修的酒店,房间很新很好的,作为万豪的金卡会员,充分享受金卡的待遇,很好.早餐的品种不够丰富.",1,1,0.8590845895834194
"环境设施相当的不错,尤其是门口的警卫很给人安全，不愧是吉林省的国宾馆的。我住的是主楼，但是对于对应的价格来说是比较偏高的，个人认为主楼和七栋差别不大，实际来说在南方也都就是3星级的标准，服务员很热情，但是硬件上只能让我综合给3分的。",1,1,0.8588514513117591
楼梯有一个妈妈桑在拉客。。。没感觉酒店中规中矩，早餐还不错。。没什么深刻印象,1,1,0.8583750964485845
看了携程的评分不错，选择这家酒店。5月10日入住电脑商务房，服务非常体贴周到。电脑，网络，传真和打印机，一应俱全，为工作带来极大便利。在楼下大厅见客户，还热情提供茶水。另外，早餐38元相当不错。下次一定还选择这家酒店。,1,1,0.857858410744708
"1.客房服务态度较好2.早餐还算不错.3.就是房间的灯光,太不满意~~",0,1,0.8578436128451215
环境很好，早餐也不错，服务一般般，房间设施一般般。不满意的一点是对携程预订的，喜欢安排在位置不太好的房间，这好像已成许多宾馆的通病了^o^，携程的公关部门需要加强。,1,1,0.856860556737847
"房间设施有些陈旧了。值得欣慰的是，宽带速度还可以。宾馆反馈2008年1月14日：感谢您对我们宽带的认可,其他方面我们也会努力,欢迎您再次光临惠顾!",1,1,0.8564741034232132
打开电视后有对入住客人的欢迎词在屏幕滚动，感到比较温馨。房间比较干净，卫生间设施较完备，酒店附近交通比较方便。,1,1,0.8563485444977104
"对一个三星级酒店来说,他们做的已经很不错.酒店环境不错,很方便.服务人员很努力.特别很感动的是,在餐厅是,我要冰水.每次服务员总是不厌其烦的去做(他们没有冰水而是用开水加冰做).前台服务生也是一样。帮助叫出租车很耐心。房间也是不错。尽管没有无烟房间，房间里没有烟味（5楼）。不足的是浴缸墙上有发霉。而我自己不巧，健身房之类在装修，没机会利用。",1,1,0.8563051713254568
"去之前看过点评,好象满差的，但似乎哈尔滨的5星级都满差的，于是只好选了它实际去住觉得还好印象最深的就是电梯特别特别地慢地理环境不错,出去有很多能逛的地方",1,1,0.8558712723841011
前台没有传说的那么慢，我去的时候还可以。整体服务还不错。当时是3月份去的，房间有点冷，洗澡的时候直打哆嗦。网速还可以。,1,1,0.8558677487289709
东营最好的酒店了吧，各方面都比较不错，只是空调有些问题，关掉了房间还是很冷，不知道什么原因。东营的城市环境一般吧，否则真是比较完美了。,1,1,0.8555271742321058
"这个酒店是这次旅游算最好的一个了,房间虽然小点,但是干净,服务也很好.",1,1,0.8552085956591591
大堂和房间的装修豪华，很好，距离广州很近，推荐．,1,1,0.8548613712360241
地理位置比较市中心，早餐厅品种比较少，服务一般。,1,1,0.8545432880028642
酒店的位置很好，走出去就是松花江畔，如果住靠江边的房间，早点起来推开窗就有机会看到雾凇了。交通也比较方便，从火车站打车过去也就是跳一次表。酒店的设施半新不旧，感觉是老三星级宾馆翻新过的。房间比较大，但是布局不怎么好。淋浴头不够大，总是水量不足的样子。,1,1,0.8543377422887763
8月2号本来8点首都机场港龙航班，因奥运空中管制9点半才起飞，哈根达斯很好吃，早餐没有的，A/C/H/K才是靠窗座位，12点半抵达香港机场，乘酒店巴士从机场到丽都，70元/人，90分钟，CHECKIN很快很好，押金300元/晚，人民币也可以，住1815，虽是有烟层，根本闻不到烟味，大床很宽敞，我180CM，老婆171CM，躺上去一点不挤，卫生间也很满意，打扫房间的老太太很尽职，每天放矿泉水，小费只放过1次，电视只有凤凰卫视普通话，其他都粤语或英语，房间是看不到墓园的一面，很干净，酒店的巴士非常好，侍者很尽职，出酒店回酒店都乘酒店巴士，如果去时代广场/会展中心/金钟/，根本不用步行，尝试过一次铜锣湾的A出口确实名副其实，下次还会选择丽都！别忘了从酒店领班车时刻表和香港街道地图！！吃：吃水果捞去许留山不用特意找，很多地方都有！池记在铜锣湾SOGO旁，27元一碗净云吞很好吃，不远处骆克道506号义顺双皮奶20元/碗，太好吃了！时代广场后面霎东街2号何洪记云吞面27元也不错，干炒牛和52元很好吃！时代广场罗素街和波斯富街交叉处的咖喱鱼蛋也很好吃，但是只能马路上吃！中环地铁D2出不远威灵顿街翠花餐厅奶茶鱼蛋很很吃，往前走是沾仔记云吞面也很好吃，香港的食店一般11点以后开门，不用去早喽，除非是早点！矿泉水飞雪很便宜在霎西街口优之良品旁10元/4瓶，700毫升装！庙街小吃很便宜一定晚上去味道也不错！恒香老婆饼就在铜锣湾SOGO地下超市！玩：海洋公园--金钟站出乘629路10.6元15分钟到海洋公园正门，若到后门大树湾原地别下车，车行5分钟即到，9：30售票，前门景点在施工有点狼藉，建议后门入，前门出，不错地方有小鸟天堂/海豚表演/海洋馆/云母万花筒/乘缆车下山到前门还有七彩气球升空！门票在公园入口买208元，机场买179元。太平山顶--如果住丽都出门左行1分钟就是15路车站，9.8元30分钟到山顶，蜡像馆票价140元，观景台20元。购物：建议东荟城，很便宜，新秀丽的包北京长安商场1500元，东荟城900元，NIKE200-400元/双。波鞋街NIKE普遍400-600元。行：有八达通就OK!特别提醒：摄像机也要带；带够电池充电器和SD卡香港的美景太多了；临行前尽可能熟悉地图，至少港岛和九龙一带；根据需要买万众卡，打国内拨0018610-!其他：语言上英语比粤语好使，多说EXCUSEME!补充点评2008年8月6日：临去香港前，从网上特别是携程网上，得到过很多人的帮助，所以也想写下自己的经历，帮助更多的人,1,1,0.8543353758706288
已经住过很多次了，几乎每次来东莞都来宏远，房间很宽敞，布置也很好,1,1,0.8541785015950838
我原本想订卫兰轩或是湾景国际宾馆的，但是都没房了，所以才选了珀丽的。还好没有让我失望。我订的时候也只有豪华客房了，HKD791/天的价格在香港还算是比较便宜的了，我和JF住了两天。酒店没有那么难找，虽然在铜锣湾我们问了几个香港人，他们都不知道珀丽酒店，还好从铜锣湾地铁站的F出口出来，我就望到酒店高楼上的LOGO了，所以找酒店没有花很多功夫。不过酒店周围有很多天桥，JF着拖行李箱爬台阶可累坏了。酒店态度还可以，香港人都很有礼貌的，前台办理的速度也不慢。前台说我们去的这几天正遇上香港某展会，所以豪华客房都住满了，免费给我们升级到行政房----真是很划算！房间在30楼，风景不错，可以看到海景和山。旁边的居民楼都很高，若不是我们的房间升级到28楼以上的行政房的话，这么好的景色就都被居民楼挡住了。房间确实很小，我是大床房，房间里放了一张大床后就放不下其它东西了。不过设备较齐全，电视机是液晶的。80元的自助餐还是比较贵，而且订了就不能退的，就是不吃也是要扣钱的。如果出去吃早茶，二个人一共才八九十元。酒店位置还是可以的，闹中取静，步行到铜锣湾SOGO和时代广场所在的最热闹的商业区也不到十分钟。坐公交车、坐地铁都很方便。要提醒大家的是，酒店入住要付押金的，而且付押金不能用银联信用卡（但结账时可以用银联），只能用VISA或万事达卡。我们是用港币付的押金，住两天付了3000元的押金。总的来说还是可以的，不过跟内地的酒店相比，应该不够四星的标准，如果价格能再便宜点，下次我还会考虑选择该酒店入住的。,1,1,0.8540834928349706
我已经住过两次了。比较满意，特别是接机服务，一个人也接，及时周到。宽带速度也比较快。但是没有大家说的免费果盘。,1,1,0.8539282623279653
9月30日第一次住这个酒店，总体感觉这个酒店很不错，下次去绵阳我还会住这个酒店。优点：1、酒店的硬件设施非常好，处处给人很舒服的感觉2、早餐也很丰富，味道也很不错3、从酒店铺的厚厚的地毯和赠送的咖啡看得出酒店的细心与周到缺点：1、后院有个酒吧，虽然不是很吵但给人的感觉不好2、前台的服务态度一般,1,1,0.8538704764577758
预定酒店很顺利。离西街较远，房间很有特色，古色古香，下次去阳朔再住这里,1,1,0.853603620124795
"可能是因为订的是特惠大床房,空间相当小,厕所的空闲也很小,就在床边上.感觉真的是寸土寸金.酒店更像是公寓,隔音也不好,肯定一点就是还比较干净.宾馆反馈2008年7月21日：非常感谢您的评价，如果您需要更大的空间，下次入住时可以选择我们面积更大的豪华房或套房。隔音问题我们会立即检查并做改进。衷心希望您再次光临南浦瑞峰酒店。",0,1,0.8530649728310407
酒店的服务和园林是好得没话说的啦，房间设施就一般，有的旧了，但被铺还是很干净舒服，就是580的价钱有点贵！,1,1,0.8529673560094099
很适宜居住，环境幽静，服务台较好。我满意,1,1,0.852965056961381
住了一天，优惠大床房，房价很实惠，同样的价格这在这个地区基本是住不到的，就是房间稍微小了点，不过还是可以接受的，就是有点不太好，洗手间的一些设施安装的不是很好，卫生纸的位置太低，而且淋浴房的密封性较差，很容易漏水，虽然有些许的不足，但是不影响下次还会入住该酒店的想法，有机会还会住的，性价比很高宾馆反馈2008年8月4日：尊敬的客人您好，感谢您给予酒店的建议，我们将根据您的建议着手进行改进。如您在入住期间遇到任何问题可以联系总台及大堂经理，我们会在第一时间到您房间为您解决，真诚期待您的再次光临！,1,1,0.8529122169996265
除了隔音差点、房间小点、没有毛巾，其他都不错，而且出行太方便了，无论是购物还是办事都很方便。,1,1,0.8524794320311093
一般，总的来说服务不是很好，门童还可以，前台真的感觉很差，以为离香格里拉近的酒店应该也有一点水准吧，没想到这样，失望，房间是真的很不错，不过放在这边浪费了．,1,1,0.8524380951040246
"酒店整体感觉还行,但是地毯不干净,需要清洗.",1,1,0.852062991166116
环境不错、床单毛巾洁净、服务还行、房间宽敞，但感觉茶几、桌椅、地毯、浴帘有点脏，床垫不太舒服。总之，可以打4分。谢谢！,1,1,0.8513075893007191
"房间设备旧了些,室内空间挺宽敞,酒店附近购物逛街办公都很方便.",1,1,0.850160259420843
地段好，设施全，服务一流，希望以后还能入住此酒店！宾馆反馈2008年7月8日：首先感谢您此次选择下榻虹桥迎宾馆！您的入住满意就是对我们接待服务工作最好的肯定与激励！酒店员工将一如既往，不断努力，服务好每一位客人，提升服务品质，争取更多的宾客满意率！同时酒店现阶段推出了优惠房价及相应的增值服务，具体您可查询网站内容，真诚期待您的再次光临！,1,1,0.8499903826320448
"性价比非常好的酒店，房间设施超好，卫生间分了3个部分，淋浴房，卫生间，化妆间，非常干净，装修很有欧式风格，枕头舒服，床也大,服度也不,商房配,下次!",1,1,0.8499188191688622
比想象的要好。看来金钥匙联盟还是有一定的质量控制的。房间设施还可以，就是烟味太重。回来睡衣上全是烟味。早餐很一般，可选择的东西少。不过那个巴基斯坦服务生态度倒是很好。就在鸭绿江边上，周边环境到还可以,1,1,0.8497766820878848
看到网上对该酒店的评论印象不是太好，但由于它距离火车站较近，交通十分便利，所以选择了这里，入住之后感觉还不错，服务人员彬彬有礼，服务热情，在入住期间发生的一件事更让我感到该酒店的人性化服务，那天我突发心脏病，酒店服务人员及时帮我拨打了120急救中心，并连续两天在医院陪我吸氧输液，并为我提供了可口的饭菜，给予我了无微不至的关怀，当我病情有些好转要返程时行李员还帮我买了回去的火车票，临行行李员还将我送上火车，我到家后还接到该酒店大堂副理的问候电话，关心的询问我的病情并叮嘱我多注意身体，我真的非常感动，华驿让我这个身处异地的外乡人感觉到家的温暖，今后我只要到哈尔滨一定要选择入住该酒店。,1,1,0.8492065656686821
房间好，服务也不错，而且一次性的卫浴用品换成了跟四季酒店一样的法国欧舒丹，感觉还不错。但是晚上懒得出门叫了份海南鸡饭果腹，鸡肉带血，还配黄瓜？！晕阿。。。按说这应该算是各个酒店最简单的食谱了，也能毁成这样？强烈建议大厨提高一下厨艺！,1,1,0.8489417429339994
总体不错，价格实惠，就是酒店周围的环境较差，乱哄哄的样子，房间也还不错，大堂的CheckIn的时候还算好，退房的时候实在是太慢了。主要的缺陷在4，5和6楼是对外开放的娱乐场所，形形色色的进进出出大大降低了酒店的品位，尤其是商务酒店的品位。,1,1,0.8484217243459324
房间比较干净，服务一般，交通还可以，就是门口的服务生差了一点，由于我们的车停在靠外一点，他看我们一下，也不管我们大包小包的，自己反而走开了。,1,1,0.8480348741019275
"这次还不错,但是房间里面的花太不符合格调了.",1,1,0.8472071102180503
个人酒店评价等级：很好；偏好；一般；偏差；很差福州美伦华美达大饭店――偏好详细:A-外观-4.0分B-服务-4.0分C-房间-4.0分D-早餐-4.0分备注：01.原本订的是高级房，免费升级到行政楼层，很满意；02.华美达的一贯风格，简约,1,1,0.846719554163697
酒店房间很大，这是最大的优点。设施不是很新，楼道的空调太冷了，只能把房间的空调关掉。总体还是不错的,1,1,0.8465888174508064
"早些时间发过一次,但不知为什么评论中并没显示.现在再发一次.我们全家不久前入住了行政豪华套房.酒店的硬件还是不错的,前台和楼层的服务",1,1,0.8461090614101268
一如既往的支持，不错的酒店，服务上再上去一点就好了。宾馆反馈2008年7月31日：谢谢您长期以来对我酒店的关心和支持，我酒店即将申报四星级酒店，我们在硬件的改造的同时，软件服务上也加强和提升，争取让每一位宾客都满意。我酒店按五星级标准装修的24-26楼高层观景客房即将竣工，期待您的光临！！,1,1,0.8452210171989378
1、酒店还算可以，设施有点旧，四星级勉强2、地处陈家坪，没有大型商场超市，背后有个美食街。送餐服务只有西餐厅的套餐，不过价格还可以，另有赠送水果小盘，不错（因为周围买不到水果）。3、开通电话要10元/日（包打市内、长途），这个看不懂，要是碰上长途电话煲，会怎样？上网是免费，网速可以。,1,1,0.8452164708719072
境很乾，也很安。我到天津都住家酒店。不浴室有，洗盆都破了。但是大床很舒服。,1,1,0.8451288924548617
王府是值得推荐的酒店，因为：1、保安及饭店的其他员工服务态度很好，对宾客非常有礼貌，还有免费送机等项目。2、自助早餐是开到下午一点半，而且还很丰富。3、每天有免费的水果和热牛奶送上。4、最主要的是房间超大，卫生间超大，床超大，干净。补充点评2008年6月16日：我是2008年6月7日开始在王府住了3个晚上,1,1,0.8450285698249437
目前是新昌最好的酒店，环境和服务质量都非常好，国内长度免费和免费宽带还是蛮有吸引力的，离大佛寺仅咫尺之遥，太方便了补充点评2008年5月4日：酒店一楼中餐厅内的白斩鸡和水库剁椒鱼头是不能不尝的？住了两晚，吃了两餐。特色的芋饺和面我看并不一定适合上海人的口味。,1,1,0.8444991490462053
很精致的藏式酒店，坐落在松赞林寺旁边，早朝松赞林寺再方便不过；酒店服务挺周到，房间很干净，被褥十分舒适；餐厅不大但很精巧，最喜欢的就是没有饭菜油烟的味道，因为饭菜都是在楼下厨房做好从一个窗口送进来的。餐厅的价格很合理，口味也不错；早餐品种虽然不多，不过藏式粑粑和牦牛酸奶不可不尝；招牌的藏式火锅完全没有想象中的浓油重盐，非常清淡可口，尤其是里面的豆腐猪肉丸，很好吃！不喜欢清淡对口味的可以跟卓玛要个蘸水；喝不完的酥油茶还可以留到第二天，卓玛会热了端过来；酒店大堂旁边的精品柜台出售的藏饰做工非常精美，是经理专程从尼泊尔挑回来的，完全不是外面那些粗制滥造的恶俗款式，当然价格也是不菲，找经理也只能有9折的优惠。酒店不好的地方就是门口那条路还没修好，离县城稍微有点距离，没有包车的要当心出租车司机漫天要价。酒店不提供一次性拖鞋包括洗漱用品，要自己带齐哦！补充点评2007年11月1日：网友说的看星星的房间我觉得如果是这个季节入住的话其实不需要的，有阳台的话会比较冷，大冷天我想没人愿意在外面吹北风吧；夏天的话还是可以的，到前台的时候可以提出要求，服务员会耐心的打开房间让你看的,1,1,0.8444986638309677
性价比较高，我住了一晚之后从乐山回来又续订了两晚，比较满意。,1,1,0.8442453549447044
"第一次入住该酒店,住的是高级单人间,房间不错,干净,整洁.有台式电脑,免费上网.液晶电视也不错,只是遥控器不太方便,有2个,整了半天才明白.只是早餐太差,没有什么令人难忘的回味.酒店服务态度不错.",1,1,0.8442400218764484
"环境不错非常的安静,房间也OK就是交通不方便!",1,1,0.8439996433191952
"离湖州市区比较远,打车不是很方便.不过门口有公交车,班次还比较多.最好自己有车.湖景房,并不是临湖只能远眺太湖.酒店在山上,比较清静.房间送餐不收服务费,菜也比较便宜,只是做的菜比较咸,房间还不送水,只能喝热水壶烧的水.",1,1,0.8438312834012514
"这个酒店值得推荐,地理位置真是好,中式庭院也很美.就是服务有待改进,住了两天没看到什么笑脸;因为手机充电器是英式插头无法充电,向前台借接线板,回答是没有,第一次在四星酒店听到这样的回答...总体来说硬件是不错的,设施或许不是很新,但是环境优势突出.",1,1,0.843397668351061
房间虽然小了点，但是比较整洁，服务质量也ok!,1,1,0.8433200519776118
地点很好，虽然偏闹了些。虽然没有早餐比较叫遗憾，好在成都是小吃的天堂而且尚能吃辣所以遗憾就少许多了,1,1,0.843093219027989
很好，这次入住酒店帮我免费升级为商务间，说是给携程的年终优惠，意外地满意。宾馆反馈2008年1月16日：感谢您对大连银帆宾馆的满意和支持！商务间是比基础房型豪华间高两个级别的全新房型，目前推出年终回馈498元商务间升级活动，希望大家更喜欢我们的新房间、新银帆！银帆宾馆欢迎您！,1,1,0.8427033881330842
花园式的酒店，里面矗立着小洋房，很幽静，里地铁也近，出行很方便.,1,1,0.8423479641828766
住的豪华标间，房间不大，设施还可以，液晶电视，同时做为电脑显示器，不过设计有问题，使用不太方便，无线键盘不太好用。总体还行，没有住过其他酒店，性价比无法评论。早饭一般，旋转餐厅，选择比较少。,1,1,0.8422252091102852
"两个月里面已经住了三次了,当然好啦,交通也很方便哈",1,1,0.8418747811896634
房间隔音不好，其他方面比较不错，不巧的是，我抵达当天正赶上哈市大批出租车休息，所以宾馆的地理位置好还是让我满意,1,1,0.8412878563591266
"酒店环境和整体服务是不错的.只有一点需提醒以后入住的朋友:通过酒店前台预订公园游船或者旅游项目有住店客人折扣(8折),但需由酒店经理带到公园购票才能享有,且事先也未和客人说明.感觉操作流程不规范.建议只要游客提供房卡就能享有公园优惠,这样也能鼓励游客选择入住.另外酒店门外设有很多餐桌,在我们要求在外面用早餐时却被拒绝,称早晨因人手不够,只能在餐厅内用早餐.其实酒店提供的早餐很简单,在外用餐并不会增加太多麻烦,客人感觉也会更好.不然岂非浪费了室外的好风景和好空气?宾馆反馈2008年6月19日：感谢您下榻西溪度假酒店。对您预订游船等项目的不悦表示歉意。酒店虽然地处西溪湿地公园内，但酒店与湿地公园分属两家单位，因此酒店客人如自行去湿地公园游玩是不能享有公园对酒店的优惠政策，敬请谅解。酒店接待处有优惠的门、船票供应。欢迎您再次光临。",1,1,0.8408649774122083
看了网上的评价因此预期并不高订的是三人间进到房间里感到还可以尽管住的是传说中条件不好的前楼人均60元的价格还是很有吸引力的但房间的确也存在一定问题比如电视机的频道较少而且不清楚床单不是很干净有破洞还有没有洗干净的血渍淋浴的喷头水量超小但工作人员的服务态度比较好能热心回到我们的一些问题酒店的位置也非常好距离滨江道和劝业场比较近整体上性价比还不错,1,1,0.8399207811663589
房间比中州皇冠之类的大多了，服务也还可以；早餐太次，品种太少。此外，房间装修在细节性方面有待改进，尤其是门框等木质装饰，实在不像5星级别。,1,1,0.8396365139075922
这是第二次入住次酒店。3年前第一次，除了价格上涨之外，其他各方面都比较满意。性价比在青岛来说还是不错的。服务没有什么特别出彩的地方，也没有什么不好的地方。酒店占地很大，绿地很多，环境优雅，都是几层的老建筑，唯一不好的是没有电梯，行李需要提上提下，建议酒店要配备负责的行礼员。还有洗完地毯，上面能不能不要铺那些破布，看着比较难受。,1,1,0.839027291501425
临时决定到北京出差，很快就定好了，房间不错，住了两个晚上，在这附近这里算是最经济实惠的地方，而质量又是最好的了！,1,1,0.8387379556277069
酒店非常好特别上服务但可能位置比较好比如去时代广场SOGO百货买东西都非常得方便隔音效果不太好个人觉得因为当初定的是普通的房间后来因为没有房间再没有加钱得前提下房间升级了总得来说酒店免费得巴士以及服务真得很好推荐入住价格公道,1,1,0.8386630112757892
非常好的服务，虽然酒店挂牌4星，但服务不比5星差，整个酒店的服务员都很热情，你所见到的每个人都会主动向你问好，该酒店在细节的服务上也做的非常好，如：你在大堂内入座，服务员马上会给你上茶水和毛巾，都是免费的哦；你下出租车，服务员马上会递给你一张卡片，上面有你所乘坐的出租车号码，以免你万一有什么事可以找的到那辆车（因威海出租车的发票上没有车号）。如果一定要找一些酒店的缺点，那就是酒店的餐厅上菜的速度较慢，而且不要点川菜，因厨师不太会做。但不管如何，下次我去威海，还是会去该酒店入住。,1,1,0.8385223363265245
澳门本来就小所以地理位置没什么好说的所有码头都有开往各大酒店的巴士这间酒店大堂还可以房间一般而且没什么景观可言里面的菲佣招待好像听不懂普通话只懂粤语和英文.我倒是看见渔人码头里有一家新开的白色建筑酒店西式的英文名叫Rocks&Hotel面对大海和大桥.想必还是不错的.有意向的朋友可以一查.,1,1,0.8378788833385266
酒店位于大王峰下，环境很好，如果前台小姐的脸上能多几分笑意的话，那就更完美了。酒店内旅行社的服务素质有待提高。我们一行五人专请一位导游小姐，目的是为了走走停停，多几分宽松，不必象赶鸭子似地被赶来赶去。但导游小姐看起来似乎很不耐烦，一路自顾自的往前走，碰到景点，背课文似地草草点过，提点问题，更是敷衍了事。第二天，想和她沟通，才发现她的嗓门原来很大，对我们一开始就提出不购物的要求心存不满。需要提醒诸位的是，在酒店包车一天150元，但不是真正意义上的包车，而只是从酒店到景点，再从景点到酒店的两点一线的单纯距离而已。补充点评2008年7月28日：再补充一点，酒店内的水帘餐厅很不错，环境优雅，价格适中。如果你在武夷山不知去何处用餐的话，不妨到此一试。,1,1,0.8375772727014317
去郑州好几次，都在这里住。有一次免升，住大堂左侧一层的房间。酒店很安静，服务也好。前台小姐虽然不漂亮但服务很到位。退房速度极快。下飞机来酒店时免费班车，退房后去机场要付费。下次来就住这里。,1,1,0.8375016133022098
酒店位于东方绿舟边缘，环境优美，空气清新。方便之处在于可直接从酒店旁的小路进入东方绿舟园区，无需门票。,1,1,0.8371578438008517
我买的是“亲子套票”。该酒店的硬件很好！房间的东西很新，而且很干净，不愧是国际品牌！对于楼下所说的那些抱怨问题，本人也碰到了。但都能很好地解决！在此建议大家在出发前多花点时间打电话和酒店预先沟通，就会减少麻烦！还能免费升级到行政楼层的海景房。,1,1,0.8368859100254975
酒店设施非常好，服务很周到。我在前台办理入住时，因为到店时间较早（下午两点），房间还没有打扫出来，前台服务人员非常歉意地和我讲明，然后又请我到旁边酒吧区享用饮品（前台给了代金券，并有服务员带领我过去），等待房间。我刚坐下，前台服务人员就过来讲，房间已经打扫完毕，我可以去房间了。携程送的礼物也非常好，住店期间可以免费享用酒店个健身和游泳池。游泳池非常标准，水质不错，还没几个人玩。就是泳衣太贵，不过服务小姐很热情地告诉附近的超市也有卖。房间也不错。整整一面墙都是玻璃，外面有正好是绿地。很舒服。,1,1,0.8368632542516612
房间还不错，挺大的，早餐一般。酒店周围环境还可以，吃饭比较方便，正如之前的客人所介绍的，酒店也不知道是该叫前面还是后面的，有几个饭店可以吃饭。也是赞同关于之前的点评中的意见，为什么不送饮用水啊，现在国内很少有酒店不送饮用水的,1,1,0.8366640979662658
我一直很信赖携程，入住红墙七天，房价和饭店设施总体不错，房间虽然小点，但装修很好，特别是店内员工服务很是热情，就是打的麻烦些，提醒各位千万别让门童服务生订车，真黑，联系包车八小时内天安门附近游，收我800元，问司机才给600元，第二天我直接联系车主省下200元，,1,1,0.8365556402126904
今天入住该酒店，正遇上一个上海公司在次开会，我参观了一下会场蛮好的，饭厅是通透的玻璃，餐厅蛮灵的，下次我们公司开会也准备放这酒店。酒店早餐过得去，房价底不能和五星级比啦，服务态度蛮好的，环境整洁，KTV设备也好装修蛮漂亮的。酒店房间整洁，房间内配备了电脑，才200多元一间，物有所值，很适合我们商务出差人事。,1,1,0.8363919169902151
我是在海洋公园玩了一天，带着疲劳的身体在金钟打的到酒店的，原来以为打的会很贵，其实也不是很贵，因为来之前就打电话问过前台的小姐，从金钟怎么到酒店。前台告诉我坐5B就能到，结果是我在金钟下了车之后，不知道在哪里找到可以坐5B的车站，所以一狠心，就打的了，也就是27元港币就可以到酒店了。到达酒店，前台的小姐语气温和，速度也还挺快的，当一切手续办好之后，轻声地告诉我：已帮你升级到行政房。那一刻心里面是狂喜。上到房间，里面还不错，虽然不是很大，但也没有想像中的小（因为之前已经去过香港几次，再小的我们也住过）窗外就是民居，也能看到海。洗手间也还挺干净。放好行李，马上下楼去找吃的，附近还有几家没关门的小店，十元一碗的云吞面在香港来说是低消费。味道也还可以。白天再下去看的时候，原来那条街是个菜市场，作为一个主妇，顺道也对比了一下价钱。才发现，原来我们的物价真的是太高了。有些东西居然和我们的是一样价钱。但，人家的收入是我们的N倍。不说了。总体来说，这家酒店，从各方面来说还行。不次如果有机会去香港的话，我也还会选择这一家酒店。不过就是觉得酒店的价格偏高了一点点（HK715）。或许是暑假的原因吧，如果平时去可能会低一点吧。而且每天的价格不一样，有点像海鲜价。,1,1,0.8359704232518795
酒店的位置偏了一点，但其实还是挺好找的。乘地铁在铜锣湾站下，再换乘到跑马地的电车，在总站下（约15分钟），酒店就位于总站的养和医院旁。（注：香港的电车与国内的不一样，是没有号数的，只在车头标志总站地名）。若乘出租车，从铜锣湾过去也是5-10分钟。酒店的设施较新，室内环境也不错，但是房间好小，床位小得可怜，标间的单床就真的只能睡一个人，稍胖一点的人都睡不下。服务还可以。,1,1,0.8354347306833154
外观看上去像布达拉宫，里面设施一般，有点老，单纯从房间上看也就是招待所水平；但是所有人员的服务态度都很好，尤其是大堂经理（还是商务部经理？），一个济南的小伙子，态度特别好，服务非常周到，给我们在淄博的游玩出了很多好主意，非常感谢！晚上去了10楼的卡拉OK，就我和男朋友两个人，服务员还是非常周到热情，音响效果也很好，感觉十分超值（每个人才38元消费呢）！,1,1,0.8352936174380466
"位置太偏了,不过有机场接机.总的来说还满好的.可以推荐的酒店之一.补充点评2007年11月6日：离连云港市区有点远,去市区办事的朋友得谨慎点吧.其他无特殊,可以推荐吧",1,1,0.8351207653272037
房间比较宽敞，大堂和5星级的差距较大。电梯的速度快，尤其到高层。,1,1,0.8345018713343
酒店的位置非常好、地处闹市房间却很安静，但设施有点旧，被子上面竟然很多洞，服务态度较好，尤其是礼宾人员，服务很热情、很主动，但美中不足的是我预定到28号的房间，27号酒店就通知携程说我退房了，还有28号退房时，忘在酒店的洗面奶竟然查房的没有提醒我。,1,1,0.8343053280845208
帮朋友订的，在上海来说价格是比较实惠的了。不过朋友住了后没有特别说很好也没有不满，呵呵！,1,1,0.8341375125502792
朋友对该酒店的评价比较满意，就是交通非常拥堵。每次进出都要花费很长的时间。,1,1,0.8338317917148634
上周住了三天，酒店服务还不错，但感觉有些旧。在文昌阁那边见到几家经济型酒店，感觉比较气派。,1,1,0.8334956277590412
酒店所处位置不错，比较安静。房间也比较大，装修及卫生就此价格来说还尚可。但是房间及走廊都有油烟味！估计与楼下永和豆浆的烟道没有分开，虽然气味不是很浓烈，但还是让人感觉时刻处身于厨房，感觉不好。如果有可能，强烈建议重新设置楼下酒店的烟道~~否则下次不考虑入住此酒店了,0,1,0.8327639216182053
酒店房间设施不错，服务太差（也许是主要服务团体会议的原因，对个人不是服务很热情）。跟携程要求不是一楼，去房间一看还是一楼。地理位置不好，要出租车很不方便，叫车￥20起单程。大理包一天车才￥150（13988505869李，我们用了两天，服务很好。）。不过泡着温泉，也不是太想计较。,1,1,0.8327205518051317
总体不错的酒店，楼宇结构有点怪。携程订单下了，可是酒店内部协调慢，抵达后等了很久才拿到前台；前台男服务员很差，阴阳怪气的。一楼有不少大牌子奢侈品店早九到晚九，不错的，没事的时候可以逛逛。早餐尚好，勉强过关，比三亚喜来登差了n倍，当然，价格差没差那么多。,1,1,0.8324535684093656
莫泰就不用多说啦，性价比高，以后还会入住的。,1,1,0.8319102218091294
房间干净、舒适、典雅，地理位置绝佳，携程的价位合理，值得入住。卫生间稍小，块头不要太大的人，应该没有问题，呵呵。,1,1,0.8316815267754105
"交通可以,周边环境一般.服务还行.但感觉楼道和电梯之间的布局不合理!!不过按照张家界的地理特征结合酒店价格看,还是比较值得一住的",1,1,0.8316314325359436
"酒店脚摩很有特色,住客还可以打8折,房间装修尚可,位置稍偏",1,1,0.8315822531728914
我住的商务单人间，酒店周边环境一般般，但房间比较大，床软硬适中，上网速度快，早餐很丰盛是我没想到的。以后可能还会入住,1,1,0.830155138238118
"房间还比较干净,交通方便,离外滩很近.但外面声音太大,休息不好",0,1,0.8301310672853152
元旦时候入住的，一直没时间评价，房间很大，就是床单很硬，胳膊和背上都磨的很痛，不过住的还可以，希望把床单换掉,1,1,0.8298178514844372
整体环境还可以，离亚龙湾比较近。但近期一直在装修，一楼凌乱，给人感觉不太舒服。价格偏高。服务一般。,1,1,0.8295783476659051
最近变成了四星，好像房间装修过了。餐厅也装修过了。早餐不错。呵呵，继续努力哦,0,1,0.8293906023686097
房间超大又便宜，唯离市区有点远，附近能吃饭的地方少，比较不方便。倒是服务人员服务态度不错。,1,1,0.8292130361535208
在北京属于比较实在的酒店，环境、房间、服务都还不错，网速稍嫌慢些，早餐经常要零点，比较慢，不太方便。行政标准间隔音效果极差，标准间隔音效果要好得多。,1,1,0.8283859608183092
酒店的交通不很方便，电梯特别慢，其余还是如家特色。,1,1,0.8277879949640464
"硬,服人切,但地略偏,美中不足.短期停留可湛江地首.然五星酒店水尚有些微差距,但整已具此血,景可期.",1,1,0.8276580473645017
比较老的五星级酒店，酒店的管理维护还是很好,1,1,0.8273758676802204
入住的是80公社标准间，很有特色。交通很便利。唯一不太好的是看不到服务员，打电话叫的话要连续几次才有人出现。,1,1,0.82717492792289
我是5月18-24日在王府饭店连住6晚，王府是丽江古城最好的饭店，保安及饭店的其他员工服务态度良好，对宾客非常有礼貌。饭店的设施也很齐全，宽带上网速度很快。特别是贵宾房的卫生间设计得舒适大方，躺在浴缸里透过大玻璃天窗晒太阳真是特美的享受。来丽江，建议大家一定要住在古城，如果既想享受纳西族优美古建筑庭院的家庭风格，又要求舒适安全，恐怕非王府饭店莫属了！我原先定的是官房花园别墅，后来朋友建议我住在古城里，那是我这次旅行最明智的选择。饭店的管理层由有海龟背景的张总挂帅，可以经常看见她在大堂或茶吧与中外客人聊天互动，如有什么问题或要求找到她她会亲自直接帮你解决，整个饭店的氛围轻松友好。早餐嘛，我很喜欢，不过那就看你的口味爱好了，我从英国回来，一碗米粉就能让我羡慕的不行！值得一提的是，这家饭店的自助早餐是开到下午一点半哦！这在中国是绝无仅有吧，很适合我这样的懒人！早餐煮咖啡也不错呢！对了，房间里还会送你水果，晚上你还可以打电话要热牛奶，虽然我并没有享用，但老板能这样待客，的确让人感到舒服。基督徒兄弟姐妹们还可以高兴地看到房间的放置的圣经，在国内，除了一些国际知名品牌酒店外，我看到这样做的好像这是第一家！张总本人就是个体贴待人的好姐妹。下次再去丽江，毫无疑问，王府就是我的家外之家了。注意，如果可能，尽量要求要二楼的房间哦。,1,1,0.8267738600977369
房子还凑合，但是硬件不行，不象4星酒店，服务还可以,1,1,0.8265489448678864
酒店临街，但还是建议住临街的房间，因为酒店后面有中央空调，噪音也不小，威海到了晚上11点之前基本马路上车就不多了，所以临街的房间反而要安静点。服务不错，很热情。酒店位置也还好，就在市中心。今后去威海可以考虑再住。,1,1,0.8263162376818952
"上网收费太贵,每天40元.交通还是很便利,离地铁站很近.",1,1,0.8258290778663101
杜月笙别墅坐落在莫干山后山腰的山谷中，环境非常幽静，视野开阔，郁郁葱葱。楼前的平台，是晚餐的绝佳之处，烛光之中，美酒佳肴，可人相拥，仿佛身在仙景。,1,1,0.8256661219242575
"总体来说不错了,房间和卫生间都不错.门口太小不好找.餐厅不太好,味道不好.房价偏贵了.",1,1,0.8256420018188156
"酒店不好找,里面的环境还可以,打车不方便.",1,1,0.8256245472910941
房间大小合适，装修比较旧。周边环境较好，离白鹭洲很近，步行只要几分钟，晚上散步不错。泳池是室外的，更衣室设施一般。房间的烟味较大。,1,1,0.8250287855135202
"地理位置很方便,就是紧挨着火车站,有点闹心.房间的配置还看的过去,比四星差点,比三星强点.亮点是卫生间有可以直接饮用的水龙头.",1,1,0.82502152952557
位置还好，不算太难找，屋内比较干净，卫生间装修不错，木制的氛围比较喜欢。没窗户，但是夏天住空调房也不是很需要窗户，所以能接受。,1,1,0.8244642678026824
"我住的158的房,觉得还可以,房间正对酒店大门口的马路,隔音还可以,不吵.卫生间也不是太少,就是设计不太合理,洗澡的龙头力道太大,水打在身上都疼.综合来说还可以.",1,1,0.8242274985548408
其实在预定之前，看了各人的评论，有好有坏，结果我犹豫再三。入住了酒店后（豪华套房）就知道自己定对了酒店。酒店前台服务很周到，房间的设施也不错，个人觉得值得推荐。由于我经常有去市长大厦那边，感觉气势非常宏伟，所以就算订个普通房，也算是享受大环境。,1,1,0.8241464454950646
这次入住感到服务人员的工作态度不如以前，整体工作热情也不象其他喜来登那么专业。因为我定的房间满了于是给我升级到行政套房，这个本来是不错的安排，但是不知道为什么偏偏这个房间里早晚都有一股股噪音；而我朋友住在我下面一层，一清早就被行政酒廊准备早餐的声音吵醒。酒店2楼西餐厅服务还是很好的。,1,1,0.8241389271450169
入住的第一天晚上正巧停电停水，比较难过，但服务还算不错，房间隔音效果不太好，住在17层上居然也能隔着窗户清晰的听到街上的车马声。,1,1,0.823593157525475
"景观不错,早晨醒来在床上就能看到蓝天白云,脚下是缓缓流过的江水,感觉确实不错.补充点评2007年9月13日：距离汽车站不算远,但走路过去也不算近.酒店附近没什么吃的.",1,1,0.8234307941572019
"今天刚从蝴蝶谷酒店回来,环境很好,很宁静舒服,是过两人世界的好地方!补充点评2008年2月24日：酒店的装修别具风格,其欠缺的就是客房的隔音不太理想.",1,1,0.8229654357182443
很不错的酒店，房间超大，很安静。为什么珠海海边的酒店就做不到。不过携程的价格没有优势，前台可以办理会员，积分永远有效，直接订房还比携程的价格便宜。,1,1,0.8228161514423974
安静乾净价格公道窗外的景致不错如果你要安静的住宿环境可以选择它,1,1,0.8226322671061513
房间不算太小，床不错，虽然不太软但也挺舒服，干净。最大的问题是上网太贵，HKD70/HOUR，抢钱似的，为什么香港的酒店都没有免费上网呢？,1,1,0.82231279747259
酒店房间内挺干净整洁，就是酒店没有隶属餐厅，吃饭不能签到房间的账单里。,1,1,0.8222400765136905
开始定的大床房，进去一看一个人睡都觉得小。无奈升级到双床，700多的价格实在没什么吸引力。不过房间还是不错的，卫生间也很大。整个院子里环境很好。前台的小姐和礼宾部都特别热情。就是订餐部的人态度不好，定了批萨说美居没有番茄酱什么的，说了半天给送了一小包。最难以接受的就是索菲特的巧克力屋，早上9点出去玩儿前问前台，前台说10点开，查了一下房间的案内也说早10点到晚10点，晚上没吃晚饭9点半特意又去买，结果那里的小姐说关门了，什么都没了。我说不是10点关吗，她说改9点了。这个大的酒店，关门时间说改就改，挺难接受的。后来跟大堂经理反映，态度还不错，但还是很扫兴。整体环境还是不错的，下次还会住。,1,1,0.8222155568884641
地理位置是公认的不错，但是缺点也不少，主要是电梯慢，走廊狭窄，房间设施有些陈旧了，临时住一晚可以，时间长了不建议入住。,0,1,0.8216469859875535
"据我昆山一个搞装潢的朋友讲,这家酒店的大堂和客房选用的石材、家具、卫浴设备都很高档,以性价比来说挺超值的.所以以前出差到昆山都住这家酒店.半年没来了,这次来发现他们员工都换了新制服,大堂的很多装饰也焕然一新,走进大堂还有淡淡的香味,还蛮惊喜的.之前几次一直住主楼,这次订房想换个风格,就选了他们的商务楼.这边房间和主楼配备几乎相同,只是卫生间是透明的,可以一边泡澡一边看电视,估计也是他们的一个卖点.今天上网无意中点开他们家的""所有房型""才发现,可能是夏天酒店业淡季的原因,现在携程上面订行政客房就能送1份108元早餐和50元足浴,还有鲜花水果报纸什么的.细算下来,搞促销的时候住行政客房还是很划算的,但愿下次过去的时候这个活动还没结束.这次入住唯一感觉不太满意的就是办入住的时间有点长,扫描证件弄了好几分钟,不过奥运期间好象酒店都这样.宾馆反馈2008年8月14日：尊敬的客人:您好感谢您选择君豪酒店,除了行政客房外,我们还有商务豪华客房也有优惠的促销,同样是订房就送早餐和足浴券.关于您所说的证件登记的问题,我们也是在配合奥运期间公安部门的安全规定,极力为客人提供一个安全舒适的环境,也请您能够理解.欢迎您下次入住,我们一定会为您提供优质的更好的服务.",1,1,0.8214932853202125
定济南酒店之前看大家的点评，山东大厦好评最多，以我这次亲身体会，可谓名副其实。山东大厦的好处，首先胜在环境。记得小时候语文课本里老舍关于济南的文章吗？随着城市的发展，那些“环抱济南的小山”现在已经被城市包围，但保留了绿树葱葱，山东大厦就在它们的拱卫中。而在近处，大厦北面一路之隔，就是济南植物园，更是满目绿色。我住在1716房间，窗外景色开阔，完全没有他楼上目光的逼迫，黄昏时俯瞰植物园慢慢昏暗下去，不远处夕阳落下山坳，感觉有些微醺。山东大厦另一好处，是正宗的波特曼式中庭空间。波特曼是上世纪美国以旅馆设计著称的建筑师，尤其擅长共享空间的设计，上海的上海商城就是他的作品，但上海商城的中庭还不如山东大厦来的原滋原味，值得在其中体会一番。应该说山东大厦的政府背景有一定关系，现在的纯粹商业资本也许已舍不得用这样的大手笔作中庭，另外防火审查也很难批下来。房间不奢华，但舒适。电视是43寸液晶，另有台式电脑提供免费上网。最喜欢的是内阳台上的休息区，发发呆很不错。当然小问题还是有的，浴缸排水口在水流冲击时会散发霉味。,1,1,0.8214785997531785
我是07年8月27-29日入住这个酒店的。酒店的2名行李员的服务很好，让我们留下了深刻的印象。第一个行李员MR.KENNTH，在我们抵店起，就表现的十分的专业、热情、有礼貌、细心。第二个行李员MR.KEN，由于我们对于HK的小街道不是很熟悉，所以无法精确的知道，在哪个地铁的出口出，才是最近的。他很耐心的为我们提供服务，为我们在找路时，节省了很多时间。但前台的服务就不是很理想。很由于他们的服务都很好，所以我特意写了表扬信给他们，以示感谢！,1,1,0.8213871431462155
"机场接机很贴心,前台也会询问是否要安静房.内部设施一般般,洗手台有些不方便.但是,当天我们是晚上11点到达桂林,工作人员很友好,很热情.当晚不慎把手机丢失在接机的面的车上.第二天早上还能失而复得.工作人员的这种精神值得称赞.总的来说,这家酒店让人觉得很温暖.机场专线就在楼下,去机场也很方便.",1,1,0.8207796626429901
"很宽敞,非常好的地方。如果可能的话，希望能把洗脸处的存水盖子修理好。应该是件简单的事。",1,1,0.8201062554645331
很大气的酒店，房间设置布局很合理漂亮。卫生服务很好。,1,1,0.8197070913927982
"这是一家性价比很好的饭店,是苏州闹中取静的一处福地.酒店有宽敞的停车场,绿地面积大,古木参天,绿草如茵.登上小山,还有可供游人休息的凉厅,山脚下流水淙淙.房间里布置典雅华丽,中式的且床头有古诗相伴而眠.",1,1,0.8196542635761059
"订的是双人房,感觉房间有点小,放了两张床之后就没什么空间了,沙发也只有一个单人的.觉得最不好的是洗手间太太太小了-好挤,门拉直打开就到浴缸的边了.除了小的问题之外,房间还是很舒服的.自助早餐不错,很丰富,可惜吃不了多少...会所在酒店外面,觉得有点不方便.有室内游泳池,去游泳还一定要求带游泳帽,最终没下水,有点郁闷.",1,1,0.8188592726816558
"酒店的性价比很高.我特别要感谢早餐厅的服务员,8月2日早晨我吃完早餐将小包留在椅子上,很快服务员将包送到总台.很感谢!要表扬.在走廊上遇到服务员,他们总微笑地与你打招呼.总之,对大世界酒店的服务很满意!",1,1,0.8187704649065174
"设施不新,房间大小适中,都是侧看海景,有无烟层.早餐比较普通,选择不多.",1,1,0.8187330403824175
多次住此酒店，唯一这次是大地震后，感觉确实受到了地震影响。首先是房间内墙壁留下了裂缝，其次是电梯也有一部损坏。酒店的裙楼更像危楼。交通较方便，离火车站和汽车站很近，但是周围没有什么地方吃饭和购物。服务尚可。,1,1,0.8185357788897633
2007年9月11日256元住普通标间，临街（其它房型已无）。我是喜欢开着窗睡觉的，总体感觉不太吵。因为下面的玉皇阁北街不算是银川的主要交通要道。早上有一些车流声。对面有个农贸市场，购买应季瓜果很方便。离鼓楼不远，可以品尝一下“老毛抓肉”。,1,1,0.8183958068438103
"价钱不便宜啊,不过确实很值得.房间香香的,对得起5星的价格.其余不多说了,哈哈",1,1,0.818226605316606
这是我出门住过的性价比最高的酒店了～～～服务很好，房间也没漂亮，开开窗就是滨河路的景色～美中不足的就是酒店大概有KTV包房，晚上12点前在房间里都能听到好大声音的音乐……其他的服务简直好极了～以后希望还能入住。呵呵就是莱西地方太小了,1,1,0.8178724715666851
地处闹市，办事方便。卫生条件好，人员服务好，性价比高！,1,1,0.8175979192419913
"第一次住这家酒店,住的是C房.携程推荐说这家酒店性价比高。380元的价格能在这个区域住到这样的酒店我感觉很满意了，宽带免费市内电话也不收费，早餐也还可以。之前看了网友的点评说前台服务不尽人意，这次感觉还可以呀，基本能做到主动热情周到，个人觉得这就够了，当然如果谁习惯5星级服务，到这里肯定会失望，以这个预算，住这样的房间，受这样的服务，感觉很值！感谢携成的推荐，下次还会住这家",1,1,0.8171431795030446
我订的是1310大床间，房间里面大小合适，卫生也很好，总的来说超级满意，空调非常好，一点都不冷。床单上还给了一枝玫瑰，桌上给了一盘水果，还有2瓶免费的矿泉水。附属品比如小吃饮料也很齐全。唯一觉得有点欠缺的地方是卫生间比较小。还有一个问题就是我入住的价格是218￥，但是宾馆对对面的某个公司的公开价格是折后198￥。这个问题比较让人寒心。因为住的是同样的房间，我付218，人家付198，太不舒服了。。。如果房价在200以内，这里的性价比，还是非常值得推荐的！,1,1,0.8171355508825845
酒店位于居民小区里面，晚上很安静，根本感觉不到这是一家位于北2环和3环之间的酒店，比较干净，酒店房间也比较大，早餐品种太少，质量一般般！,1,1,0.8170206709576783
房子还好，地理位置也还不错，但是不值得这样的价位。同样的水平，徐汇区的华亭宾馆才600多元，这里却要1000元。,1,1,0.8170187100459984
非常好，外面看上去不怎么样，一进里面真的很好啊，住的很舒服，下次去还要住。,1,1,0.8166921853888085
虽然房间陈旧，地毯比较赃，可是考虑价格和星级，就可以接受吧。早餐有很多菜，味道还行，让我满足了。下次还会住在这宾馆。,1,1,0.8164170765078477
前前后后住了好多次，位置方便，周边有很多吃饭的地方。就是房间有点小。,1,1,0.8161125051835273
非常喜欢这间宾馆！双人大床非常的舒服。房间配备了饮用纯净水，够得上五星级的标准，服务也非常的好。美中不足的是淋浴房的门好像做得有点问题，一洗澡水就流的满地都是，害我大半夜的擦了好久：（,1,1,0.8155451572309701
酒店邻近山脚，空气清新，闹市取静之处，清早起床看着窗外真有想去晨跑的感觉。临近香港的SOHO区，附近就有最长的电梯往来中环。尤其夜晚可以取阶漫步而下前往兰桂枋，一路上都是异国情调的各式餐厅及酒巴。喜欢小资的朋友就非常喜欢的了。缺点是交通不便，其中一次返回酒店时，害得我步行了近半个小时才东问西问回到住处。进出酒店最方便的交通工具是出租。酒店的接待服务没问题。,1,1,0.8152050667330233
前台服务很好，房间很不错，干净宽敞，有一个小小的花园，据说是四星，我订的时候倒没在意这些，但入住后还是蛮喜欢的但一定要住B楼，A楼对大街，喇叭要吵到晚上九、十点。PS：宾馆后面是所谓亚洲第一喷泉，晚上八点开始，居然延续有半个小时，还是挺壮观的,1,1,0.8151275078415611
非常满意酒店的服务，做得很细心，比其它酒店好多了，以后还会再住在此酒店，谢谢携程的工作人员帮忙让我们过得很愉快，在此要特别感谢酒店在3月28号这天对我们的最贴心服务，因这天是我们的大喜日子，早上从外面拍完照片回来我的拖尾婚纱太长了搞的很dirty，打电话叫他们帮加急洗，后来帮我洗得很快很干净地送回来还free，非常感动，再次谢谢他们的工作人员，该酒店各方面都很好，唯一的遗憾就是大堂的酒吧，东西很少，想要喝的东西都没有，坐那里都没有意思，希望下次他们能改进，不要总是写满在酒水单上让人看什么都有，事实上都没有供应，,1,1,0.8150711469365115
看了网友的点评后选择入住该酒店，在各方面的总体印象都不错。酒店离西湖步行约十分钟，离夜市步行约二、三分钟，离九百碗面馆、奎元馆、知味观步行约六、七分钟，都十分方便。每天有免费水果赠送。早餐的菜式就其价格来说也还算可以。房间内的拖鞋时间穿得稍长会起毛，很不舒服，建议改进。不爽的事发生在酒店内餐厅。就餐前曾致电酒店总台，并且还亲自到餐厅确认，住店客人在酒店内餐厅就餐可以打九折，可是一次在酒店的韩国村吃晚饭，一次在酒店的中餐厅吃午饭，都不给打折。韩国村的答复是他们不属于酒店，只是租借酒店的地方，所以不能打折。中餐厅的答复是除非有酒店VIP卡，否则不能打折。让人搞不懂的是既然这样，酒店总台为什么说可以打折呢？非常令人失望。,1,1,0.8149091127176682
"酒店地理位置不错，就在西溪湿地，酒店好比置身花园中，这个很好！但房间显得有些局促，太小了！尤其这次住的是底楼标准间，感觉厕所有强烈的异味，要将门紧闭，窗户打开才不觉得难受,这个提醒酒店要注意改进！宾馆反馈2008年5月13日：感谢您下榻西溪度假酒店。对于您在入住期间遇到的状况，给您带来不变，酒店深感抱歉。针对您提到的问题，我们已邀请专业人士进行了管道整改，该问题已解决。我们真诚期待您的再次光临。",1,1,0.8148656217062499
因为春秋航空晚点6个小时，到酒店的时候已经快凌晨2点了。期间打了两个电话给酒店，请求延迟入住时间，前台小姐比较热心的告诉了我机场到酒店需要的出租车费，避免给人很宰一刀。房间硬件不错，服务也很好。,1,1,0.8145946283398715
服务算是热情周到，早餐尚可，卫生间够大的,1,1,0.8144561538353717
房间的布置还有酒店的环境确实让人感觉物超所值！但是酒店的服务就感觉太没有星级的标准的！感觉什么都是冷冷的！早餐还不错！但是中餐就不怎么样了！不过分量还是可以的！,1,1,0.8141503737624733
周边环境还是不错的，但是酒店的服务人员态度奇差，房间比较小，是我住过酒店中间服务最差的一个。,0,1,0.8133813653005187
环境还可以，房间不大但也不是太小，够住了。写字桌前的落地灯离得太近了，每次移椅子都会碰到，另外有一点就是隔音效果不好，夜间车子路过的声音有点吵，其它的还行。,1,1,0.8132266958155391
酒店的地段好，我们去周围的商务机构办事非常方便；楼下就是置地广场，有LV、gucci...一串高中档的专卖店，附近还有一家反斗星玩具店（小朋友多高兴呀）；房间装修有特色，浴室也很宽敞，服务质量较好，不少服务员能听普通话，但也有不少只讲英文的．缺点：不知什么原因，我们带去的两台笔记本都无法上网，还好酒店提供免费使用的笔记本，没有耽误事；中午酒店附近的街上十分拥挤，最好别出门；早餐品种较少；因高楼林立，大大的窗子只能经常拉着窗帘（窗子好象是封死的）。,1,1,0.8120122901451636
房间的布局有点奇怪，空调的调节装置居然在minibar上面。第一晚没有找到，所以冻了一宿。入住的时候，26层正在装修，油漆味比较浓。大堂也有相似的味道，还好旁边的中餐厅没有油漆味。28层的游泳池和风景不错，正对着创业立交。第一晚有欢迎水果，不过是夜里十一点半才打电话过来问是否方便送进来，所以觉得奇怪。是深圳的关外，不过打车还比较方便。,1,1,0.8119468703199214
通过携程预定的银瑞林酒店，环境及服务令我们非常满意，特别是前台确认房间时，在房间不够的情况下为我们及时做了免费升级，温馨的服务给我们留下了难忘的印象。,1,1,0.8115550969461904
"非常舒心的酒店,不大,很安静,很温馨,每间房的阳台上都有盛开的鲜花,房间里有很多可供浏览的杂志,还有中英文的小说.当街的房间关上窗户没有噪音,窗户的开法非常奇怪.淋浴房有些渗水,但水够大够冲,很舒服.酒店有些经营方式思路很特别,很人性,许多五星酒店也没有做到.推荐泰逸,也推荐金沙博物馆,值得一看,红杏酒楼味道不错,有不辣的,值得一去..宾馆反馈2008年5月6日：感谢点评，特别送一首小诗给您，祝异乡的您泰逸安康！谢谢您与泰逸邂逅在美丽的人生之旅，纵然相隔万水千山，愿在蓦然回首的刹那，您会记得那张真诚而温馨的笑脸，浓浓的祝福伴您海角天边，无际蔓延，还有泰逸酒店窗台上那娇艳的杜鹃，曾为您尽情绽颜……岁月如歌，心系泰逸。",1,1,0.8113048363166744
地点非常好，离后海的酒吧街很近，晚上去泡吧非常方便。但是酒店设施比较陈旧，房间的卫生间里的吹风机居然是坏的。我住的商务电脑间，所谓的商务电脑间就是有个显示器和一个键盘，如果你要是想上网，还是需要自己带电脑，连接上去……这个我有点不明白……难道有人会只带个电脑的主机出门？不过考虑到性价比，还算可以吧。我主要是喜欢这个位置。,1,1,0.8110213280921347
环境不错，在市区内但还挺安静。服务人员很规范，但在细节方面有欠缺，在办完入住手续后，我要自己提着行李去找住宿的楼，楼上也没有提示，还要自己去问，行李少还好，行李要多还真挺累。,1,1,0.8109393097595591
优点：位置极佳，服务很好，尤其专设了一名电梯操作员，很好！早餐品种、口味都不错。部分房间有电脑，非常方便！缺点：1、因临近马路，房间有些嘈杂（应该可以解决的）2、出租车进出非常不便（建议底下停车出来后解放路那个活动封闭口打开就可以解决了）3、早餐厅的确存在着客人还在吃，就有服务员过来收拾东西的特点，不舒服。4、接待大厅应该放一些介绍镇江旅游和风土人情的宣传材料。宾馆反馈2008年5月9日：尊敬的宾客：您好！感谢您选择入住我店并提出宝贵意见！我店现已对解放路出口处的活动封闭口按时开启，并规定了车辆进出的指定路线，安排保安负责指引，有效地改善了车辆进出不便这一问题；关于您提到的早餐收台问题，现已对服务员加强培训，要求规范操作流程，同时加强主动服务意识，为客人提供更舒心、更满意的服务。此外为了让更多的外地宾客了解镇江的风土人情，我店已与旅游局联系宣传资料一事。再次感谢您提出的宝贵意见！真心地希望您能一如既往地支持我店！,1,1,0.8107826029905878
"我是6月8号去的重庆,6号在携程定的酒店,去了以后开始看到旁边的房屋是有点失望,但是一到酒店门口就改观了..门童很热情的为我开车门拿行李,并且另一名服务员记下了出租车的车牌号,并给了我,很贴心很人性化的服务,这是我以前从来没遇见过的.下飞机在出租车上,的哥说那里交通不是很方便,我也很在意,但后面出门的时候都有服务员叫好出租车,这些问题都解决了,入住期间服务员很热情,房间布置也不错,房间里的小东西很齐全(虽说是有偿的),还有一个小细节,那天正好是端午节,我出去回来后发现房间多了一个小篮子,里面是两个粽子,很贴心...不过想给酒店提一点小意见,在大堂电梯外面摆放着一大个牌子,上面是酒店桑拿的广告,内容实在是太露骨,房间里的小卡片上面的内容也是这样的,让人感觉不太雅观,希望酒店能注意一点....并不是每个人在酒店里就是要做那什么的```不过总的说来,酒店还是很不错的```下次去重庆还住这里..",1,1,0.8106937012002944
"我住七栋,对该处总的评价是:树好多,人好少,路好远,楼好矮,房好旧,网好慢.不知主楼如何,感觉来这里体验一下是值得的,不过下次我不会在这里住了.提一句,服务确实不错,我出门之前,突然裤档开了,又急着要走,服务员迅速拿去帮我补了,还不收费.",1,1,0.8102823174310558
每次和王总、Roby出来玩，都喜欢住套房，这次找了个机会入住苏宁环球，Ctrip卡预定网上评论较好的“丽家套房B”，一室一厅一厨87平米，RMB650，22楼，送水果和鲜花，单早，免费游泳池和健身房，送下午茶，免费宽带，免费地下车位，全部落地窗，厨房有冰箱、电磁灶台和洗衣机，适合很多朋友来过周末，不过卫生间里除了龙头是hansgrohe外其他洁具档次略低，客厅的复合地板直接铺水泥地上，脚感太硬，还不如全部用地毯呢，有点遗憾的是给了我们面朝上海路的房间，下次选个礼拜六有球赛面向五台山的房间，还可以免费看球。,1,1,0.8102490154767289
"本人今次主要是到会展公务的,所以选择此间酒店,环境清静,对外交通非常方便.服务员热情有礼,入住和退房都很快捷.有一点酒店一定要尽快处理的:洗手间如地上有水,非常容易滑倒.",1,1,0.8096062370742584
服务还可以，饭菜价格也挺公道，就是早餐品种少了点，没啥吃的，而且都是冷的。被子没洗干净吧，枕头和被子都是臭的，没法睡,1,1,0.8094423334634655
"房间设施比较陈旧,特别是电视机比较老,遥控器一直不好用,虽然经过服务员修理但是还是不太好用,服务态度还可以,大堂很气派,但是房间感觉没有四星的标准,房间内也没有食物,很不方便,需要的时候要给服务员打电话,时间较久,但是江景很美,交通确实不很方便",1,1,0.809342945441541
住过之后发现前面同志的点评果真不错，酒店服务很到位。除了房型差了一些之外，服务没得说。补充点评2008年7月27日：现在细细评价一下酒店吧。1、酒店的设备一般，作为四星酒店没有相应的公共及健康娱乐设施。2、酒店的门童对于内宾比较呆滞，对于外宾比较热情。3、房型需要改造。4、去住的时候酒店在墙体外悬挂大幅宣传条幅，晚上风大挂的条幅很响，影响睡眠。说说好的1、酒店的服务很好，尤其是我住的楼层的保洁大姐，简直好的不得了。我去的时候烟台大雨，鞋和袜子都湿漉漉的。酒店工作人员在我不在客房时帮我把袜子洗了，鞋吹干了。还留了字条说明情况，字条我到现在还留着，服务员是吕淑红。2、酒店配套的早餐不错，很丰富的品种。3、酒店没有骚扰电话。但是在早上的时候有女士敲房门问是否有要按摩服务。女士很漂亮。,1,1,0.8092442210982058
我住的是特色标间，所谓特色，是有些类似家的感觉。寝具不是单调的白色，是条纹和大格子的，感觉很温馨。圈儿椅的靠垫是卡通的加菲猫头，明黄的颜色有点扎眼，和周围配在一起感觉有点不协调。客房硬件评价3.5分。加湿器、烫衣板、电熨斗、吹风机、小冰箱等俱全。缺点：液晶电视固定在墙上，位置不好。一是遮挡了一个电源插座；二是与桌子搭配不当。桌子（与冰箱柜一体）在电视下方，如果坐在桌子旁上网或工作学习，正好挡住了电视屏幕。错开坐，正好是冰箱柜，腿脚伸不开。,1,1,0.8092178131709233
该酒店的性价比在北京已经算是不错了!值得去试试!!!,1,1,0.8085497550799083
如果浴室的热水系统欠缺，出不了热水，而很缓慢。如能改善热水系统，还是性价比很好的。,1,1,0.8082507678579757
酒店位置不错，交通方便。硬件环境虽然显得比较旧了，但依旧不失档次。服务态度基本令人满意。宽带网络速度不错，就是还需要单独联系前台开通帐号且没有什么提示说明，不大方便。房间里准备了灭蚊器，但是没有药片，需要自己联系服务员索取。离店那天的早餐不大理想，还没到结束时间（差一小时），我们一边吃，服务员一边在旁边就把各种餐具、菜品收走了，令人感觉比较尴尬。另外，在卫生间看到,1,1,0.8081876417564635
"感觉还可以,就是房间的隔音效果太差了,隔壁用衣桂,这边声音很大.周围饭店不多,不过对面的浴足店非常不错!临走结帐很慢,有急事就惨了!",1,1,0.8079681739883428
房间一般，设施还可以，环境吗只能说还行，早餐还算丰富，在自贡嘛也没什么好选的了。,1,1,0.8074851270749467
"这是我经常住的酒店,主要原因是请我的客户来南京的,距离我公司很近,酒店本身还可以,价格涨了,但是酒店门脸不显著,不像是4星酒店.如果可以,加一点钱,就可以住中心大酒店了,很气派.距离国信200米",1,1,0.8074078483820365
酒店位置倒也好找，就在庆春路和中河路高架口上，苏宁电器对面。大堂不大，不过那天人不多，倒也清净。前台checkin速度也满快。住9楼标房，朝西，马路上的喧嚣也没什么影响。房间、床铺挺干净的，只是个人感觉床和枕头偏软，不习惯。酒店的隔音不是很好，走廊里的声音稍大些就听得很清楚。晚上刚睡着，几个孩子嬉闹而过，又被吵醒。然后，不知是哪里传来两个男人的对话声，叽叽咕咕的听不清，但也好一会没睡着。浴室的冲淋头是固定的，给宝宝洗澡不方便，对大人倒没什么影响。早餐我没有去吃，但同去的家人说品种不是很多，味道还可以。另外，宝宝午睡时把床尿湿，没来得及叫人来换我们就出去了，晚上9点多回来时，床铺已经换好了，还留了一张字条说明，给人感觉很温馨，在此也感谢酒店的优质服务。第二天退房的速度也很快。补充点评2007年10月8日：酒店4楼的东南亚风格的餐厅挺有味道的，听说里面的摆设都是老板从印尼买回来的。我们10个人消费了900多元，菜的味道不错，以粤菜为主，只是分量比较少，最后还是使劲吃饭填饱肚子：p,1,1,0.8073616697039361
第二次入住，酒店的花园比1月份来时漂亮多了，到处春意盎然。散步期间，鸟语花香，沁心醉人。上午在酒店小溪钓了半天的鱼，收获颇丰；下午去高尔夫训练场练了半天的球，腰酸背疼；晚间享受了酒店的桑拿和足浴堂促销套餐，精神气爽……，短途休假值得去。,1,1,0.8066912896731147
算是海口市比较好的酒店了。处于市中心，购物方便。服务态度好。保险柜出问题了叫人来开，打个电话很快几个人就来搞定了。结果他们走了之后，设定密码还是弄不好，再次叫他们过来指导，也是很快就来了，没有厌烦，很好的笑脸。,1,1,0.8065353498506547
不错!就是洗澡的地方小点~~下回去还住这家~~,1,1,0.8064015939031037
经常入住京伦酒店，感觉还不错。但是3月份去的一次，安排了一个最拐角的房间有一张双人床，服务人员说要是豪华间多交钱才能给大双人床，以后去北京会考虑入住别的酒店。,0,1,0.8063541625594866
比较老的饭店，房间等设施也比较老，服务还是可以的,1,1,0.8063530528625273
我在该宾馆入住了大约有20几次了吧，主要是觉得位置不错，交通方便。觉得难以忍受的是床垫实在是太太太硬了。,1,1,0.8063158126478556
在这个酒店住过至少有四次，进行一下简单的评价：房间的面积比较大，够得上四星的标准，只是有些房间稍旧了点；房间的设施中规中矩，还行，电脑的上网速度还可以；卫生间的花瓣很欣赏，这一点相当不错；客房服务员的态度非常好，很欣赏；总体感觉较好，推荐！！！,1,1,0.804883918224784
香港马可最吸引人的地方当然是她便利的条件啦；附近的美心酒楼早茶很不错（就在文化中心里头），挺有特色的；马可的服务有一项细心体贴之处就是当我们办理退房手续后存包继续逛街，当大包小包拎着回到酒店取行李时，服务员很会心地把我们请到行李房最深处的一角，那里有宽大的桌椅，让你可以避免在酒店大堂中开箱、合并、装袋的尴尬举动，从容的把行李整理好再整洁的出门，真是一项贴心之举呀。,1,1,0.8047922177617184
未入住前，看了上面的点评还是有些不安的。入住后感觉还可以，在芜湖这个地方，说实在的能住到这样的宾馆应该说是不错了。以后去芜湖还会选择该酒店的。,1,1,0.8046265332128626
通过携程预订了该酒店，酒店的服务绝对令人满意。我们一行行李较多，服务员专门推来一行李车，帮我们把行李送到我们预定的房间。晚餐后散步时，服务员告诉我们，出大门左手方向走就是海曲公园，非常方便。第二天早上，我又去了海曲公园，里面有一很大的恐龙模型，环境不错。早餐很丰盛，值得称道。任何时候看到服务员，他们总是笑脸相迎，有回家的感觉。个人在前台订房间价格是280元，比携程要贵一点。下次去日照，我还会选择山孚。,1,1,0.8045284229705572
"我订的是主楼的房间,房间不错,酒店周边环境较好,有宽带,我住的九楼有个公共大阳台.酒店的早晨品种比较多,但是品质一般,服务员态度热情,但是业务水平有待提高:例如给我的房卡第一次开不了门,要到前台重新制卡才OK.",1,1,0.8042470104632333
房间整体感觉除了装修不够新潮外，其他还是可以的。我住的是大床房，如果房间浴室能做成玻璃的感觉应该会更好。酒店地理位置是绝佳的，我们从广州坐车到长安，下车后过个马路就是长安酒店了，超方便。酒店周围饮食店、百佳超市都有。特别推荐大家去尝一尝明红川菜，十一年前我在长安生活时就有明红川菜馆，十一年后去竟然还在！而且味道依然是那么好，菜式做得比以前也精致多了，呵呵……携程需要改善的地方是应该努力跟酒店洽谈，每个房间都应送双份早餐，一份早餐造成客人诸多不便。说实话，两人入住酒店，早餐不去吃又觉得浪费，去吃吧，另一份早餐要额外掏五十多块，倒不是说价格贵，而是觉得早餐质量不值那钱，呵呵……,1,1,0.8042306947866685
第一次入住瀛洲宾馆，感觉很好，古典园林的设计给人安静祥和的感觉。让我意想不到的是，前台还有会说韩语专门接待韩国客人的服务员。据前台小姐给我介绍很快就有韩餐要推出，而且都是请正宗的韩国厨师做的，价格也参照普通的韩国餐馆不会太贵。前台小姐还介绍说四月份要搞云贵菜美食节，云贵菜还真没机会吃过，这次没机会了，下次来的时候一定要大饱口福。,1,1,0.8037880455799278
"其我很喜大宗酒店的洲式,外和也很美,次已是第2次入住,感也是很不,服很有貌,如果上可以提供多更好,因我得那次入住是840多元,含早,次是750,不含早,其不是差太,但我比喜那次入住的房,如果可以提供不同的房就好了,有被子只有羽被,我比喜棉被,羽被太了..哈,我相信我下次也入住,",1,1,0.8032513127172329
房间很清洁，洗手间装修好。早餐非常丰盛，豆腐脑很好吃！交通很方便。隔音不够好，我们的邻居夜里1点多电视声音开的很大，投诉后酒店服务人员去与隔壁邻居协商解决了。,1,1,0.8029592862841404
环境确实不错，不过普通标间实在是不能住，被子潮得像能拧出水，豪华标间就要好很多了。前台很朴素，相对于整个山庄的占地，显得太迷你了。门童小弟还是颇为勤快的。,1,1,0.8028622682895239
"刚从无锡回来,住了该酒店二号楼328YUAN的,总体感觉如下;房间干净,配制齐全还有液镜电脑;饭菜可口且不是很贵;最值得称赞的是服务水准,老公粗心大意把手机掉了,工作人员捡后马上送回,赞了!饭店的员工几乎都是笑脸相迎,很难得,单从这点就间接提升了入住该饭店的理由!",1,1,0.8023274040031843
"再次入住海景花园大酒店仍感亲切,酒店员工热情不减,服务还是这样的到位,我入住过的威海其他几家四星酒店与它相比,服务不在一个档次上,海景花园确实不错,下次我还是会入住.我要提的意见是,酒店客房空调不太制冷,服务不能在这些地方留有瑕疵,希望得到改进.",1,1,0.8020693231202168
"又入住了，酒店总体服务还可以，前台客房的人还是很热情,只是这次的房间有点吵，大概是靠近马路吧，反正只是一个晚上就算了。入住的人明显比过年时候多了，房价也涨了，哎！",1,1,0.8018631785990352
我是五一到二王庙宾馆的，有个新发现：就是都江堰景区与二王庙景点相通的。如果你从二王庙宾馆出来向前走约50米，就可以看到都江堰的一个入门口，买门票就可以进入景区，沿着景区往下游玩的话，可以一直到都江堰的正大门，也正好是山下都江堰市区了。反过来游玩也行。所以如果想去都江堰玩景区的，住二王庙宾馆是十分的方便。而且宾馆内部环境很幽雅，绿树成林，早晨还有一种鸟叫，听起来象个男人在练嗓子一样，真是很好玩．,1,1,0.8016984699867681
饭店的前台非常服务周到、快速有效率，服务态度也好，有五星级水准！在这要表扬一下！,1,1,0.801477416914856
入住这家酒店是在很急迫的情况下，因为原先定的松赞林寺到了之后落荒而逃(庙宇路段整个在修建，而且位置很偏）我们一边在路上电话联系携程，在10分钟后到达酒店并且搞定入住，在这点上真的让我很喜欢ctrip.这家酒店的大堂并不算出彩，不过进入房间后，发现还是很令我们惊喜的。房间和卫生间都不算大，不过，因为新装修过的关系，用了很多原木做装饰，室内的灯也很有中国的特色，是很自然的那种。在卫生间里还有个温馨的提示：由于此处海拔3500米，洗澡时间不要超过20分钟。不过，后来据当地司机说，香格里拉的酒店价格是可以谈的，散客最低可以拿到280/晚。不过，总体说这里住的还是不错的，如果价格象280就真的是性价比比较高了。,1,1,0.801423817966388
客观的说，在平湖算是比较好的酒店，毕竟是挂牌三星。200多的价位，平湖像样、正规一点的，出只能是这一家了。房间设施还全，服务也蛮热情，性价比一般，毕竟是小城市，也没有过多的选择。,1,1,0.8009385940224043
"入住8号楼81118房,服务人员态度很热情周到,房间整洁,早餐比较丰富.卫生间略显陈旧.",1,1,0.8006416759637922
酒店的都很有貌，工作度，奈何酒店的施都很，整而言，境合及研。补充点评2007年8月23日：值得一提的是；有接送，客人需要的都量助，泳池深水，活室了一。,1,1,0.8001383878851315
整体感觉比较好软硬件都达到了4星标准，就是房间里有一点点的异味。,1,1,0.7991754529624595
酒店位置还可以，离江边很近。房间因为没窗，所以很热，很闷。早餐不是自助，是份饭，不好吃。,0,1,0.7990210788511054
入住后发觉设施较新，相比同等价格酒店而言，性价比高。应算4星标准。比附近的海南大厦感觉要好的多。,1,1,0.7989060281077267
300多的价格入住这家佛山历史最悠久的酒店也真是值得，起码起到缅怀历史的作用，要知道它是广东第一家具有楼顶国产旋转餐厅的酒店。推荐这家酒店吃的地道，很具佛山本地特色，不管是二楼中餐还是楼顶的旋转餐厅用早茶、午饭、晚饭都可以，价格平民化，不像一些带个旋转就一定来个套餐。如果是初次来佛山，推荐入住这里。酒店服务设施难免老化，但是还过得去吧。房间10多平米，不大；附近就是佳宁娜听说那里的房间更加小；附件游览的地方是百花广场（商业广场），祖庙,1,1,0.7980540462938188
电话预定春节初一到初四入住，标准房338元，含双早。初一晚11点到宾馆，因房间满免费升级至商务房。房间干净。离地铁站近。仅打了一次车，从西单民航大巴车站到酒店打车13元。到ikea不到一个小时。但现在酒店房价上调，如价格合适，值得选择。,1,1,0.7967461014978036
"饭店有些旧但房间干净,住高层向北房间安静,假如下次再去大同会再住.",1,1,0.7966562506342328
"市交通不便利,四周境佳,泉游泳池想像中那好,更衣室管理差,又附早餐,其他算可以.",1,1,0.7960055596644176
几乎是在凌晨才到的包头，包头也没有什么特别好的酒店，每次来了就是住在这家，所以也没有忒多的对比，感觉还行，下次还是得到这里来住,1,1,0.7959149700267543
这是我第二次入住瑞和园了，两次都是住在二楼04的房间。这次还发现房间新添置了一台联想电脑，非常体贴周到！400元一晚的价钱，还OK吧，对于背包客确实有点儿贵了，可对于那些希望静静休假，不被任何繁琐干扰的朋友们，我觉得是值得推荐的！来到丽江，住在瑞和园，每天都只呆在客栈看书喝茶已经值回票价了！下次再游古城，不用带电脑了，我想我还会继续选择瑞和园！,1,1,0.7957785382189725
一半的时间在酒店度过的工作性质，比较挑剔的性格：服务好！,1,1,0.7955734666749458
一般，就是宾馆设计比较有特色，但是服务实在一般。,0,1,0.7953238058145108
黄金周前的房价还行的，作为一个县城的酒店，硬件设施应该算是相当不错了。由于同学的老人管帐，看了房间后与同学耳语太贵，当得知交的钱是押金后，立马对房间设施赞不绝口！呵呵！停车场车位充足，一楼中餐厅价格很便宜，味道尚可，就是量少点儿。在安吉这种地方，这样的标准相当不错了，就是价格还应该再降15％左右就更具性价比了！,1,1,0.7952497345566447
环境很好；房间一般，刚进去有点霉味；住1号楼底层，很安静；洗澡喷淋水量非常大；从宾馆去金山寺可以从金山寺的一泉路后门进去，就在宾馆门口不远。,1,1,0.7949008735008092
刚过元旦，我就住进如家红照壁店，标准间不行，没有窗户。商务大床房挺不错的。装修简洁、房间舒适、被褥干净床垫柔软。洗手间用品齐全。服务态度也不错。作为休闲之所就算挺好的了。从酒店出来到商业街、小吃街、侯祠等景区，步行都不远。只是酒店提供的洗脸毛巾看上去颜色很没有个性，好像脏兮兮的。还有，在旅游淡季来说，189元/天在同类酒店中价格不便宜。房价应该弹性才对。,1,1,0.794652496342208
酒店还好吧，就是一楼的中餐馆上菜速度暴慢。房间里面有电脑，比较方便一些。,1,1,0.794442711521765
"很好的酒店,很规范植得一住.餐厅一般不应该的,不知道为什么.宾馆反馈2008年4月17日：餐厅现已重新装修，用餐环境较以前要好的多。谢谢您的宝贵意见！",1,1,0.7944343833644256
酒店位置离虹桥机场很近.硬件也好.自租餐服务尚待提高.,1,1,0.7935377387561996
还是茂名最好的酒店。现在拆了浴盆，帘子长度不够，水溅出来很多，地面很滑。,1,1,0.7935033817018449
很好的酒店，就是不知道为什么一直在涨价，价格越来越离谱，在常州属于极贵的酒店了。是不是携程和香格里拉的关系不够铁呢？希望价格能更合情理一些。,1,1,0.7932827736655361
房间很整洁，尤其是床上的哪个靠枕是我以前所住过宾馆没有的，红色的很喜庆。虽然是在当地比较繁华的地区（对面就是欧尚，旁边都是饮食店），但是没有车马喧（我选的是9041）。唯一有两点不好，一点需要服务人员的时候要等较长时间，二是房间的隔音不是很理想。总的来说，值得一住。,1,1,0.7925086985514335
"五一节去的，住的是家庭房，别的倒还可以，不过不知道为什么房间里蚊子特别多，全家被蚊子咬的伤痕累累，亲手消灭了3只蚊子，然后仔细察看了一下墙壁和家具，有好多陈年的血迹，估计是前几批住客消灭蚊子后留下的。在杭州户外两天都没有被蚊子咬，在这家宾馆一晚上咬得倒是挺多的。补充点评2008年5月22日：总体来说去了两次杭州都是住这家宾馆的，感觉挺好的，第二次入住，还因为是老顾客送了一份水果，感觉很温馨。谢谢了！宾馆反馈2008年5月22日：尊敬的宾客,感谢您的点评.非常抱歉,近期酒店已安排专业的杀虫公司进行灭蝇防蚊工作,房务中心也准备了灭蚊片供客人使用,希望在您下次入住时能有更好的环境.期待着您的再次光临!",1,1,0.7922143573774569
服务态度基本可以，就是房间内蚊子比较多，而且被子比较薄，晚上睡觉有点冷！,1,1,0.7920430135462176
酒店设施较一般，但被单毛巾洁白干净，服务热情。可能酒店系早年建设，地下车库没有直达大堂通道，不甚方便。饭菜很对嗜辣者，如能兼顾南来北往客，增加一些非辣的菜肴更好。另希望通过服务技能。,1,1,0.7913949162067025
虽然周围环境差了一些，但是酒店大堂气派，房间宽敞，设备新，服务到位，总体来说在酒店内确实是五星的标准，考虑到周边环境，携程应当在费用上再争取一下。补充点评2006年8月7日：由于是通过携程定的房间，所以宽带免费，但是没人提醒，所以用手机上网卡磨了半天，这一点比较郁闷。,1,1,0.791251868789888
当天入住该酒店，酒店的服务非常好。当我们晚上坐的士到酒店的时候，行李员热情地奔跑过来帮助我们搬行李。前台的工作人员迅速地为我们办理了入住手续，还给了许多温馨提示，关于天气、交通、用餐等等一系列简短精僻的内容。其实，我们住店是为了“偷偷”拍婚纱照的。由于没有和酒店方面提前沟通，第二天早上，已经预约好的婚纱公司工作人员到了酒店，我们在大堂准备拍婚纱的时候，保安上来给我们来了一段“插曲”。不过，很快，不到3分钟，就同意了我们继续拍照。对于酒店这样的处理态度，我很满意，之前我们也有不对的地方，预先没有和酒店方沟通好就匆匆决定在酒店公共场所拍婚纱照，把我们的幸福全在酒店其它客人众目睽瞪下“暴光”。呵呵！还差点引来“交通堵塞”呢！感谢环球城，感谢环球城的工作人员！,1,1,0.7909272182063938
当时由于原先预定的标准间没有房间，酒店人员免费将2个房间全部升级到行政间，前台服务人员态度非常好，对了我强烈推荐大家去顶楼的旋转自助餐厅，那里的环境很灵的。,1,1,0.7903930523937662
"总体服务不错,就是房间隔音太差,走廊里的声音就像是在房间里一样,早餐也还可以",1,1,0.7901309861948504
香港万豪充满了香港特色，寸土寸金，所以房间很小，但却很精致，体贴细致的服务，让人处处感受到香港人的素质和效率，优点就如前面所有点评一样，不再赘述，唯有一点点小的缺点，望万豪可以改进，作为五星级酒店，以往可能欧美的商务客人居多，所以1、酒店用品标识全为英文，2、餐饮方面中菜太少，口味不正，随着近年内地游客增多，万豪会有越来越多的内地客人，希望能够在以上两个方面多为内地客人考虑，做些改进。,1,1,0.7895533933290451
"这是帮朋友订的,朋友反应很不错.但要注意,这附近在修路.车不容易开进来,需绕道.",1,1,0.7895315401909753
如果按3星级的标准，绝对比北京的3星要货真价实的多，性价比很高。开始我以为198元也只能住个学校招待所的标准，但没想到的是环境还是很好的，朋友也都很满意。早点北方人会觉得一般，卫生还是很好的，我住的屋子空调是有些声音的，就像排风扇。洗浴的开关是相反的！总之这次旅行住的还是很舒服的！结算时应该比以前快了，说明他们是有进步的，鼓励一下吧！希望他们保持住并给我们更多的优惠和服务，我们会经常光顾的！,1,1,0.7895284972395106
帮客户订的，一开始还非常担心，因为地段不是很好，不过最终还是比较满意的，没有什么特别不好的地方，下次还是不追求特价房了，换莫泰好点的地段和房间。,0,1,0.7893061443844825
不错。交通十分方便，房间较宽敞，特别是卫生间，中心房没窗户，但并没有明显的不通气的感觉。我住的那天有许多貌似中东来的客人，不知平时是否也是这样。,1,1,0.7892294645907335
2007年7月17日，我们一行共10人入住了美丽的亚龙湾环球城大酒店，来三亚之前联系了酒店的“非洲王子”，并要求他为我们安排了游泳比赛、蓝球比赛、卡拉OK比赛和享用了“非洲热辣风情自助烤全牛+海鲜”。在他精心的安排下，一切行程非常完美，就是时间太仓促了点。谢谢酒店员工们的热情服务！这次我的同事们也都很满意，大部分人都没有享受过这样的酒店，下次有机会还是要住这家酒店的。,1,1,0.7889985566693731
总体还可以，交通购物比较方便，设备在宜宾算是还可以了。早餐实在太差，去了3次，每次1周。。。去到第二次也就不能在那吃了。。。每天都一样，品种还那么少。。。恩，晚餐的套餐也就1种。。。,1,1,0.7883971277793161
"可能是建的时间比较早吧,感觉内部不是很突出了.",1,1,0.7877143446789207
房间比较小，但非常温馨，设施全面，房间上网需要收费，但在楼道里有免费上网电脑。,1,1,0.7871226559767147
我感觉还可以啊。有些小细节比较体贴：桌子上放着文具筒；到二楼早餐，路比较绕，但是有个服务员会不厌其烦的带你到楼梯口。大堂服务不好，尤其是有个男前台，没次说话都跟家里失火似的急。晚上一定要记得拔电话线，骚扰电话很多，男人都容易冲动，冲动后就会很后悔了。,1,1,0.7871011109808174
第二次入住，在上海的首选。虽然没啥名气，但软硬件设施非常好。大床太舒服了。住在里面，白天不像上班，晚上不想去夜店。只想在床上赖着。严重推荐,1,1,0.7867956397759214
个人感觉性价比不是很高，与房价相比，服务的质量显然不到位。离店时开发票，服务员竟告知用完了。不适合商旅出行，居家旅游倒是还可以，可以做饭、烫衣服，还有洗衣机，酒店挺干净，设施也比较齐全。,1,1,0.7861845370860647
各项服务非常周到，前台人员热情，楼层服务人员周到细致，房间送餐服务快捷味美！,1,1,0.7856529638066482
"听说是柳州最好的饭店了,原来是市政府的招待所.靠近一条河,景观不错.出行交通也还可以.房间没有留下什么特别深的印象,但是觉得底楼中餐厅的服务员态度特别好,勤快,亲切,吃顿饭送了好几次热毛巾.",1,1,0.7855026494589306
"该酒店位于新宁广场旁,交通购物都很方便.房间干净整洁.酒店的服务比其他大城市的四星酒店要差一些.首先我入住时在13:30左右服务台只有1位服务员忙的不亦乐乎,等了10分种左右才入住.房间的迷你吧台空空,四星酒店应有免费瓶装水.希望酒店加强服务.",1,1,0.7854546395611025
早餐不太理想，都看到小苍蝇叮在食物上，真不敢想象。其他还可以。,1,1,0.7847767959692816
酒店位置不错！服务可以！只是楼下是酒家，油烟味太重！晚上夜宵人声稍大!,1,1,0.7845616464366723
这次去是在香港挂黑色暴雨警报那天，本想取消的，但是之前给携程打电话想取消，携程和酒店沟通后说是不可以，只好冒雨前去。结果去了才知道，原来我们活动的区域没雨。去时跟酒店前台说要层数高的，结果安排了27楼，很担心是民居中间，结果很满意，可以看到很远的地方，是个行政套房。卫生间真的是没让我出乎意料的小，但是干净整洁。交通相当方便，离地铁站很近，关键要摸清小路的走法。对酒店整体感觉满意，下次去还会考虑再次入住。但是在后面的确认阶段携程的效率太低下，从定单状态错误投诉到最终确认，已经过去了2个星期。,1,1,0.7844849772131901
"环境不错,装修也挺新，但房间小了点，洗浴间与睡房之间是用工艺玻璃相隔的，人在里面洗澡，在睡房能若隐若现地看见。如果是情侣，那是相当的性感，看着情人若稳若现的裸体呼之欲出，极容易遐想连翩，继而鼻血横流，继而破门而入，继而……。但夫妻与子女同行，若三四岁以下还好，大了，就相当尴尬。唯有把孩子抓进被窝里讲地下党如何埋伏斗争的革命故事。",1,1,0.78405089617838
房间干净，但加床后无法动弹，设施有二星水平，在山上算不错了。房间只配二件羽绒服，加床小孩必须挨冻能力极强，前台无法商量，260元/天只是加床费用，不含羽绒服。餐厅绝对是五星的价格，二星的服务。,0,1,0.7836804703881433
我们定的是豪华大床房，房间很漂亮也很干净，就是卫生间一洗澡就水漫金山。第一天去在修管道没热水，空调还米力气。不过第二天都好了，算偶倒霉。不过这个酒店离西湖不远，周围超级热闹，服饰街就在附近。,1,1,0.7831155801514343
"5.12地震当天上午入住，喜来登得当的应急措施和诚恳的服务让我们感动！特别是前厅部的丁经理，能真正急客户所急提供帮助！！再次表示衷心感谢！宾馆反馈2008年7月24日：感谢您的点评,我们期待您下次的光临,并为您提供优质的服务.",1,1,0.7828728441612128
"酒店前面就是温泉公园,环境还算ok.我下午3点左右到酒店,在前台等check-in时等了十多分钟才有服务员替我办手续.不过,退房时就很快.房间也算整洁,但洗手间的毛巾有一点点油烟味似的.自助早餐只是一般.最喜欢的是晚上大堂有人弹钢琴,很好听.",1,1,0.7820487070551079
"酒店的整体感觉一般,但是前台的小姐和先生很热情.但是酒店的餐厅只接受现金,很不方便.希望能把帐转入房间号中.",1,1,0.7818273691151318
前台说话比较生硬，门童服务意识很好，跑大街上去帮着打出租车。硬件都很好，不愧曾经是国际连锁集团的酒店。,1,1,0.7808164162474583
1.房间非常棒，床特别舒服2.酒店周边环境比较差3.价格有竞争力,1,1,0.7792014984096657
按照我朋友的话说，就是这家酒店有着破烂的外表，却是内里奢华的装修。服务绝对的好，从一下车，到进房间，再到退房，都有非常专业的服务生在接待。帮我拿行李，送到房间，开空调，开灯，泡茶。。。。。。而且坚持不收小费！我住的是特色大房，很好，以后去福州一定还来住这个。很舒服，很宽敞，免费3小时国内长途，电脑免费上网，而且游戏齐全，速度很快。,1,1,0.7791877914374634
"我感觉在亚龙湾这个酒店还是不错的,性价比非常高,但我定的房间宽带需另外付费.餐厅的菜真是太贵了.没有办法整个亚龙湾都是这样,真的希望在附近能有些实惠的餐馆.",1,1,0.7791338553726201
住了几次了，价格倒还可以接受，不过在这里觉得再低些可能会更有竞争力。不过，令人惊奇的是：3天内在房间里打死了2只蟑螂！,1,1,0.7790256515053898
酒店周围倒是很安静，偶尔还有出租车停近院子。酒店比较旧。早餐很早就结束了，好像9点吧，感觉每天都要赶时间去吃早餐。,0,1,0.7788538451356459
房间不错，早餐也不错，就是上网不方便，自己设置了半天都不能上，叫服务员来看看，她只给了张IP地址的信息，还是上不了，折腾半天结果发现酒店把我房间里的网络线接错了，所以我才上不了！酒店在城东区，距离新长途站挺近，但是离市区尤其是火车站比较远――不过济源这地方火车也少！补充点评2007年6月14日：一进门就看到了那本“臭名昭著”的人体艺术，还好，密封封装得好好的……,1,1,0.7779167828570065
酒店大堂环境不错358的房价还是物有所值，办理入住很快很顺利，让我心情级差的是前台结帐时服务员的傲慢和冷漠态度让人不敢恭维！可能这位小姐心情不是很好对我即是叹气又不耐烦，可是在与老外交谈时态度可以同5星饭店比较一下了。不过这位小姐的形象想进5星还是有点难度哦。,1,1,0.7777160962874341
"我一直住这个酒店，很好！尤其他们对老客人的态度，值得表扬！宾馆反馈2008年8月15日：尊敬的曹先生,感谢您的点评.我们将继续努力,为每位入住的宾客提供优质的服务.期待着您的再次光临!",1,1,0.777701405904743
总体来说还可以就是房间隔音效果差了点晚上休息的时候走廊有人经过都能听的清楚的很而且整晚走廊都有人经过,1,1,0.7767358090786172
虽然是四星级的酒店，但是房间内部装修比一般宾馆还差，但服务员的服务还是不错。宾馆反馈2008年7月10日：赵王宾馆有普通间、标准间、商务间、套间等多种房型，目前，大部分普通间已经完成升级改造，携程客户预订普通间享受免费升级到新改造房型的优惠。,0,1,0.7764016882343266
刚刚经历了在丽江丽王酒店的痛苦经历，来到这里我被酒店的服务感动了，这才是真正的酒店，我觉得像回到家里一样。唯一的缺点是租车太贵了。,1,1,0.7760291279428063
"还是一个多月前住的了.印象很深刻.酒店外表看起来是很不错.里面还算一般了.给我印象深刻的是我第2天屁股就开始痒.害我赶快去看了医生.还好.没什么问题.可能是被子没洗干净.上面有细菌.肯定没消毒.被子不可能没换吧???建议大家以后还是住贵点的.不要贪便宜.也就一两百快的事情.象后来咱们去东莞住的海悦就非常好.500多一晚上.房间大.很新.环境也很好.服务员态度也很好。总之什么都很好.很满意.很值.相信深圳的海悦也不会差.我现在都不敢住3星4星的啦.哎,不放心啦.",0,1,0.7750995401337163
"前台服务不错,询问旅游事宜都详细解答.早餐不值三星级,房间暖气不够.",1,1,0.7745721689137808
我是开会带住宿的，住的商务房，新装修的，还可观赏滨河大道的夜景，挺舒服！另外会议室也有好几个，选择还是蛮多的！,1,1,0.774041711332159
"普遍都感到满意,只是房内浴室有点漏水及水龙头水力不足roomno.2105",1,1,0.7735610973476478
酒店环境还可以，特别是一对白虎很吸引人，但房间一般，价格偏高，达不到五星的标准，而且吃饭特贵，周边没有任何配套设施，有点“宰人”的嫌疑。,1,1,0.773280831408954
"没有想到,这是一间超水准的3星级酒店.很喜欢它的木板地面,不像地毯,没有异味.而且房间相当干净,也没有什么卫生死角.服务态度也很好,大堂很舒适.地点真的没有话说了,超级方便,去哪里都行.总的来说很超值.就是卫生间的排水好像差了一点,但是很多酒店都这样的.",1,1,0.7728965825662178
价格实惠，基本还可以宾馆反馈2008年4月17日：希望下次再入住本酒店。,1,1,0.7727569904776828
离火车站、长途汽车站很近，打车起价就到（五分钟内），楼下有24小时营业的麦当劳（点餐可免费送至房间），出大门往左便是平原商场，其对面是影剧院。,1,1,0.7723151540342887
酒店地理位,1,1,0.7722340021434886
节日期间房价800多，贵了不少，宾馆地方很偏僻，要不是自己开车，我是不敢天黑以后到这里来住的，不过酒店服务相当不错，自助餐较丰盛，午餐98元／位。,1,1,0.7720141869448693
很好的一间酒店！中式花园设计景观优美；房间刚作翻新，没有残旧的感觉，一赞。服务员态度良好，乐于帮助客人解决问题及安排行程，再赞！有单程免费接送，客人抵达张家界时无须操心交通，三赞！但要注意，那个多次进出森林公园的通行证，只适用于黄石寨入口；另外酒店的位置离城区较远，打车不容易啊！,1,1,0.7717186245680389
"房间的装修还可以,早餐一般.位置离火车站也就一个出租车起步价.大堂看着很气派.",1,1,0.771449715912988
"不的商酒店,地及交通都挺合短期出差的房也敞,值得推",1,1,0.7713189880881035
"环境还算可以,但收费的网络居然还不行,速度不但慢,且收费高",1,1,0.770786203084521
我是在正月住过的，感觉装修不错，但是服务一般！感觉服务员服务很是没有培训好！早点吃的也不是很舒服，吃的东西不是冷的就是半热！现在去太仓在看他们房间价格比过年的时候贵２倍，太仓宾馆的房价太高！,0,1,0.7693355373364054
这个酒店是我们不少同事出差上海的首选，非常不错。,1,1,0.7688429037976909
酒店本身是没得说，就是每次CHECKIN都需要等至少30分钟以上，总是－被告知“正在清理”，不过因为酒店位置方便客人出入的关系，多数是会订这家酒店的。,1,1,0.7687236197012022
刚去乌鲁木齐出差回来，通过携程预定的这里。第一次去乌鲁木齐市，全新的体验。个人认为这家酒店的确不错，给自己预定的是高级商务单人房，老板和老板的朋友的房间是豪华景观大床房。老板是个相当挑剔的人，但这次他居然对酒店相当满意，不容易啊。尤其值得提一下的是酒店的网络，速度不错，用起来还算是相当方便。第一次入住的时候酒店忘记赠送果盘了，后来也没有补，这点有点郁闷。第二次再入住的时候，酒店搞错了我的订单，少定了一间房。但酒店立刻就免费将我预定的所有房间升级了一个标准，同时赠送了果盘。对于房间本身，我一点意见都没有，干净，大气，整洁，漂亮。但是酒店晚上的按摩电话实在非常讨厌，多次和总台抗议之后都无效。而且电话时间分布极为散落，有早晨2点打进来的，也有5点多的。这样一间酒店总是有这样的电话实在很不合适。另外有点郁闷的是我的房间好冷啊，虽然因为降温后来中央空调有暖风了，但是房间里还是很冷，最后我居然盖了三床被子。不过一墙之隔的老板房间就全然没有类似问题，真的很奇怪。综合而言，下次再去乌鲁木齐的话，我还会选择这里，的确很不错。宾馆反馈2008年4月21日：尊敬的客人，非常感谢您入住我们酒店。在接到您的投诉后，酒店高度重视，并对此事进行了彻查，相信您下次入住不会再有此类事情发生。另外，关于您入住房间温度问题，由于乌鲁木齐天气突变，温度骤降，暖风因启动压力不够没有及时送达，您入住的房间是两面落地窗，光线视觉好，但保温效果会相对差些。现暖风已全面送达，酒店每间客房温度都在22度以上。由此给您带来的不便我们致以诚挚歉意，期待您的再次光临。,1,1,0.7679376868356785
很好的四星级酒店，价格便宜，值得再住。房间热气足，只是标房的卫生间小了点，但也够用了。,1,1,0.7675666894114915
酒店就是离市区太远。离新国际展会也不近。我的客人还算满意。,1,1,0.7672916033185916
酒店总体来说还不错，行政套房比较宽敞明亮，面向大海，房间设施也很新，虽然距离海边肯定不止100米，但也不算太远，步行五六分钟吧，总之硬件不错。服务感觉稍差，尤其是前台，我是要两张大床的套房，出行前打了几次电话确认，都说没问题，可到了房间发现只有一张床，因为我们要住四个人，与前台协商告之所有房间全满了，连标间都没有了，可据我在大堂、餐厅及水疗会所的观察入住率肯定到不了100%，连续三天都去了水疗每次也就两三个人，没办法最后加了两张床，很不舒服。门童不错，开门、拿行李、记出租车牌号。楼层服务员稍差，第二天下午两点回来还没打扫房间。自助餐厅有些贵，88元/人，可吃的东西不多，不过当天三文鱼不限量，但个人感觉还是不值。游泳池水太凉，根本下不去，老公平时游泳都要游2000米，在这儿连50米都没游到就给冻上来了，我怀疑酒店到底想不想让人来游。总之硬件够4星，软件也就3星吧。,1,1,0.767250507348258
这也能叫四星酒店？不值。只是地理位置还算方便吧。,1,1,0.7666727667509552
"位置非常接近浦展;然是二面路,但相,不有太多。服素一般,只是早餐相差,只有:吃或不吃",1,1,0.7660654553721781
宾馆的周边环境比较好，只是隔墙有个大型公交停车场，有点吵。可能这宾馆有很多长租的客人，很多房间的门上都粘了纸信箱，感觉有点怪怪的。房间的装修很旧，没有连锁宾馆的干净。卫生间洗澡房地上的去水堵的很严重。总的来说对这宾馆的印象不太好。,0,1,0.7636400985443442
由于公司就在旁边，这是我在香港住的最多的酒店，总体感觉非常的好，无论是硬件还是软件都无可挑剔，房间看出去一半是山一半是海，美不胜收。,1,1,0.7628433441660835
前台入住手续办理顺利，非常感谢，虽然客人不会中文，英文尚欠，早饭丰富。,1,1,0.7623809591122757
宽带基本等于没有什么网页都打不开房间还是很好很温馨的,1,1,0.7621313388131179
很新的也很好的，拥有豪华的设备设施，气派非凡，住着舒服，完全的超５星的！！,1,1,0.7613455058905569
"从北京开车过去还算方便，比较好找。车可以停在大门外也挺放心房间装修一般，三星标准应该是有的。毛巾都很新很干净，这点特别让人舒服。因为是临街，同伴说晚上听见噪音，我倒是一点没听见，睡得挺好。也没有骚扰电话之类的打搅。BTW,马路斜对面有一家东方削面馆，好吃！哈哈！",1,1,0.761332225948814
服切，所有服人到客人都打招呼，房置高雅。酒店在道旁，出入方便，但啥地方逛街，後面有菜市及夜市商，人出差非常合。入住天是冬至夜，我去小超市了一包，回到酒店大堂理助我吩咐房煮我吃，不到半小就送了，很切的服，下次到安！！,1,1,0.7610525452919393
环境还算可以，可能是当地饮食文化跟东莞有不同的原固，中餐分为二层，一层饮茶，一层食饭，本人想食饭的，但去错饮茶楼层，而且开了茶位，（每一种茶收十元）后来转去食饭楼层时也要把那饮茶楼层的茶位费一起结算，但我在食饭时也开了茶位啊？他们说是分开核算的，这就等于我重复交茶位费了，真气人！,0,1,0.7608460353249272
喜来登饭店确实不错，是标准的五星级饭店。由于工作原因，我经常要晚上22点入住酒店。喜来登接受客户的信用卡担保，保留房间。非常好！喜来登的位置不错，就在天府广场的北侧，绝对的市中心。旁边有个体育场。周边的购物场所较少，必须去人民广场，或者春熙路购物街。住喜来登，可以在市区转转，看看成都的景色。如果想方便出城，那么还是住南二环的凯宾斯基好了，那里靠近机场高速。喜来登是Starwood成员，可以积累分数。早餐也非常好吃。房间的环境、设备都非常好。服务态度非常好。我以后还会选择喜来登。入住喜来登之前的一天，我住在锦江宾馆。锦江宾馆的官僚风气太严重了。我列举一下锦江饭店的问题：1、不接受信用卡担保。这完全不符合五星级标准，更不符合国际标准。如果客人22点入住，怎么办？2、早餐9点30分就结束了。一般的饭店都是10点结束。3、服务员的态度差劲，好像国营企业的服务员。4、网速太慢了。我实在想不明白：为什么锦江宾馆不接受信用卡担保。这严重影响了客人的利益。建议大家抵制锦江宾馆这种不负责人的饭店。,1,1,0.7592807425679343
优点：房间条件简洁、气氛温馨，住宿环境比较安静，价格比较合理，服务态度好；不足：窗户几乎与后面的房顶等高，加上没有防盗窗（网），安全感不高。,1,1,0.758649965020317
酒店人员的服务相当好，几乎是有求必应，在得知我们飞机晚点后，一直派专人守在门口。由于给到我们的房间与我们的要求有出入，酒店人员立即想办法帮我们解决，听说是他们的财务经理把房间让给了我们，让我们很感动，房间的价钱贵了点，但物有所值，下次去九寨沟还住喜来登。这次汶川地震应该没有影响到他们吧，祝一切平安！,1,1,0.7584850807470098
房间感觉还可以，但是洗漱用的毛巾浴巾质量不好，感觉没有洗干净，房间隔音效果不好,0,1,0.7581100253405944
"酒店离火车站不远,打的只要8元。就在金山寺边上，人工湖还和风景区相通，可惜没找到入口，否则省了50元门票，岂不快哉！宾馆环境优美，大堂和5星级有得一拼，到那边中午12点就能入住了。248元的房价，房间在5楼，窗外绿树环绕。设施陈旧了点，也还干净。电视机太差，凤凰台看不清。晚饭在餐厅解决的，味道不错，价格公道，服务员态度很好。第二天早上自助餐品种十几样，特色锅盖面（酱油汤面）现场制作。鸡蛋在7:40分就说没有了，但是服务员还从厨房偷偷拿出来自己吃，领班随便在自助区泡豆浆喝。拜托，当客人真空啊。有待完善之处，总体上感觉值得推荐。",1,1,0.7568960152053865
到三亚休息两天，是我临时做的决定。当时由于勿忙，利用小休的时间入飞来三亚，前两天在三亚湾住。最后一天，入住了环球城酒店，感觉这座酒店的环境非常不错。由于匆忙，连相机都没来得及带。和女友一起，在海滩上休息玩耍时，看到美丽的亚龙湾景色，当时又正愁没有相机合影的苦恼时，发觉有酒店的一名工作人员到海边来拍外景。于是我们请求他帮我们拍了好几张合影。他还主动让我们留下了E-mail。没想到前天我们回到沈阳的时候，打开邮箱一看，照片居然给我发过来了。感觉环球城酒店这样的人性化服务，谢谢！,1,1,0.7562974566620425
我订的是豪华单人房，其实也就是普通标房的水准。其他都还好，但是我那天住的房间有非常非常重的霉味，由于是深夜入住，也没有别的选择只好将就了，但以后绝对不会接受。交通便利，适合想我这样路过办事的旅客。但是到风景区还有点远，到度假村会有更好的选择。,1,1,0.7554954204444878
瑞吉红塔是公司几个老客户的首选，房间设施是附近几家五星里最好的，办公家具非常舒服，卫生间装修布置也很讲究。,1,1,0.755039485230962
贵宾楼标间装修不错，能达到三星级标准。服务也很好，晚上很安静。就是在住了两晚后第三天结账的时候网络不通，不能用信用卡，当时很是郁闷，由于没有带太多现金，还去银行去取钱来交房费。宾馆反馈2008年7月30日：尊敬的客户：您好！感谢您对金城大酒店的支持!酒店的网络不通给您带来的不便，我们向您表示歉意！有关问题已向相关部门反映！欢迎您再次入住我酒店！,1,1,0.7549379709583356
很超值的酒店，对得起这个价格，但是上网步骤比较麻烦，网速一般。,1,1,0.754923873823409
"整体环境不错,离市区较远，出租车到火车站15快。我住南楼，298的价位跟房间环境比算贵。结账遇到很大麻烦，先说我用了付费饮料及食品。后来又说浴袍没了。通常大家住店都不会检查其是否存在。尤其是在四星酒店。",1,1,0.7544074770034755
自称4星，实际上顶多2星。贵宾楼比较好，房内还挺干净。,0,1,0.7543856880812999
我们入住那天，整个世德堂只有我们一家客人，夜晚红灯笼下的美景、安静的宅子，实在让人难忘。如果打算在同里住一晚的话，这地方是最好的推荐！闹中取静，美不胜收。,1,1,0.7542352669533562
贵了点。20字20字20字20字20字20字20字20字,1,1,0.7540359543917909
酒店的整体服务意识相当好，从办理登记入住、用餐、退房等方面都是五星级的服务。入住当晚我们想外出品尝当地特色菜，随意咨询到酒店前台员工，他们主动给我们介绍，最后还利用下班时间陪同我们外出，给我们特别深刻的印象，以后出差，我还会选择富盈酒店。,1,1,0.7536080644069514
不错的旧点我很喜欢。就是门口太不好了，这次去就住了1个晚上就去太原了，因为这里的飞机实在是少的可怜。没办法。一个人去的又不好玩就走了，但是有机会去的话我还是会住这里的，这里很让我舒服和满意。是我不能够忘记的地方,1,1,0.7531250217244959
感觉马马虎虎。1、前台服务不错，听说我们要7:00出发赶7:50的飞机，主动提出6:30给我们准备好早餐（正常时间是7:0开始）。2、门童服务不好，俩人就知道躲在门内取暖、聊天，不主动询问客人的需要，酒店打车不方便，门童叫车半天也不来。3、价格还可以在实惠一些，特别是象现在这样的淡季，不应该这么高。,1,1,0.7525426737485604
"石家庄最好的酒店,服务是非常不错的.硬件由于这个城市的原因,所以也没有办法挑什么,但是非常可惜,这个可是在省会的城市啊...省会的城市不应该这样吧,4星里面不如BESTWESTERN旗下的....",1,1,0.7524462101695334
"在上海光大这个地区,如家的价格还是非常好的!它的对门以前是一个老的国营旅馆(名称叫酒店,其实也就是旅馆)服务实在恶心:你想长住,不仅不优惠,在房间紧张的时候还哄你走人.宾馆反馈2008年4月30日：尊敬的宾客：您好！感谢您对如家光大店的支持与认可，如家的理念就是“温馨如家，洁净似月”，我们会继续努力，为您提供更优质服务。期待您的下次光临并多提宝贵意见谢谢！",1,1,0.7521869015108922
一流的环境，在当地来说没有别的选择了，85分吧。,1,1,0.7514643859255767
应该算是阳朔最好的酒店了，在西街头上，距离汽车站又近，地段没的说了。而且要过一个桥在到酒店里面，闹重取静，也是一大亮点。不过阳朔毕竟是小地方，酒店房间设施应该达不到四星级的标准。,1,1,0.7510732424442181
一般情况吧!这个价位的能有这样的硬件条件也算不错了!适合情人约会不想花大钱的!,1,1,0.7509096527640833
虽然该酒店确实是当地（大角湾）最好的酒店，设施应该算刚刚达到四星标准了，但是服务就有点名不符实了，顶多达到三星（主要是指有些服务无法提供，能提供的服务倒是不错）。而最不满意的是靠沙滩为卖点的酒店，竟然无法直接进入沙滩，使我们对酒店的印象大打折扣。,1,1,0.7504873455181181
套房面积挺大。最吃惊的是案头上放了文房四宝，差点动了留下到此一游的墨宝的念头，最后还是罢了。床很大，但被单不是太舒服。景观餐厅东西太贵，强烈不推荐。住房客人素质不高，感觉到了乡镇企业家聚会场。下次还是选择4星的吧。,0,1,0.7497489081606704
酒店内部装修，房间不错。不过其他的配套服务略差，没有收费的机场接送车，只能帮忙定出租，大门不在马路上，打车不方便,1,1,0.7492773880020536
总体来说，价格公道，服务和设施都不错，出差商住比较理想，干净、清静、方便、舒适。但是也有不尽如人意的地方，例如我进入房间后发现，装修的榔头和木板竟然还在地上，不过及时更换了房间。下去吃饭，竟然一个位置都没有，不是住店客人太多，而是大厅和包房全让结婚包场的和请客吃饭的占了。试问：一个5星酒店，怎么说也要为住店客人留个大厅用餐吧，不能对着每个客人说：先生，麻烦您去我们西餐厅或是日餐厅吧？,1,1,0.74926791029754
"标准间很挤,房较小,宽带上网需要收每天15元,不象个5星级酒店,外部环境还可以,是庭院风格的,是唯一的亮点,餐费很贵.我看最多象个准4星的酒店",1,1,0.7492111717468635
房间设施还可以，但酒店内非常的冷，冬天不推荐入住。,0,1,0.7490077624366751
酒店设备，环境都还可以，就是早餐不怎么样。而且晚上有不明电话。女士接起来以后说是要不要足底按摩。希望可以改进。,1,1,0.7489357256103218
看了介绍，带老婆孩子去了，其实是一种尝试，想看看究竟是否真的还好。优点：1，前台的动作很迅速，对于入住和结帐都是非常的周到、迅速。2，门童、保安都很热情。我们要出去，叫车的时候居然司机说不认识。还好有个非常负责的门童，就在那里一个一个司机问，直到有一个司机愿意送我们去为止，让老婆感觉很感动。3，房间很好，而且客房服务很到位。我们是带了个5岁的女儿，他们看见了，就把我们的所有的洗漱用品等都增加到3份。虽然不一定值钱，但是女儿很开心，用她的话说：“这是给我用的东西。”4，房间的隔音不错，床的软硬适中。女儿晚上10点多睡觉，居然一直睡到了隔天的上午11点，以至于我担心结帐的时间都不够。缺点虽然有，但是不是大的，而且提出了以后都及时改进，让人很开心。进酒店还有为携程客户专门提供的饮料、水果，让孩子很开心。以后再去杭州，肯定还是住那里，很好。已经推荐几个朋友去了，希望他们也一样满意。宾馆反馈2008年8月7日：非常感谢您对我们酒店服务的肯定。酒店会不断的努力，提升酒店品质，提高服务质量。衷心期待您的再次光临！,1,1,0.7482411662033778
我和同事同时入住488元的房间，但是房型明显不同，我住的房间面积很大，但是同事住的房间和凯莱商务酒店的房间一样，感觉酒店有点糊弄人。,1,1,0.7475445859477904
挂的是三星的牌牌，但室内、用具、环境及性价比还是差太多，现在可能是哈市的旅游旺季，因为是冰雪的季节吗？房间内有股汗味让人实在受不了！,0,1,0.7472875708551492
住的经济楼，房间大到超乎预想，还有单独的棋牌室。四星的装修和设施，酒店外观也颇有气势和特色，早餐很丰富。,1,1,0.747075835580858
"标房房间挺大的,外面的环境一般.我订时要求环球好点不过外面也没什么.估计是农村,农村里就是空气好,价格有点偏高.服务员的态度是非常不错,不过餐厅的上菜速度太慢.催了好几次才上菜.地方比较偏.四星级酒店远不如其他地方的四星级的各项服务.",1,1,0.7460472235431242
酒店在闹市区，大床间不多，服务生的态度很好，见到客人都会微笑致意。房间的窗户不隔音，晚上会比较吵。,1,1,0.7456585342134601
优点：酒店周边环境比较好，湖景房窗外的风景确实挺漂亮的，服务也还算及时。缺点：外面看起来很不错，但是房间里的设施很旧，隔音效果很差，前台收银员的业务能力也非常需要培训。,1,1,0.7455447812194554
因为见客户的需要，只住了一次，因为以前都是住５星的而且很新的，所以这次去感觉没那么好了．很多方面还需要改进,1,1,0.7454755371997898
大楼很漂亮。价格不便宜。其他一般。就是索菲特听起来很牛。,1,1,0.7431242267447372
经常入住的酒店，服务和设施都很理想，还会再去,1,1,0.7424218427299695
我订的是430元的大床间，房间大小和设施都不错，卫生间里仅设淋浴房很实用，是我所欣赏的。早餐也还不错，中西都能兼顾。缺点：酒店餐厅晚8点就打烊，为了催还在就餐的客人就把灯熄了一半，暗暗的让人像在酒吧里吃饭，感觉这样的服务不够四星级；酒店没有停车场，停车就在大门口那一小块豆腐干似的地方，而且对住店客人也收费，不方便驾车族；酒店给了我们两个靠近电梯间的房间，一晚上电梯上下停靠的叮当声此起彼伏，让人无法入睡。我遇到过多次酒店给携程客人安排的房间相对不理想，但愿这次不是。酒店对面以卖千张包出名的那个店家这次我因为日程紧没能去，下次一定要去尝尝。下了高速在傍晚驶过南太湖大桥，黄昏的日光和着新亮起的灯光，浸染了大桥和沿途的新城区，很漂亮。第一次去湖州虽然匆忙但留下了极好的印象，计划下次去度假，还会入住国际（希望下次电梯铃声有改进），不过在湖州消费不比上海，携程这个房价不是很有竞争力。关于近年携程的房价没有竞争力已是众口微词，携程相当于旅行社，应该可以拿到比散客好得多的价格，在这方面是否应该对众多忠实用户有所回应？,1,1,0.7420172170341887
地点还凑合，离十字路口也就一个街区。房间比较陈旧，老式，唯一的亮点就是卫浴设备。最大的不满就是在入住的3天里光我在店的时间就停电3次，令人失望。补充点评2008年3月3日：对了，酒店提供的免费送到车站的服务十分贴心，还是比较满意的。不过这个价格在椒江还是高了，后来又去了一次住的园丁商务酒店就实惠很多。,1,1,0.7419213003115289
"南楼房间还算干净,位置也还行,去景点都不远,打的起步费就够了,符合三星的标准",1,1,0.7417690180704152
"酒店的服务员服务很规范,早餐品种丰富。紧挨路边，周边环境有点吵，很早就有大卡车鸣笛。可能是住得太高的缘故(住顶楼6楼),晚上洗澡洗到一半没有热水了,过了约1分钟才慢慢来水.这在冬天是较难忍受的.",1,1,0.7406348541370408
如果下次到武夷山，我还是会选择这家酒店，很好！！！,1,1,0.7406253560031577
看了大家的好评才入住的，确实很有特色。不大的宾馆能评上五星自有它的道理。黑色是它的主色调，房间内部比较精致，窗比普同的床要低半截，但很舒服，卫生间和淋浴间的设计也巧妙，房间的房门像是一个橱柜似的，也能算是一个特点吧。早餐很精致，遗憾就是房间的窗户没同通风口。如是商务用，建议大家入住。,1,1,0.7404363634856861
1.靠公路边上的房间隔音不太好，有点吵。结帐速度较慢。2、房间设施还可以，服务做到得比较好。,1,1,0.7403896449505988
虽然酒店的设施慢慢有点旧了，但酒店前台的服务人员给人感觉很舒服，门口的服务生也很有服务意识，看我打车似乎不太顺利，就帮我叫车，因为我和的士司机都不太清楚目的地所在，又帮我问其他人我要去的目的地所在。总之感觉比原来的马可孛罗酒店好。,1,1,0.7393289221919351
环境是济南最好的。楼后的花园很漂亮。房间设施只能算是一般，不大符合省委招待所的要求。交通比较方便，出门不远就是高架桥，不过就是门口经常堵车。,1,1,0.739147401128061
西式建筑，别有风味，可以看出设计建造者非常用心的，很多细节包括装修都做到用材精良。但毕竟是99年的，有些地方已经看出了陈旧落伍，非常奇怪现在的管理者为什么这么小气地经营，譬如至少可以把电视机换得大一些，床垫似乎也太久了软塌塌的不舒服，连这一点钱都不舍得投资吗。服务人员倒是很客气，到处看的都是笑脸，而且很耐心，看得出很想把工作做到完美。但是有些习惯还都是宾馆的，完全暴露了管理者的不专业。譬如在露台茶吧喝茶时居然有大队人马涌进来参观风景（看起来是熟人带来的）。这个酒店的外部环境是非常好的，有这么好外部环境的酒店非常少，这么优美的地方，应该配上专业的团队管理，才称得上完美。,1,1,0.7387744676710185
"对于100多一点的这个价位来说,房间设施基本还可以,有点旧,卫生间不太好,洗澡的地方没有隔离,洗完澡马桶全湿了.空调电视都有,冬天有暖气片.服务还是很热情的,提供接机接站服务,行李员会主动把你的行李送到你的房间.补充点评2007年11月9日：还有一点,热水有点小啊,洗澡不是很舒服啊",1,1,0.7385323209916141
总体还可以，早餐很丰富，我一般吃过早饭连午饭都不用吃了。没有像其他人说的那些问题，不过最不能忍受的是房间的味道真的是难闻，应该是中水的味道吧，我几乎是天天开窗。,1,1,0.738084615408149
房间很陈旧，周围环境比较乱，但地理位置还好，离机场大巴上清寺站较近．早餐的品种很少，没什么可吃的．交通较便利．,1,1,0.7369149770804575
"房间一般,服务很好,卫生间有异味.被",1,1,0.7368627978173491
"31号与同事分别入住新冀和温泉岛别墅.房间还是比较大,不过细节方面有点马虎,别墅浴室的里的壁灯都东倒西歪,毛巾架摇摇欲坠,让人看着有点难过.这么漂亮的别墅,有点像绣花枕头了.而且查房速度太慢.结帐等太久.让人生气.新冀离温泉谷比较远,不提供浴袍有点奇怪.温泉区想换条干爽的毛巾是一件困难的事.不理解",1,1,0.7365765537209144
(1)房间卫生干净空间大!(2)早餐美味风富菜色多!,1,1,0.7365181817749515
有那么多朋友点评钻石公寓，不妨再讲两句。钻石新推出的“特价”双人房，其实一点也不特价。以前有国外朋友来上海，一直比较推荐钻石，他们也比较满意。但这次7月上旬的入住新推出的特价双人房，朋友反映房间比以前小多了，总体比以前的的套房差多了。订房的时候，双特价人房和套房的价格只相差几十元，但实际情况却相差很大，我认为这是钻石在忽悠客人。,0,1,0.7358365603128587
"帮家人订的,没什么好说的,香港的酒店嘛,有这样的性价比就可以了.",1,1,0.7354584478293272
九寨沟喜来登国际大酒店是五星级大酒店，价格不菲，尽管携程的价格已经便宜了许多，但是的确有点名不副实。主要有以下几点让人不是很满意：1、酒店号称在九寨沟沟口，但实际上距离沟口还有一公里半的距离。只是喜来登的广告牌确实屹立在沟口位置。2、酒店的娱乐设施比较不好，桌球、电玩、网吧聚集一室，空气不好，而且设备也少，不过，喜来登的客人也不多，可能也用不到很多的设备吧。3、酒店的自助早餐价格还是很贵的，但是品种实在是很少。4、酒店的大床间的床真的是很大，居然是双床间的两张大床拼成的，床的宽度可想而知，半夜起来要爬半天才能摸到床灯。5、这个酒店给人的感觉就是贵，价格绝对是五星级的，但是其他方面也就跟好点的四星级宾馆差不多吧。而且酒店周围是完全找不到吃饭的地方的，荒芜一片，所以，这也要减点分吧。,1,1,0.7354315776468041
距离旺角、尖沙咀等商业区非常遥远，就算是去海洋公园也很远。房价虽然在酒店里面算是比较便宜的一个档次，但是如果你要去购物逛街，所需要的车费也不便宜，要坐巴士还要转地铁，浪费很多时间。算是一个比较偏僻的地方。虽然房间环境不错，但是下次再去香港也不敢选择这个酒店，因为交通很不方便。而且酒店附近很多店都很早就关门了，晚上10点左右想买东西吃的话，都不知道可以去哪里买，只能去附近唯一一间比较晚关门的惠康超市里面买泡面吃了。,1,1,0.7349118436946868
是所住过的酒店里感觉最温馨的，的的确确是一种宾至如归的感觉，谢谢啦！,1,1,0.7347592090837549
房间太小，无电梯，周围环境还可以，但正在修路，非常嘈杂,0,1,0.7347428601575733
我是7月29日入住，5楼服务员有5星水准，赞。管家部经理和蔼可亲，也有5颗星，赞。只是冲淋水笼头高度太低，我要弯腰洗头，算美中不足吧。,1,1,0.7346161683391879
这是一家市政府指定招待所，分好几个区域，住的是贵宾楼，应该是宾馆中最好的区域吧。实在话，宾馆的服务员素质不错，会微笑服务，见了面会打招呼。早餐质量很一般，有点失望。但在东营，我想在东城办事的人来说，这是首选，西城的海天虽好，但离东城有二十几公里地。,1,1,0.7340008259603289
刚进入索菲特银座大饭店时就受到了前台小姐热情的接待，她告诉我说通过携程预订的房间都可以免费升级，感觉非常温馨。我的房间被安排在专门的女士楼层，住过这么多的酒店，第一次听说有专门的女士楼层，觉得挺有特色的。房间里有很多好看的女性杂志，还有化妆棉和浴盐呢，最重要的是房间特别高，空气好，视野更好啦，可以看到全济南的建筑呢，大明湖和泉城广场也尽收眼底。下次来济南一定还住在这里......,1,1,0.7334194465084047
作为在人民广场附近的酒店来说这个价位算是比较低的，而且相对房间来说也不是很差。与一般的经济型酒店设施还是差不多的。但是酒店的地点却不是很熟悉，所以也是找了一段时间才找到。但是走到人民广场还是很方便的。,1,1,0.7323447436348813
"酒店硬件倒是不错,但如果是商务旅行就不合适.前不着村,后不挨店.补充点评2007年4月7日：同时希望携程提供准确的信息。我希望住的酒店离凯莱比较近，工作人员告诉我五月花约距500米。实际上，全程2.7公里（出租车记程表显示数字）。仅酒店大堂到酒店大门就超过700米，每次只能让酒店叫出租，到凯莱要35元！如果路上截车才10元不跳表。",1,1,0.730864753635946
开始看了2005年的几位朋友的评价，都不敢去入住。没想到现在改观了很多，房间虽小，但很整洁。下次再来的话，还会选择这个酒店。只是希望宽带能一直免费！,1,1,0.7308554208702119
设施陈旧，感觉不想05年装修过的样子。卫生间也较一般。不过三星也就这样了。床太短，我不算很高吧。稍微往下躺了些脚居然悬空在床外。床头柜有个小收音机很有特色，商务房有电脑，网速也很不错。我住的是靠角落的房间感觉噪音不算很大。,1,1,0.7307198098133101
前两天去住的时候正好是我的生日，酒店看到我的登记纪录特地为我做的生日蛋糕与水果盆送到我的房间里来，和我一起过生日，我一直出差在外面已经把自己的生日都快忘了，但酒店能安排这些为客人想到令我非常感动。补充点评2008年1月7日：就是卫生间有点小,1,1,0.7303302874173989
"之前还可以,这次去,房间地毯都是黑的,很赃,自助餐有够难吃,服务员比经理人数还少,整个酒店好像有点要关门大吉的感觉.",0,1,0.7290743233357381
房间超大，不是一般的大。哈哈哈哈哈哈哈哈哈哈补充点评2008年8月11日：周围吃东西的地方比较少。,1,1,0.728647621414046
到达绍兴后，只要给这个客栈一个电话，十分钟之内就会有一辆小面的来接你，很方便。“老台门客栈”是由一家古老宅院改装的，三进的四合院两层木板瓦房，石板砌成的庭园，木头柱子立在鼓型石基上，木头窗户木头房门，开门和关门的时候会发出响亮的吱吱声，保持着古老纯朴的气息，院子里暗装了几个小音箱，不停顿低声播放江南丝竹乐，很有点气氛。清晨和黄昏只要你有兴趣，都可以坐在院子石凳上发发呆，或者找个对手在那张已经看不到原来油漆颜色的乒乓球桌上打打乒乓球。房间里为客人免费提供电脑可以上网，与现代信息时代挂上钩。干净清爽的床铺，热水和空调也陪备齐全，洗手间里有一体式的淋浴间。客栈提供免费的白米粥、油条等简单的早餐。客栈邻近鲁迅故里和咸亨酒店，走远一点还有沈园和仓前直街。,1,1,0.7265221704220265
很普通的一间酒店，应该说不值这个价格。酒店老，房间小，早餐差。周围正在修路，乱得一塌糊涂。想找个好一点儿的饭店，很难！在酒店吃了一顿饭，居然连正规的餐牌都没有，蹊跷！不过服务还是不错的，这也是唯一值得称道的地方！,0,1,0.7263615873864796
打车太不方便，我在门口等了40分钟；早餐品种少。宽带还比较快！房间空调调不了。苏州还有一个茉莉花假日，下次试试。补充点评2008年4月22日：刚接到酒店预订部的电话，对所提的意见进行了跟踪反馈，赞一个。与我14日入住的上海华港雅阁酒店（虹桥机场）比起来，真是天壤之别。24日又到苏州，不过这次我已经预订了另外一家酒店，下次到苏州，我会考虑再次入住友联。希望真的已经改进。,0,1,0.726174168091574
除了卫生间还算干净，其他都很脏，地毯、毛巾都不干净。午餐在酒店餐厅用餐，亲眼看到服务员将游客吃剩的饭倒回到饭桶中，再剩给别的客人用。建议自驾游的客人不要住在溪口，溪口安排一天足够了，交通很方便，可以住到附近较大的城市去。溪口的吃、喝、玩、睡都很贵，不实惠。,0,1,0.726020140258545
连着住了两次燕山，感觉整体环境还可以，只是房间里的配置比其他城市的四星宾馆差不少！竟然连吹风机都没有！卫生间里分别有淋浴间和浴盆，这点设计比较善解人意！,1,1,0.7254790970898752
"福州目前最顶级的酒店.不过豪华阁的服务感觉比两年多前刚开业时退步了.补充点评2007年12月16日：这次进入房间也没看到印有自己姓名的欢迎卡片.上次入住时看到卡片,心里顿升感动.",1,1,0.7250982950227403
去太原过周末特地订的晋祠宾馆。简直太美了！想我比较火星吧，第一次住国宾馆，第一次住有花园、小桥长廊流水的宾馆，喜欢地不得了。虽然去的时候是三月中旬，天气还比较凉，所有高大的树木都是被绿色的袋子包裹着（应该是为了冬天防霜冻吧），草地还是黄黄的，没有满目的绿色，但是就那个规模，每幢楼的特色看着都觉得很过瘾。一个周末哪也没去，就在晋祠闲逛了。可能不是旅游旺季的关系，当时似乎只有九号楼＆5号楼开放。九号楼是最后造的新楼，最靠近门口，现代漂亮大气。让我意外的是九号楼的房门都不是门对门的，而是成U字型对着中间的内庭式花园。服务员领着我们从大堂通过一路的落地窗到的房间，白色的纱幔若有似无地遮挡着三月和煦的午后阳光感觉很温馨。房间很宽敞，楼层很高，卫生间有淋浴房和浴缸。房间的落地窗对着外面的花园，风景也很好，只是可惜了树都穿着“衣服”，没有风景可以看。虽然不是旅游旺季，但是因为去的周末，有几家公司在晋祠宾馆开会（是国有银行拿着公款出来度假的说）。九号楼的房间只订到一天，第二天只好转到五号楼。五号楼从外表上看应该是最差的房间，也就是晋祠最便宜的房间价格，走到里面确实也是。先说大厅，其实没大厅的，除了九号楼都没大厅。地毯的颜色很深，走廊很长，光线很暗，感觉那个阴森～～～。房间除了层高比较高，其他实在是很差（和九号楼相比）。还算干净了，就是破旧简陋很多，床也很小很不舒服。这个装备在外面只能算三星以下吧。所以说，虽然是五星的国宾馆，房间的设施也是良莠不齐。在晋祠的两天，每天吃饱饭就在花园里逛，看到了拍《李大钊》的剧组。六号楼有一天是开着的，但是我们走到门口就有服务员问我们干嘛的，蛮客气的，我们也不好进去了。还有一号楼似乎是给国家领导住的，不对外开放。除了五号楼外，其他的楼从外面看都是两三层的样子，房间应该都不错的，但似乎也不想九号楼那么大气。有一幢楼，似乎是四号楼是会所，有游泳池，还有室外的运动场地。宾馆最深处是驻军部队，经常看到绿色兵GG在路上走过。提醒一下，周末去晋祠一定要早订，我提前了一周订房，因为房间满了不得不换了两次房间，第二天还不得不去住最差的五号楼。即便不是旅游旺季，周末似乎房源比较紧张，而似乎晋祠也不会把每个楼都对外开放。服务员态度很好，每一个都很好。餐厅晚上有自助餐，虽然东西不多，味道还可以，70元/位（不太记得了，应该是这个价格）。我推荐自助餐，如果点餐的话点不了几个也就这点钱了。另外，九号楼餐厅旁有个卖零食的小卖部，东西不多，价格和外面的居然一样，在酒店这样便宜的还真不多。,1,1,0.7238332211589718
"房间设置实用,住19层安静,价格合适,以后还准备去.",1,1,0.723722351912303
从总体来说，酒店的服务设施及服务人员的态度都是比较不错的，但是预定酒店时所说的提供免费宽带却是没有的，所以，专门带的笔记本也没有用上。结帐时想使用信用卡支付，却被告知当天不能刷卡。建议在这方面的信息需要再准确些。,1,1,0.7232762604002042
首先是服务很好，南方的服务水准普遍比北方高，让人宾至如归的感觉，电梯口有个小妹询问去的楼层，以为是电梯迎宾，可接着推荐去娱乐楼层，这给住客不好的印象。硬件很普通，也就三星水准。早餐很一般，携程30元也没有特别便宜。,1,1,0.7221603527899315
周边环境较差，服务的速度慢，态度还可以，价格太高。,0,1,0.7215495924803852
我喜欢这个酒店，因为那里有笑容！因为方便！因为价格合理！还有登州路56号的青岛啤酒！到芜湖，经常因为仓促而订不到国信。一大憾事！,1,1,0.7208003952213184
"酒店的位置不错,面对漓江,但是房间内设施不好,洗面盆和淋浴的水笼头都漏水,房间地毯不仅不平整,看上去还挺脏,让人不舒服.中餐厅卫生状况不好,餐具不干净,苍蝇多.早餐以主食为主,没什么下饭的菜,牛奶是用奶粉冲的,管饱不管好!酒店客人团队多.",1,1,0.7195271066070995
每次中途休息都会住在这，不是因为这家酒店有多好，主要是上下高速比较方便。房间一般，餐厅饭菜比较差。,0,1,0.7192840961582093
刚刚到前台Checkin的那一刻，服务员爱理不理头都不抬，一点微笑都没有；入住之后服务人员态度大好，房间清洁员都很友善。一直没太想通。整体很喜欢，但房间内部设备的选用和安装显得粗糙-希望能够长久有好的软硬件服务。宾馆反馈2008年6月26日：感谢您入住华君酒店。由于酒店正处于发展期，部分新招募的员工服务意识尚有欠缺，我们酒店会不断地加强培训和指导，力争每位客人入住华君都能有宾至如归的感觉。亦希望能够得到您的鼓励和长久的支持。请您在方便之余与酒店市场部联系，我们将提供令您满意的服务。,1,1,0.7188233051607926
房间很干净，打开窗口就能看见三塔，嘿嘿，连门票都省了。出门开车五分钟就能到沧海高尔夫，实在方便。美中不足，出门的时候朋友把手机丢在了床上（非常确定一定以及肯定），离开大理半小时想起来，连忙打电话过去，没想到手机被人挂掉了，再打就关机了。打电话到酒店，总台和服务员分别肯定地告诉我没看见，哎，只好自认倒霉喽。,1,1,0.7177668256089401
"环境尚可,房间也够大,但地毯较旧,够得上五星,但是酒店里的食街较贵",1,1,0.7172152115424654
于四月下旬入住行政楼套房三天原则上大致还算满意，但仍有以下看法一、或许装修较久走道与厨房有些许霉味，厨房设备也较久有严重泛黄二、电梯与住户共用仅两台有时要等较久时间三、从电梯到前台需经过一个六阶左右之小楼梯有些许不方便四、居住上是还算方便对面不远就是吉之岛五、如果能提供简易锅具，中我想更能符合套昂设备之定义宾馆反馈2008年5月16日：感谢您选择入住万事达酒店及给予酒店宝贵的建议。酒店现有简易厨具提供，由于数量有限，一般在客人需要的情况下免费提供锅具、餐具给客人使用。希望您的再次选择入住万事达酒店。,1,1,0.716998798796556
"总体而言卫生尚佳!但不能自己烧水,不含早餐的房价显得偏高.地理位置还好.建议住客到酒店对面的一个早餐店去!",1,1,0.7167358135093147
漯河当地人称这里是漯河最高档的酒店。房间很新，很豪华。早餐一般，不够丰富。网络比较差，经常没有反应。地理位置在漯河的东郊，偏得厉害，不过漯河很小，打车20从这头到那头足够了。晚上出名对面黑洞洞的体育中心，左面黑漆漆的国道，右面黑漆漆的空地，很是渗人。附近没有什么吃饭的地方。,1,1,0.7162650264958654
"别墅型的酒店，非常特别,离海边很近.消费很平价",1,1,0.7158152391435331
再次入住该酒店，不过这次入住的是标准房，在4楼。房间的设施其实和豪华房是一样的，只不过因为3楼是夜总会，晚上有点吵，而且外面走廊的地毯有点脏。另外，早餐还是和上次入住一样，10点多一点就很多东西都没有啦，而且那天还是星期天。,1,1,0.7150503729037403
这是一个值得推荐的宾馆＃２楼标房仅280元确实是价廉物美，性价比很高，虽然卫生间小了一点。缺点是如果你带了很多行李就不方便了，我住的是＃２楼２层，实际上从大堂到房间要爬4层，还不算水平距离，好在还有服务生（这样的服务不给小费是不好意思的啦，仅管我没有付小费的习惯。）,1,1,0.7137567447726486
四星级酒店，房间(高级客房)很不错，窗户双层玻璃封闭，无法开启，隔音效果好；客房设施配套完善，三部电话(书桌、床头、洗手间)，小冰箱，小保险柜，热水壶，收费饮料品种选择较多；淋浴水量充足。缺点是：1、酒店入住、退房登记时都遭遇了排队等候2、酒店所处位置打车不便,1,1,0.7134166172106116
性价比极高，服务好！来这酒店之前，我刚在温州一家380.00/晚的酒店住过，比这差多了，尤其服务不及这家。强烈推荐！,1,1,0.7132314641577283
2月29日入住3天。评分是对四星级的标准。所谓豪华大床房，房间很小，和香港丽都的小房间有一比。隔音确实比较差。大床的被子有点薄，要求再加个被子，酒店说“不行”，没有多余的，让我们把空调调高点。其实已经设为23度啦！位置有点怪，在一个高架桥边上，旁边是个工地，还好不吵（晚上酒店名字比较醒目）。步行距离锦江宾馆或者岷山宾馆（机场大巴终点站）约10分钟。早餐还好，成都那么多好吃的，也就不在意一顿早餐啦，嘿嘿。其它服务：check-in/out还算快，寄存行李/贵重物品单存，房间清洁，etc.还好吧。打车太难了。要不然，因为这几天天气太好，全成都市民都外出？好像成都白天到处打车都难。下次估计会尝试其他酒店。补充点评2008年3月4日：出酒店大门，向右走个百十米，有个红旗连锁超市。买水或者小吃，很方便。,1,1,0.7129702101260114
"整体来说是一家中规中矩的四星级,在香洲的酒店来说算是好的了,没有明显的优点和缺点,反正去香洲的话肯定会住这个酒店",1,1,0.7121471539977086
每次到常州都是住这个酒店，各方面条件都不错！以后还会一直住在这里。要说缺点那么就是房间内的电视遥控器不够灵敏，面盆的水龙头设计不合理了。,1,1,0.7118421232922367
交通方便，室内干净，基本生活电器都配备。出嫁那天需要红色床单，前晚给前台打了电话，他们回复说要去仓库找下，没想到第二天真给送来并布置好了，态度还不错！,1,1,0.7114595979540309
1、酒店位于南湖旁边，再过去就是惠州西湖，订的湖景房能看到南湖的一角，总的来说离汽车站较近，容易找到；2、通过前台办理手续还是比较快，能很快查到网上预约的登记，服务质量不错，结帐时忘了点东西在客房，结果结帐时发现后马上送下来了；3、房间隔音效果确实不怎么样，半夜能听到隔壁的动静；4、价格优势不大，网上预订价格和前台价格相差只有20元，价格优势不明显，而且不是靠西湖，如果价格再优惠一些可能竞争力更大；,1,1,0.7113962078247054
比较满意，房间很干净，不过卫生间的水龙头有漏水现象。还有点遗憾的是前台接待有个女（30多的样子）的态度一般，不知道是不是那天客人比较多的缘故。,1,1,0.7113848082565467
房间超大，噪声巨响，浙江老板，总缺分量。,0,1,0.7111101902281216
服务态度不错。我住的是数码房，房间很宽敞，网速有点卡。建议以后在客人入住时即办理早餐券，避免早晨退房的和办早餐券的扎堆挤在一起。服务员忙得不可开交，客人们等得火冒三丈。宾馆反馈2008年7月16日：尊敬的宾客：您好！感谢您对酒店提出的宝贵意见。酒店今后会在高峰时间段适当的增加人手，以减少客人等待的时间，谢谢您对我们工作的理解和支持。,1,1,0.7108430552550142
服务的态度还可以，只是我住的那间房实在是太太太小了（大床房）。,0,1,0.7106108741906664
11月4号去的住了两个晚上的爱丽舍房间。定了情侣套餐。房间不错，床单很差，沐浴用品都是屈臣氏，很干净，洗手间小，不过楼下有桑拿。起了一点争执，因为情侣套餐中药浴只限男宾，且酒店方说只限一次。怒了，打电话给携程，又跟酒店方沟通，后来在那里呆了三天，每天一次（其实也没时间玩很多次）。酒店内地方很小，但是离红螺寺和慕田峪都很近，上了香，看了红叶。很满足。酒店服务不错，服务员都很纯朴。房间内有暖气，很暖和，阳光很足。就是不太好找，我们在东直门坐916到怀柔汽车站下，打了个车，10元到了，要记住酒店电话，以便边走边问，因为好多司机都不知道地方，且怀柔有很多叫湖光的别墅区。,1,1,0.7101742697694046
该酒店地理位置较好，比较干净，可以上网，单间内竟然还提供电脑。在拉萨市来说比较难得！补充点评2007年10月30日：2楼的火锅城，味道不怎么样。火锅城演艺时间太长，影响休息。,1,1,0.7099826850049215
帮我朋友订的豪华大床房，没想到到了那里竟然免费升级到套房，3个人3间套房！！他们美死了，酒店硬件设施超赞的，我以后也要去体验体验！,1,1,0.7095799069534807
"房间隔音设备是个很大问题,据说酒店今年要装修,的确,不装修改善一下对不起""四星""以及镇江当地""最好酒店""的招牌;服务还是可以的.总觉得镇江当地的服务不会像上海这些地方因为见多了贵宾而显得骄横.很有亲和力房间洗漱用品是不够格的,太寒碜了.和经济型酒店的类似.用点类似""六神""一样的品牌不会增加多少成本;早餐/自助餐性价比不错.服务也尽心,看到苍蝇飞过,不应该.住的2522房间,大堂副理电话中问个人的总体感觉,理由是:以后可以改进.这点态度是值得称道的.给我留下了良好的印象.其实宾客就是如此.哪怕你不做改善,但语言上的""改善""也给了人""努力""的感觉.加油,很看好这个酒店!宾馆反馈2008年6月19日：尊敬的宾客，您好，真诚感谢您入住我店，并感谢您对我店服务上给予的认可。下半年饭店将进行装修改造，届时您提出的房间隔音效果差的问题将得到有效解决，洗漱用品差，饭店也正在考虑逐步更换。餐厅蝇虫问题饭店一直都在积极联系卫生防疫部门，对蝇虫进行消杀。最后再次感谢您光临我店，恭候您的下次光临。",1,1,0.7095096215148087
酒店服务员都很温柔亲切你有不满意的地方向他们提出都会尽量响应所有房间的风景都非常优美但是房间的隔音效果实在不行豪华套间虽然好一点但是上下楼层之间的隔音还是个不小问题,1,1,0.7092321600600663
就是老了点，个别房间窗户小，隔音差，其他很好，毕竟是老牌三星级吗！,1,1,0.7090067997841432
入住的是新装修的房间，设施环境较好。由于淄博人民太热情了，喝多了，把电子房卡掉了，赔了一百元，似乎贵了点，房价才二百多啊。,1,1,0.7088885371360202
清明小长假过去的，和晓起的农家标间比较，这个价格和设施还是比较有竞争力的。不远处有锦江之星，如果事先知道，应该会选择锦江。毕竟酒店有些陈旧，感觉只有三星标准，而且早餐尤其惨不忍睹。,1,1,0.706937698350388
"入住的是豪华单人房,需要说明的是这个房间真的很小，这个价格和房间的大小是在不和谐，酒店硬件尚可，虽然在路边，但是晚上休息并不觉得吵闹，房间的隔音基本满意，酒店内部的餐厅我的评价是很差，菜烧的非常难吃，价格还贵，除非大家图方便，否则不推荐在那里就餐。整体感觉中规中矩，离皇岗（福田）口岸还比较近，如果要从这个口岸出关应该还比较方便。",1,1,0.7060470929580543
酒店位置比较偏僻，离东莞候机厅还有40分钟路程。但是酒店设施和环境还不错。房间够大，设施让人感觉舒服。配套餐厅的服务很好，菜的味道不错。不过缺点是通过携程预定的房间总是位置很差。要求无烟楼层说没有。虽然房间安排在7楼但还是能听到4楼夜总会的鬼哭狼嚎至深夜。实在气愤。更有甚者，两次要求服务人员提供擦鞋服务但都没有过来。。。这点感觉很差。。。本来想投诉的但是实在太忙就算了。。。还有要门童叫出租车会明目张胆的把他的20元小费加进去。。。综合来评，离五星级还差一点。补充点评2006年12月10日：看了楼下的点评补充一下，餐厅的菜是贵了点。地址也偏出入没车不方便。适合商务客居住，自己掏腰包的不建议住这里。通过携程定房的一定要在前台力争高层的房间，越高越好。有游泳池，确实很漂亮的，喜欢游泳的不要错过哦。,1,1,0.7045736358796286
7月25日到家人到泰山玩，通过携程订的华侨大厦的房间（说是搞活动，花280升级到360的房间，但是实际我们也不知道280和360的房间到底是怎样的）。对华侨大厦的评价和以前很很多网友的评价一样：服务很热情，但是设施太陈旧（在携程网上看酒店的反馈，说是有新装修的房间，但是订房的时候携程的工作人员不知道我们订的房间是否是新装修的，这点希望携程以后把工作做仔细一些）。入住华侨大厦从门童、前台带房间服务人都态度很好，很热情，对客人的要求反应很快（我因为带了孩子，要求多送一套洗漱用品到房间，刚放下电话没多久服务员就送来了），对一些我们询问的怎么去泰山玩，附近有什么好吃的等问题都很耐心的回答。房间有欢迎果盘，而且分量不小，很实在，呵呵。但是华侨大厦的设施确实太陈旧了，很多地方的墙纸已经脱落，房间的浴室比较小，而且没有独立的淋浴间，感觉老人和小孩使用时比较不方便。但是良好的服务还是可以弥补这些不足的，而且价钱也不贵，感觉还可以接受。,1,1,0.7041356735476337
离机场很近，房间里的床很大，里面还有一面镜子,1,1,0.703599542459105
房间：建筑风格比较独特。木屋矗立在随潮汐涨落的水中，围廊象迷宫一样。看着自己的小屋，却没有直线的围廊可以走过去。对于房间的设施，不要期望过高。太阳能的淋浴有时候确实是无法让人洗上热水澡的。岛上的饮食不是特别方便，建议在上岛前，务必要把能带的吃的都带上。环境：岛不是很大。估计半天就能转过来。因为阴天，我分不清东南西北，反正，五彩滩那里的落日非常漂亮。蚊虫很多，如果带着孩子，一定要做好防蚊准备。海滩：海岸的长度不是很长。海水不是很干净。要去海岛上玩的话，一定要选择在那里住下，因为转天一早可以在退潮的海滩上，享受捉螃蟹、钓鱼、捉爬爬虾、捡螺的乐趣。这几天，我会发一些照片上来。希望能给后来的人，一些有用的参考。,1,1,0.7033243907230156
1.位置很好，就在中街上，出入方便；2.房间比较大，尤其是卫生间，装修风格分为金木水火土，不错；3.前台服务一般，入住后发现网络不通，工程人员能及时赶到解决问题，但又发现卫生间内没有梳子，通知前台，看来是忘记放了，好在还能及时送来。4.客房玻璃比较脏，在高层本想俯瞰沈阳，可惜这玻璃太扫兴。5.晚上过了8点去21层巴烤，竟然不营业了，郁闷！,1,1,0.7032505737058583
10月初回黑龙江的时候住了一晚，我所有的评价都是基于齐齐哈尔本地的情况做的，我觉得没办法和北京、上海等大城市的同级别酒店比较。周边环境还不错，楼下基本随时有出租车等着，附近还有商场和超市。服务很好，主动热情，雨伞忘服务台了，很主动的提醒我。没有骚扰电话。稍微有点噪音，走廊的服务台的电话声偶尔能听到。没带电脑，网络情况不知道。因为火车时间的问题，本来打算延迟一小时退房，服务台主动给延长了2个小时。中央空调也还好，不知道冬天会怎么样，淋浴热水很好。,1,1,0.7031734097210426
还可以，为什么要多于20个字？为什么啊，为什么？够了吗？,1,1,0.7030052069419127
"卫生间蛮宽敞，有淋浴房，也有浴缸，是分开的。就是晚上到的时候，听到一帮子人在西餐厅吼卡拉ok,实在是太不雅了,也太扫兴了。",1,1,0.7027586055933084
"无窗房,价廉物美,晚上8点入住,早上7点出门.对于一些仅仅是睡一觉的客户相当合适.",1,1,0.7027226512901416
"又要提到性价比的问题了,这个酒店以这个价格来说,算是很好的了,并且莆田的酒店差不多都这样的,对面台湾大酒店更糟,还不如华天金叶,推荐原因就是上述吃饭想吃简单的就在酒店吃个海鲜炒米粉吧,想吃不大贵种类多的就去对面吃集集小镇,想吃豪华的,强力推荐广化路的朝会粤菜,人均约一百0594-2817777,但是装修有点新潮,招待老骨董客人就不用去啦",1,1,0.7012695595630111
定的商务大床房，房间偏小了，不过经济性酒店也就这样；环境一般，周围感觉蛮乱的，不过旁边有个易初莲花超市，买东西很方便；服务相对另2个经济型酒店算最好,1,1,0.7008262464102891
可能是以前总是随团旅游，没享受过很好的服务，但是这家酒店确实很值得推荐，多写一些评论吧。看了携程的评论以后才选择了这家酒店，环境绝对配得上花园这两个字，大堂挂的是四星，住了两晚，本来预定的时间是6月8日14:00入住―6月10日12:00，结果8日早上7点多到了酒店准备存行李，前台的工作人员告之有空房，可以提前入住，并且免费升级了房间（预定的是4楼经济标准间，给调到了2楼经济标准间，价格没变，不知道这算不算是升级服务，呵呵）。酒店整体环境很好，绿化很出色，晚饭后在院子里散步很惬意，酒店门口出租车很方面。出酒店南行大约5分钟即到海岸，出酒店北行见路口右转，街边有很多餐馆，打车到佳世客、家乐福等超市7元起步价+1元燃油费，出行很方便。房间内很整洁，有大床和单人床可以选择，房间内设施包括地板略显陈旧，厕所无浴缸，淋浴水很冲，24小时热水，由于这几天总是阴天，房内潮气很重。服务人员很专业，也很礼貌，入住和退房有人全程带行李（不知道用不用给小费，我是没给，嘎嘎），每天收拾两次，晚上还有免费的水果（两根香蕉+杏），没用到房内的宽带（好象是收费的，记不清楚了）。房间隔音系统不是很好，隔壁半夜时有个警察在打电话，好在我不是间谍，不然惟坊一带的这几天主要的通缉犯估计都抓不到了，哈哈，免费听了一个多小时的电话办案实战。下次有机会还会选择这家，试一试贵宾楼的服务，呵呵！！！有一点很郁闷，我在携程网上预定的经济标准间318元/天（携程价），但是在火车站有个携程站台工作人员给的蓝色的小本子上写的经济标准间是278元/天，没搞明白，是不是第二次再来就是278元/天呢？（在火车站回程的时候发的蓝色的小本子）,1,1,0.7005348243107988
"非常不错的一个酒店,我住的是标准大房,388一晚,很值,需要提点意见就是厕所里的地板排水严重不行.冲完凉后厕所地板上的水一直流不走,最后没办法拿浴巾来当地板...中餐不错,床.简直就一个爽字.超大!",1,1,0.6996100660682418
还不错得酒店，我去过夏威夷，那里不如这里，这里得感觉才像4星的，就是前台的女孩不热情，很冷淡的接待你。我住的350的双人房间，床很大，房间也很宽敞，每天又2瓶免费的矿泉水，有保险箱，有小冰箱，电视是25寸的，能免费上网，电视也能上网，有星空电影，凤凰卫视一些频道，就是没有BBC，CNN什么的。早餐还算一般，比较丰富，就是没有我爱吃的东西。对了电视上网还有一个无线的小键盘，比较有意思。这里还有很多房型，比如无烟层，女性层，A型标准间，普通标准间等等，不知道携程为什么只提供了这么少的房型。我本来要订10天的房子，可是只给订5天，入住后再续住，比较麻烦，而且我订之后发现金鼎和夏威夷在携程上都显示满了，可是我在酒店前台问，还有很多空房可以住，不知道这是怎么会事。金鼎的餐厅饭菜还可以，夏威夷我也去吃了，和我们一起的老美说，夏威夷太难吃了，还是金鼎好些。这里交通很方便，距离步行街很近，但不吵，夏威夷离步行街太近了，比较吵，也比较闹一些。还有，我对携程订房有些意见，如果我入住时间比较长，酒店那方就不让订了，我只能先入住，然后再续住～，不太合理。牡丹江还有一些酒店，比如远东，就在夏威夷对面，携程上不能订，金鼎对面和斜对面要开2个比较大的酒店，看装修应该是4星了，不知道怎么样。点评完毕，谢谢收看。不到支持请见谅。,1,1,0.6995139579211362
酒店经过评5星的努力，各方面都有提升，就是携程的价格太高，比朋友帮助预定的高出30%以上，所以，近期住了很久，都是朋友帮助订的房间。价格很低。有需要的朋友可以联系我。,1,1,0.6995044141223888
我北京朋友掉了一根照相机线，但是人已经到金华，打电话到宾馆，服务人员非常敬业和负责，找到后快递到北京，在这里说声谢谢！,1,1,0.6994797839046794
开始预定的无烟房，到checkin时却告知无烟房没有了，晚上11点钟了，只能入住。其他服务还行。另外的问题时窗子总会发出卡他卡他声，晚上特别明显。如果是单身女人入住会被吓死的。另餐厅自助餐种类太少了。,1,1,0.6990478486183854
"因为预定了2间客房所以还有机会再说几句.房间价格稍贵,携程的价格没有吸引力,如果公司和酒店有协议的应该很便宜就可以预定.",1,1,0.6980615534981226
"酒店本来就是超5星的硬件配置的,2001-2006都住过,价格降了不少!位置太偏是致命的问",1,1,0.6974505938315041
国庆期间携程特价入住该酒店豪华房，这是第一次入住沈阳的该酒店，以前一直入住青年公园附近的凯宾斯基，有以下几点印象――1、从硬件设施来讲，黎明酒店非常不错，和凯宾斯基有一比，比我们上海的五星酒店的硬件都要好，特别是卫生间，明亮、宽敞、干净；2、虽然环境略显荒凉，但距离沈阳的中街商业区步行也只需25分钟，交通很方便；3、从软件来讲，携程预定时标明房间的宽带是免费的，可是入住后发现要收费，随即与携程取得联络，告知免费（这里表扬一下携程，有职业操守！很好！）；4、不过入住酒店后发生了一件本来很不愉快地经历，让我差一点从此放弃日后入住该酒店；由于我的老父亲头发乌过了，因此，弄脏了酒店的枕套，客房清理人员随即让我赔偿50元，这是我第一次入住五星级酒店让我赔偿，在结账时告知了前台，并打算把那个天价枕套拿走留个纪念，也许前台的小姐也觉得实在不好意思，随即不知道和谁打了电话，告知不用赔偿了，并诚恳地向我表示希望下次继续入住黎明酒店。我这里并不是说这区区50元，只是这50元背后显示了酒店的服务意识和服务理念。沈阳的经济虽然落后，但服务行业的服务态度普遍不好，但这次入住黎明酒店使我明显感觉到了沈阳这个最大的东北城市的服务意识与服务态度的提高。相比较而言，服务行业服务最好的城市当首数深圳市，就连上海都没法和深圳比，但尽管如此，上海仍然可以排在第二位，但与深圳的服务质量的差距很大；沈阳和北京的服务态度其实差不多，但这次入住黎明，使我感受到了一点不一样，也许我们的老工业基地真的在发生巨变。希望如此！再多说一句，服务行业，服务的态度和质量是服务行业的生命！通过这次入住，赞扬携程、赞扬黎明酒店。,1,1,0.6966428770167159
房间不错，硬件设施非常好，最值得赞扬的是其房间的网速，迅雷下载时达到了3M，说实话，这是我这辈子见到过的最快网速，好几部电影几分钟就下载了，无法相信有这么快的网速！！！,1,1,0.6959888443215166
"上周去住了两晚,本来想住飞,订的时候没房了,携程给推荐了这家,服务真的不错,还有水果,阎蕾小姐还亲自打电话问候,每年都去潍坊好七八次,这地就常住了.",1,1,0.6958534676787309
房间等设施及服务员的态度非常让人满意，尤其是前一晚吃饭的时候我不慎将围巾遗失在吃饭的位子上，第二天在总台询问的时候，总台服务员帮我找到围巾，非常感谢她们。但一楼餐厅的自助火锅及自助餐味道不尽如人意。还有因为我们晚上才入住，居然无法在二楼中餐厅就餐，一定要事先订位，才能就餐，有些遗憾。,1,1,0.6949197681127781
"还好了!朋友建议入住的酒店,可以接受了,有机会会尝试其他酒店对比",1,1,0.6945367862976494
位置、价格都比较合理，唯一缺点：宾馆较旧，房间有些异味宾馆反馈2008年2月2日：谢谢您的点评，非常感谢您的宝贵意见，由于酒店已开张营业十年，所以有些设施设备比较陈旧，在此深表歉意，今年，我们将对酒店进行全面的装修，相信不久的将来，一定能满足您的要求，希望您能再次光临。,1,1,0.6938731576000341
给人印象深刻的一家酒店朋友推荐，带老人去厦门旅游入住该酒店豪华海景房的露台和服务生的微笑给人留下美好的回忆！唯一需要改进的地方是在适当的时候进行新的装修，有的设施陈旧了。,1,1,0.6938586593372753
房间还可以。总体没有什么不满意的地方，就是这个地点比较偏，如果不准备出门的话还是可以的。第二天去开利上南北高架桥十分方便。,1,1,0.6936323112161923
服务还不错，前台小姐满热情的，房间不怎么样，宾馆正门对面就是居民区，刚开车去的时候寒了自己一下，后来晚上去其他4、5星的宾馆，竟然还有余房，好后悔，早知道直接碰运气比较好,1,1,0.6927670993056112
就算是在上海也是非常好的酒店哦，虽然价格高，不过个人感觉对得起这个价格，这次非常遗憾，来黄山什么都没有看到，下次肯定会再来，而且下次肯定也是住北海啦！！！！,1,1,0.6920625411123322
1、先说好的。房间够大，也很干净和安静。服务员态度不错，我提出要看当地地图，她们立即就送了一份到房间来。2、再说差的。酒店的空调不够冷，半夜把我都热醒了，打电话反映过也没有改进。估计是酒店为省电，夜里只是送风而不制冷。对于一个四星级酒店来说，很不应该！最好笑的是，房间里居然连一瓶纯净水都不舍得送，客人要喝水要么自己烧，要么就取冰箱里付费的。太抠门了吧！,1,1,0.6915364674333454
我定的是大床房间，房间够大，如果没有其他需求睡觉是够了，床舒服。洗手间虽然该有的都有，但装修简陋。酒店人员的服务80分，不要和四星级五星级比较啦。打车到虹桥机场18元，从机场来时被司机绕了弯子，花掉33元。大家注意。,1,1,0.6912822069595909
"在金桥开发区/碧云小区附近,走外环去浦东机场很方便.携程的价格很高,房间有点小,早餐很一般.",1,1,0.6887654275845967
"酒店的环境,房间和服务都不错,但是门口的保安就很差.让人联想到""打手"".再加上网上也有对保安的说法,以前还不以为然,现在不得不同意他们的说法了.宾馆反馈2008年6月12日：尊敬的客人：您好！看完您的点评，酒店曾第一时间试图联系您了解事情的始末，但未能联系到，我们深感遗憾！同时，酒店立即以书面形式责成酒店外保所属的物业公司需加强对安保的培训和督导，并以该案例为戒，切实做好对客服务工作，避免类似事件的再次发生，否则酒店有权中止和物业的合作。如家始终秉承为每一位宾客提供安全、洁净、温馨的住店环境，也真诚的希望每一位住店客人能对酒店的工作进行督导和建议。我们感谢所有帮助酒店健康成长的客人！",1,1,0.6885243763801611
"装修风格简洁时尚,感觉相当不错的酒店.只是对配套餐厅比较失望,先是衣宵供应时间较不方便,上次因为我的飞机比较晚,到酒店晚上10:10左右,酒店的中餐厅已经停止供应了,送餐服务牌上的餐品又少的可怜....还有十分不可理解的就是第二天早餐时,居然看见蟑螂穿梭于的众多的食品当中....当时我告诉了服务员,他拿了纸巾从容的去抓小强,看他的表情感觉已经不是第一次了,而且也没人对我表示报歉宾馆反馈2008年7月16日：首先非常感谢阁下入住我们酒店，并给予我们中肯的评价。关于阁下反映的中餐厅夜宵供应时间不方便的问题，中餐厅的营业时间是：8:00-14:30,17:00-22:30。客房内除了提供便捷夜宵餐牌，还有24小时服务的全日送餐餐牌，内有多款中、西美食供客人选择。关于阁下反映的卫生问题，由此给阁下带来的不安我们深感歉意。出现这种情况，我们感到非常惊讶与不解。酒店管理层已经与相关部门开会讨论，决定再次全面检查，再加强清洁卫生工作。期待阁下再次光临。",1,1,0.6874331515099125
"贵宾楼又经过了改造,入住更舒适了,以前只有3个楼面现在有了5个,感觉房间更大了一些.最有特色的还是所处位置的安静,房间隔音还马马虎虎,夜里能听到隔壁的电话声音.但是作为一家五星酒店,怎么可以容忍美容美发部门对客人每天一次的电话骚扰呢?",1,1,0.6872514866564063
距离市区远，因为有接机服务就选择了，司机态度不好，酒店感觉有点老旧，看到房间内有电脑以为设施不错，可问后知道，只要你用就收一正天费用60，狠啊！就算我不睡觉的用也不值啊！综合：不适合背包客或年轻人,0,1,0.6869134648444764
"优点：1、地理位置闹中取静2、如果在五角场附近办事，交通还算方便缺点：1、房间内有浓重的烟味2、空调滴水刚好在楼下的玻璃钢瓦上，晚上比较吵3、洗澡水“小水无力”，感觉更像是“跑、冒、滴、漏”的水龙头3、早餐比较差(既没有""吃饱""的实实惠惠，也没有""吃好""的丰富多彩)4、毛巾泛黄5、枕头很尴尬(两个偏高、一个偏低)",0,1,0.6855534939327362
"是冲着万豪的名气去的,但有点失望,酒店出了位置不错以外,其他都表现平平,特别是房间的装修已显老态,希望酒店当局早点更新,不然很对不起那八百多一晚的房价(还没有早餐).",1,1,0.6853596395087148
"总体不错,就是卫生间小点,一直都住该洒店,价308元,现在却提为348元了,不会再住了.",1,1,0.6846964036181834
1，在香格里拉应该算很好了2，用信用卡不方便（酒店自己有些小心眼，耍个小聪明），做法不厚道。3，绝对值是到不了5星的，但在那个地方，还是可以的4，欧式房间卫生间的设计太傻了！！！5，小花园不错。,1,1,0.6842819405920875
经朋,1,1,0.6842028604745148
"早餐非常差。本人是冲着西餐厅去的，转了一圈后怀疑自己走错了地方，因为一半以上的菜品是中餐。无论西餐、中餐菜品都很差，没有上档次的菜。蔬菜只有很便宜的两三种，肠是两种混放在一个盘子里，而且只有几片。没有任何鱼虾海鲜。实在没什么可吃的，最后我是啃了两个玉米才填饱了肚子。宾馆反馈2008年2月4日：非常感谢您的光临。同时对您向我们饭店服务中提出的不足之处致以诚挚的谢意。饭店二楼西餐厅的早餐以美式早餐为主,在西式菜品的基础上结合本地人的口味加入部分中式菜品，在三楼中餐厅我们还为客人提供地道川（粤）式早点。我们在以后的工作中定将更加努力,对每位客人提出的不足加以分析和改进,尽量满足宾客的需求。",1,1,0.6837858649221422
酒店确实是位于乐山的中心位置，只是饭店的住宿条件太差，感觉已经开业很多年了，但是从该酒店的价位来说的话，算差一点的。,0,1,0.682960426424938
"前台办理入住手续时人员的速度特别慢,早餐时需要排队,这两个方面感觉好差,电梯的按键也不灵敏.房间的马桶水不容易关闭,好浪费.另外,房间连吹头发的吹风机都没有.设施比较新,房间看起来很干净.餐厅的东西还算味道过得去.这是比较好的地方.",1,1,0.6824727626034728
住过几次了，谈点儿意见：1.交通方便；2.房间够干净；3.有报纸看；4.窗帘拉不严，住过的房间都这样；5.早晨8：00不到，服务员就来按门铃、敲门，问有没有脏衣服要洗；6.服务员有时在楼道里大声聊天。,1,1,0.6821463521333321
感觉可以。属于哪种既无惊喜，也不失望的哪种。我订的十三楼，较安静，但冷水上不来，没办法洗澡。,1,1,0.6816181608289408
令人感觉非常贴心的一点小经历：入住的第二天，MC来了，后来打扫房间的服务员发现后，居然在卫生间多放了一卷纸巾（通常都是很少一点纸巾的，没有一整卷。）虽然一卷纸巾很小很小的事情，却足以体现服务员的细心和体贴。给人感觉非常温暖。呵呵!补充点评2007年11月21日：房间内的保险箱还是比较好用的，感觉非常放心。我想下次去玩的话还会选择入住，就是价格稍微贵了些。呵呵!,1,1,0.6815339276225069
"各方面的硬件都不错，只可惜这么冷的天气房间没有暖气，有点冻！宾馆反馈2008年4月14日：让您受冻，酒店深表歉意，我们酒店有取暖器提供,在您入住期间，如有任何问题，请致电酒店大堂经理（电话52），由其做相应处理。",1,1,0.6814262732356652
我本来一直很喜欢的，可是这次有几个问题想说说：一是酒店门口的服务生太冷漠，形同虚设，我到酒店那天早上下雨，东西很多，打车去的时候他们居然站在那里一动不动，连伸手拉一下车门都没有。如果想要小费我想你做了别人肯定会给你。建议改进，至少可以帮客人拿一下东西吧。二是酒店前台通知不及时，我那天入住的时候说是住两晚上，可是前台服务员只要我压了500元的押金，后来没有通知我，第二天我回酒店就发现门打不开了，打电话问了才告诉我说是押金不够，显然服务一点都不人性化，希望能改进。另外，酒店的行李寄存服务很好，环境也很好，总的来说都很理想，就是希望能改进上面两个问题，做的更好，那样客人会更加喜欢你们宾馆。期待你们的改进和回复。宾馆反馈2008年6月17日：尊敬的携程会员：感谢您们对我们宾馆一直的关注和支持！针对您所反映的问题，我们管理层非常的重视。立即由相关部门结合实际展开调查和核实，同时借鉴您的合理化建议并采取一些有效的整改。从而对您的善意的提醒再次表示感谢！同时也十分感谢携程网提供了这样一个好的平台，希望诸位会员空闲之时多多给我们宾馆提出建议和评价。我们将以真诚的服务态度欢迎诸位的光临！,1,1,0.6801382307823388
晕菜，写了那么多怎么没提交上？彻底晕菜不重复写了，总之很好，希望大家都能去住如果老板娘能看到留言就好了，我们是初四晚上，也就是21号入住的一家三口，带一个5岁小女孩的一家子啦。,1,1,0.67943587472138
离海很近，设施已经很旧了。淡季住这里确实很便宜。,1,1,0.6791408207220854
"卫生条件还行,价格也还可以,酒店人员的服务态度也还可以。可付费使用的个人卫生用品(全棉内裤、袜子、无菌毛巾及安全套等)准备的比较齐全。不足之处是房间隔音太差，隔壁和走廊的动静听得一清二楚，而且隔壁吵到很晚，影响休息。另外整个房间没有地毯，但卫生间的门口至少应该放一小块，用于吸水和洗澡后防滑和吸水。",1,1,0.6771565532084544
"3月下旬入住第二天单人间(300元)优点:房间景观开扬,可立即入住(不知是否优点),前台及行李服务生不错,入住及退房快,睡觉可选不同枕头,房间环境宁静(住高层).改善:300元的房间可接受.总评:地点距新南门较远,四周只有电话商店,走十多分钟才有其他类型店铺,另如送早餐会较好,总体比第一天进步.",1,1,0.6770806357385996
"由于到店时间为凌晨1:00多，因此,估计房间比我预定的要升一个档次，很宽敞。而且早上可以看到外面的景色及鸟的叫声。不过早上是被鸟叫的声音吵醒的……室内有保险柜，感觉没太大用处；有冰箱，比较实用……早餐不好吃，不知道是多少钱的标准……",1,1,0.6769664737552372
酒店咖啡厅的服务人员业务水平有待提高。有点酒单，但对客人点的酒，不知在哪，不知如何调配，给人感觉，整个酒店空有豪华装修，服务水平却未与之配套。,1,1,0.6763257438879928
很一般的五星级酒店，周边的环境感觉很乱,1,1,0.6759640235016504
"我4月23日晚入住的该酒店,前台小姐先给了我一个两幢楼之间的一个房间,很是不满意,去前台给换了一个,还可以.觉得酒店是不应该先把不好的房间先给客人的!!我是从前山坐索道上山开始游览的,带孩子和母亲,走到该酒店的位置也确实该休息了.排云亭的位置很近,风景我觉得也是最美的!也去西海大峡谷走了一段,确实美.觉得从前山上\后山下的话,住该酒店的位置刚好是一半的位置.早晨去丹霞峰看日出,要爬一个锁着的铁门,有些扫兴.看日出到现在也总觉得太阳是从西边出来的!哈哈!黄山确实不错!!补充点评2008年5月12日：我喜欢旅游.我的QQ:410073425",1,1,0.6753354760064586
周末住了一晚，酒店周边还是可以的，出行很方便~周日去花果山景区，打车25元就可以到；房间的话设施老了，空调漏了一个晚上的水！单人间卫生间很简陋~20元的自助早餐也就5元的水平~总体来说，要求不高的话就只能随便住住的地。,0,1,0.674949336971874
彭年酒店太处于闹市停车不方便，房间有异味，尤其脱离希尔顿后感觉差很多。,1,1,0.674642506864235
来长春之前，查阅了携程的很多酒店评分，感觉这个还算不错的，但是入住之后感觉很失望：1、房间门坏了；2、空调不好；3、房间陈旧；4、服务一般。。。。总之性价比很低，早餐还算可以。,0,1,0.6744064042408122
08年的清明节入住，房价200，不包早餐，包机场接送（就冲着这点订的）。第一天房间送4个苹果，第二天没有，问服务员，大曰第一天才送。后来还是送了2个苹果。房间条件还可以，最好的是网络插口在床头，而且配备的网线超长，可以拉到马桶（适合某些方面耗时较长的同志使用）。卫生间很大，沐浴设施完备，很诱惑本不宜沐浴的宾客使用。不过床垫的弹簧感觉明显，而且宾馆位于市郊（不过拉萨也不大）。,1,1,0.673881824672446
"我于6月1日再次入住,住的是1312房,首先价格由238元涨到278元,是整个乌鲁木齐酒店旺季都涨了,据说每年7月和8月乌鲁木齐酒店都还要涨,这也可以理解,毕竟就那么几个月可以赚钱,冬天都是零下20几度,人很少.但是我发现房间的迷你吧撤了,只有留了两瓶矿泉水.卫",0,1,0.6728370270969304
床发出吱嘎吱嘎的声音，房间隔音太差，赠送的早餐非常好吃。补充点评2008年7月22日：我们住的是度假村的标准间。,0,1,0.672227475957403
"我于1月31日入住该酒店,其硬件设施尚可,但客房服务员细致周到,主动为客人准备好冰糖梨汁,因为观察到客人的喉咙不适,该酒店的客房服务是我",1,1,0.6721865946872558
"马马乎乎!能住.标准不要太高.在小街上,出门没法打车.还行!住吧!",1,1,0.6718674184918629
环境不错，但卫生一般，整栋楼没有一个服务员，毛巾挺旧的，该换了……,1,1,0.6718365078721312
"我常在外到出差,是我第一次入住,LOBBY小但感挺精的,度也不,房倒是很好,客大,房全,也可以免外借具,然用的不大,倒是予支持!房不大,但很乾!以我吹毛求疵的要求,整,店非常高的!但是有最大的缺就是地太偏了!到地王,象城要20到30元,而且很塞!叫出租要很久才有!住客要多注意!也希望酒店能跟出租公司配合,降低等!而言房可比五星,但外只能到四星,不是四星的位!可推大家!",1,1,0.671400590029624
不知道是不是五一期间的缘故，感觉性价比不是很高。住的标间B好像是原来的餐厅包间改的，超级大，但是没有窗户，冷气不足，唯一的好处就是电视节目有很多频道。浴室小，水压也小，下水不够快。但是地理位置就没得嫌。,1,1,0.6711045380305615
入住感想如下：找不到5星级宾馆的感觉、总体水平最多只能算4星级。虽然房价比中州皇冠便宜100元左右、但所有硬件及软件远不及中州皇冠。,1,1,0.6706261886427005
虽然说是4星级，不过除了大厅感觉够气派以外，其余仅仅只能说一般~~房间里面居然有好多黑色的硬壳小虫，让我们觉得很是恶心阿...当然也有可能因为我们住的是3号楼，是不是有点成旧的关系？早餐虽然是免费的，但是看到票价也要20呢，菜品实在是.....不过门口那部劳斯莱斯幻影倒是的确让人震撼！看得出，老板还是很有实力的！,0,1,0.6703302871115772
这是第一次订这家酒店，酒店位置还可以，但肯定开业已经有一段年月，装修有点旧，办了入住手续，进入房间，感觉房间的状况不好，所以决定亏半天房租，还是另外找其它酒店,0,1,0.6698700041678537
这年头居然宽带还要收费，发了2封邮件用掉80多元，有点想钱想疯的感觉。酒店房间一般，就这样子，交通还算便利。唯一好的是自助餐厅，去的时候真好半价，性价比较高总之，我不会住第2次,1,1,0.6694041211257075
由于是帮亲戚预定的酒店。后面得到的反馈是没有在上海的同等酒店好~~~厦门特区的有些酒店是加收政府调节金的。金威也在其内。,1,1,0.6690513325729163
"1.酒店饭菜一般,上菜特慢2.免费宽带上网不好使3.该酒店不是在市中心,比较偏,打车到五一广场至少20元,到省博物(看马王堆)至少40元",0,1,0.6687471893264911
"早餐很一般.房间里还算干净,就是噪音太大,价格相对来说还是贵的",0,1,0.6684377765726734
"地点离外摊及南京路很近,前台,行李服务人员都很好客热情.房间小巧玲珑,看得出在极有限的空间设计师花了很大的功夫.我住的是一间没有窗户的标准间.这也是一个不可多得的经历.如果一个人住,一两天OK.有所得必有所失.",1,1,0.6683416041806983
这是我帮外国客人订的房间，他们第一次来中国。这样的价钱，这样的酒店，还是很满意的。而且酒店本来就不错。,1,1,0.6664527808180557
"接站免费司机是四川人很实在,在路上告诉了一些初到拉萨的注意事项,宾馆很小,不是我们内地的星级标准.早餐还行,卫生间很大,就是价格稍高,我们到的第二天停电,所以我们换宾馆了.",0,1,0.6659389160791208
"服务尚可,携程网协议价偏高.本人发现其他公司协议价只有366元(含早).",1,1,0.6657461999357714
我是在国庆期间入住的，入住的前一天在御临门温泉度过，非常多人，因此心想在越王山也别指望太幽静了，谁知到达后发现并非如此，这里没有像其他景点黄金周人山人海的场面，十分舒服！山庄的环境、服务、房间如其他人评论一样，在此不再罗嗦，值得推荐！由于预先没有准备，只呆了一天，期望能再次前往。,1,1,0.6651308610700347
很同意交通方便的说，近几个月一直选这里。但是，携程的价格比直接找酒店定还贵。这令人很不满意。希望携程能重视对客户价格方面的承诺。,1,1,0.6651271179652508
"我订的是贵宾楼标间(根据前人评语筛选),最大特点是服务细节考虑得很周到,送水果、晚报、餐巾盒，甚至连浴缸前的垫脚毛巾都铺好了。特别提示：因该酒店贵宾楼标间靠近马路，所以房间分双层隔音玻璃房和单层隔音玻璃房，如果你对于噪音比较敏感，建议预定双层隔音玻璃房。",1,1,0.6646091209943469
预定的时候注明了要二楼房间，入住时是一楼，网上说加一份早餐10元，实际收15元。住酒店还要交停车费10元。豪华单间房间的地毯湿呼呼的，我真是无语了。但酒店大环境是不错，可惜这环境了,0,1,0.6640559834490042
整体来说房间是不错的，住的是湖景B，周末竟然要将近1000元一晚。。。还好整个房间是完全面湖的。。。今天一看平时的房子只要500多。。。出血阿~~餐厅的服务不错，前台就真得不怎么样，前台的素质绝对需要提高~还有鄙视一下竟然湖景房都没有大床，逼着你订套房~,1,1,0.6638055797078349
在湛江想要享受好的环境的话，别无二选，就是这里了，硬件(设施)和软件(服务)都是让人十分满意。走去室外游泳池的时候，刚一推门服务员就从座位上站起来了，笑着打招呼，虽说最终自己没去游，但看着游泳池也很干净，环境让人很舒服。最不好的地方是收银，在湛江住别的酒店check-out时都得等查房，看有没有消费他们的酒水，我回答没有还不算数，非得等housekeeping一样一样地点过数才行，我的信用、自尊还有我的信用卡预授权都没用。本以为这里五星级酒店不会那样，哪知道住客说的话在这里还是不被相信。另外，走的时候赶早班机，五点多下去退房结帐，发现前台小妹妹偷偷在打瞌睡......呵呵,1,1,0.6619252290892436
"地理位置不,服务态度一般,房了,体普普通通",1,1,0.661358921435782
外观不怎么样，但是房间内环境和设施还是超越了我对三星酒店的期待。,1,1,0.6601296652233452
酒店因为装修时间不长，设施还是不错，但4星酒店居然没有吹风机！头天晚上问过前台说24小时结帐都可以，但早上5点钟走，结帐时竟然只给我100元整单位的发票，说太早了，没有小额的票！,1,1,0.6599975241790544
"来往虹桥机场,绝对方便,938公共汽车直接门对门,上车睡觉就可以了(一个半小时)宾馆服务不专业(餐厅).基本上还可以,谈不上星级.房价和硬件不能划等号",0,1,0.6591958837000554
"该酒店作为四星级算是中规中矩,服务态度和设施还说的过去.大堂的西式小点心不错,物美价廉.不满意的地方:一.居然没有停车场,只能停路边还要收费,感觉很不贴心,自驾的朋友要有心理准备.二.九江好象没有五星级酒店,第一感觉该酒店是四星的应该会比较醒目吧,如果有人这么想就完全错了,我们自驾车两次经过门口竟然没看到,不论是楼还是大堂实在是太不入流了.",1,1,0.6588277654028165
吃早餐的地方特别拥挤退房的时候N慢性价比低，还不如新装修过的国贸,1,1,0.6579460186636679
多次住了，感觉比汇东好一点。实际上在自贡也没有更多酒店可选了。,1,1,0.6577825366506168
优点：房间硬件不错，崭新，现代；虽然房子本身有年头了，但老房子层高很高，宽敞。缺点：价格其实小贵；房间略微拥挤；宽带收费10元且网线需主动索取；不含早餐；接机OK但是不送，虽然看到客人有不少行李。参考：酒店对于常住客人标间100元，标间直接入住价格320元，我们晚上入住时剩余一个套间打折350元。机场附近的住宿至少4家，如果你想要找更好的折扣，在机场出港等待提取行李的时候，就有好几个机场附近的酒店/招待所的联络柜台，最便宜的机场招待所只要几十元。,1,1,0.6568845719012559
"该洒店设施不全且不洁净,让客户感觉不太敢放心使用,且服务人员态度不是太好,早上入住客人收拾房间的速度太慢",0,1,0.6560417369338692
在胡同里，不过还算好找。房价便宜，酒店设施简单，但还比较干净，离北京火车站很近，步行都可以。出胡同口就有小吃店，如果要离火车站近，可以选这。补充点评2008年4月21日：之前给的点评错误，因为看错宾馆名字。北京东方和平宾馆这家酒店给我感觉不好，虽然地段好，就靠王府井大街，但退房速度慢，房间隔音不好，有味道，看上去不干净。下次不会去了。,0,1,0.6551556098076686
"关于PriorityClub之事,当时承诺1个月卡会寄存",1,1,0.655137930478184
携程服务的不错。因为要求安静的房间，携程一上午一直和我沟通最大限度满足我们的要求。酒店以前住过，卫生间太小，虽然订的是商务房，还是小。,1,1,0.6545366267854577
"酒店有餐厅但只提供早餐,没有午饭和晚饭,要跑到酒店外面自己找饭店去吃,非常不方便.",0,1,0.6539092182944023
酒店的设施还是不错的，大堂的布置的比较气派有气氛，房间虽不算很豪华但各种设施很齐全。但可气的是原来看到订酒店有送１００元的餐饮消费券，但你不问就没有得送，因为有这项优惠，我们就去西餐厅夜宵，消费了近３００多元（东西超贵的）．而且走的时候，也没在系统上显示出来，有个大姐级的人物还斩钉截铁的地说自己是大堂经理，从来没有不知道这项，搞得好象是我在无理取闹一样。结果还是在我坚定的要求下，才去咨询其他人员，其他很多人都知道是有的，最后才免了１００元，浪费了我好多时间。,1,1,0.6536664875005349
这家如家地段不算太好，所以感觉性价比不是太好，下次不去了。,1,1,0.652789728209766
"该酒店硬件与福州\厦门挂三酒店相比差不多,酒店外围绿化环境比别的酒店要大,停车场很宽阔,最让我满意的是酒店介绍的散客自驾游经济\宽松很适合我们散客自助的需求入住武夷山酒店愉快心情也和这两天的股市大涨分不开的我个人建议大家到武夷山可以考虑入住这家酒店",1,1,0.6524052623606664
因为参展，就选择了这酒店。酒店在新国际展览馆内，这是最大的优势。摆展的时候随时可以走回酒店的，免去了交通麻烦。但如果是大型展览会酒店的价格也是较高的，平时360的房间遇到展会时竟涨到458，说实话，在龙阳路这种房间458绝对不值的，就冲方便而来的了。还有就是早餐，要28一份，真不知道有啥好吃的，而且9点以后估计连煎蛋都没有了。最让人觉得不爽的就上网要收钱，还60元一天！住这里的人基本都是来参展的商务出差的，10有8个都带有笔记本办公的，这不等于变相多收60元房费吗？还有就是那个酒店菜馆，东西一般的很，但价格倒不便宜，清炒时蔬都要18块！总体来说房间还算干净卫生的，但就不值这个价吧。如果摆展入住的话，因为实在是比邻方便，也别计较那么多了，还是值得推荐的,1,1,0.6523589177613035
酒店设施老化，服务互相推委，没有4星的设施怎能享受4星的服务，连空调都不能用的4星，餐饮就是大众食堂的标准，价格是`````````,0,1,0.6513365549623976
其实这个价格相对这个状况的酒店已经不便宜了（360元），这个季节，这个城市乱七八糟的。但是相对这个（4星）级别的，已经算是还可以了,1,1,0.6510458466429728
无宽带成为最大问题，周边无工商银行成为第二问题。补充点评2007年1月13日：无可吃的早餐吃成为不可原谅问题。,0,1,0.6493241959366755
我去年的时候去过该酒店，那时候住的是无烟房，感觉还好，这回去住的是高级标准间，进去了房间就有一种怪味道要求前台换房，换过了以后还是多少有一点怪味。不过房间的墙壁特脏，后来想算了，就没在换，不过感觉今年的金鼎要比去年卫生环境差很多，装修也旧了！,0,1,0.649238357651344
来到拉萨才发觉这家饭店的价格的确是偏高，同样水准的饭店在北京路上都只需200元以下。最大的问题是环境杂吵，睡不好。,0,1,0.6488543250390216
"酒店服的服度不太有貌,入住的房比陋,房.",0,1,0.647871630812076
"酒店设备老化,建议考虑更新,酒店电脑网络速度慢,下次不再入会该酒店,宾馆反馈2008年6月12日：酒店非常重视并立即让电脑房工作人员对该客人所住的房间进行网络测试，情况如下：该客房在打开主页时情况较好，但在下载邮件时速度较慢，酒店已联系维护酒店宽带的公司进行了整改。酒店的宽带速度较快且房内上网免费一直以来受到客户的好评，酒店对宽带问题会更加重视，做好维护工作。非常感谢客人对我酒店提出的宝贵意见.",1,1,0.6477489128885151
就这个价格来说酒店已经非常好了。不过携程把地址写成以前的路名了，害得我的车载GPS把我往相反方向带了5KM，开到了一片待拆迁的地方，像个鬼街。把一车人都吓得不清。（当时是晚上9点多）。建议取消以前的地名，直接用现在的路名。,1,1,0.6468289175553706
优点：1）和汽车站在一个院子内，出行便利2）斜对面就是大排挡一条街，各种小吃和水果一应俱全缺点：服务员态度一般，服务水平有待提高,1,1,0.6457713828508407
环境优雅，但蚊子剧多，光被我打死的就有二三十支，漏网者中尚有吞舟之鱼。酒店有接机服务，但所派来的司机向我推荐次日包车一日游，只需150块。然次日方知，此纯为一圈套也，耽误我诸多时间，可气。另外，早餐极差，牛奶是用奶粉冲的，而且连奶粉都舍不得放，稀得跟刷锅水似的。,1,1,0.6453165424870123
的确很靠近火车站及汽车北站，走路不超过15分钟。房间里摆放了3本推荐的新书，其中一本是童话双语的，感觉很好。不知道为什么房间里不备电话簿。,1,1,0.6439362884351456
五星级酒店空降在富阳这个小地方。硬件没有什么可抱怨的，大堂气派非凡，杭州也很难挑出可以比的。江景一览无余。除了房间的一些小细节做的和大城市的五星级还有些小差距，但是在富阳，你就别想找个更好的地方了。这个酒店要是在杭州，就是800元一晚也找不到，500多的房价算是可以了。问题是，问什么在富阳会有这么好的酒店？,1,1,0.641744261036047
其实就是原来的招待所，重新装修了一下。倒是比较干净，服务也还可以，设施不是很好，最重要的是那个院子晚上12点要关大门的，结果有一天晚上回来晚了，怎么敲门也没人搭理，后来有个保安出来说走后面的门，真是郁闷啊！,0,1,0.6413813732953502
这次因工作需要又一次预定这里，当我到都江堰城时感到地震给都江堰带来的破坏，曾经繁华的城市，而今……！来到二王庙宾馆的时候，使我惊奇的是这里的现状真的感觉不到这家宾馆是经历了地震的，当我进到房间时发现房间和以住依旧，也可以说在这儿不怎么找得到地震后的痕迹，与我同行的同事也觉得奇妙。我们在房间美美的睡了一晚，第二天用完早餐便离开了，虽然这次停留时间短暂，但让我感到欣慰的是：这时里的服务还是和以前一样，周到、细致，员工脸上的笑容依旧那么的温馨与热情，看来要常订这里了！,1,1,0.6393281113334784
是看了点评选择了这家酒店的，果然没有令人失望。每一位酒店的员工都是真心诚意地为客人服务的，在国内可谓首屈一指。比如我们要找酒店的超市，他们不是用手一指告诉你在哪里，而是亲自为你带路，在酒店的餐厅用餐，空调有点冷，我拿出披巾，想不到马上有服务生送上了一碗姜汤，吹海风有点感冒，去餐厅吃早餐时他们竟然发现，并送上了感冒冲剂和姜汤。令我们感动不已。酒店房间的设计和设施都很赞，每天还精心准备了小礼品，是罕有大方的酒店。唯一觉得要改进的是酒店员工对青岛市内具有特色的景点和饭店的了解的培训(当然这也是其他任何一家酒店都很难能做到的)，因为实在没有什么其它可建议的了：)补充点评2008年8月1日：建议大家不要去青岛海底世界，离海景花园很近的极地世界就很好玩了，去过极地再去海底会很失望大：),1,1,0.6392229712362382
关于1元的保险费，钱虽少但你应该事先告知，哪有强买强卖的，因为赶时间所以就没计较，有时间一点好好理论一下。,1,1,0.6387848207441345
房间有漏水痕迹，内部感觉也不好，价格也不便宜，不想再次入住,0,1,0.6382586926782644
"比较满意,没有那么恐怖,一个晚上还是可以的.骚扰电话倒是一个没有....貌似整改过?那天晚上我去的比较晚,没有水果了,所以就送我3瓶小矿泉水,还有2小袋雀巢咖啡....整体来说,还算过",1,1,0.638116414535547
"位置稍偏,好在曲阜本来地方就不大.房间设施一般,较陈旧.",0,1,0.6370197890999009
房间设施比较陈旧，空调声音也比较大游泳池对高级房的住客收费，而且和外面收费一样高，觉得难以接受游泳池水太深跟里面的服务员说了也没人理早餐一般,1,1,0.6361007516763667
先定的普通标间，感觉比较差，连三星都不如，就换到豪华标间，是不同的楼栋，环境要好很多，酒店给人整体感觉很平庸，没有啥特点。,1,1,0.6352903865344595
房间还可以，比较大，但是临近马路，早上被车辆声音吵醒了，还有就是桑拿浴室不好，洗了一次澡，我和朋友损失200块钱，怀疑那里有人偷钱，如果各位朋友去，千万不要带现金。,0,1,0.6350582463036836
"""此期间预订，入住首日酒店赠送每间房10元洗衣券一张，通过携程预订，入住首日每房还可获赠欢迎水果一份。“我入住的时候，上面两项一个都没看到。。。宾馆反馈2008年7月16日：首先对您上次入住的时候漏送洗衣券及水果一事向您表示深深的歉意，由于您入住当天为6.18会议接待高峰，造成前台漏送您洗衣券及水果，我们已严肃处理此事。在您下次入住的时候我们会补送洗衣券及水果并为您提供更优质的服务。",1,1,0.6308755219117093
酒店的房间装修得飞常好，空间也很大，可是我非常不能理解的是，300多一晚的酒店居然房间不提供免费上网。另外，枕巾洗得不干净，说实话下次不考虑住了。,0,1,0.6302407072203196
地址错误环境糟糕服务不到位有点上当的感觉,0,1,0.6298843522009968
很偏远，外面修路，很脏乱，房间还行，服务一般,0,1,0.6297778958676934
"1.订的是海景房,但看到最多的还是正对面的正在施工的高楼,所谓的海景就是旁边的那点缝隙.2.大堂和电梯的装修味非常浓列,还好房间的气味还能忍受,不然的话,力马就得换酒店了.3.最令人气愤的是,由于带着不满两岁的孩子,难免把床单弄脏了些,竟然让我们付100大元的洗衣费,买条新的也应该差不多了吧,由于交了押金,也只能任人宰割了.我们马上换到了泛海名人,总算住上了真正的海景房,靠在窗头就能看到大海,白帆,栈桥,小青岛",0,1,0.6295122026862432
一般的4星左右水、的来呼呼。格太。,1,1,0.6295116427348507
"完全达不到四星标准,前台小姐臭着一张脸,南楼的服务小姐还是瞒热情的.被子有一股怪味,洗手间地板不整洁,电视没有国际台,半夜还接到按摩小姐的电话.唯一觉得还可以的是中餐厅的菜还可以.用餐也不贵.",0,1,0.6279688896362078
"大年初一入住的，是西楼的海景标房，酒店比较陈旧了，房间很小，奇怪的是不开空调都热得不行。西楼是一期，东楼是二期，但西楼更靠海。海景标房都是在楼的两面，所以看海景都需要侧头的，有点累哦。但到底是老五星了，服务效率很高，送什么都很快，酒店柜台的服务生都很殷勤和礼貌。我把携程的预订单带着为了可以看飞机时刻，结果在checkin时忘柜台了，当晚打到柜台让留着会去拿，结果转身就忘了。四天后要飞的那天才想起，打到柜台居然还在，大概五分钟后就有小弟给我送来了，很开心。另有一点,我们在酒店的咖啡厅用过一顿早餐，小姐很可爱，但是苦心等待等来的黑椒牛肉却咸涩异常，不晓得是当地人口味如此还是我们的运气不好。",1,1,0.6278706790707964
"酒店不管是外观还是内部设施都已经落后了,提醒一下,酒店2007年装修,那只是10-14层,恐怕携程的客人是无缘入住了.其实地理位置也一般,虽然步行15分钟到步行街,但每天的往返还不如住在附近.总之,488的价格太不值了.",0,1,0.6270814543435681
"虽身处繁华地区,但房价非常经济.卫生.服务都不错,中央空调.24小时热水.如果下次来一定住此,真好!!!!!!!!!!!",1,1,0.6270257085606947
"这次去金源他们的服务意识好象提高了,走进大堂会有人主动和我微笑,前台的态度也比原来热情了许多,感觉好点点了.原来啊,叫一个冷脸...也许以后会来的比较多,只是ctrip不提供含早餐的房间么?这点我觉得不够周到啊.房间这次住的是598的,似乎只是比498的楼层高点,其他再无任何区别.但事实上,金源头即使是同一层,他的房间有区别,有的我记得会大点,有的会小点,我是说即使价格一样的话,希望ctrip以后能向客人交代一下下.",1,1,0.6264484767988752
这次和同事一起订的房间，我在22楼，房间明显没有同事10楼的好，下次预定一定要指定楼层了。,1,1,0.6261406509810059
5.1期间在这住的，位置还可以，在市委市政府附近，要去商业区和步行街得打车，屋里有蚊子，虽然空间挺大，晚上熄灯后把窗帘拉上简直是伸手不见五指，很适合睡觉，但是会被该死的蚊子吵醒！打死了两只，第二天早上还是发现又没打死的，卫生间挺大，但是设备很老旧。,1,1,0.6250051406688111
各方面都很一般，象个小旅店，也没什么太出格缺陷，价格略贵啊。,0,1,0.6246120085902218
五一小长假期间去到碧海蓝天，简直是太失望了。以前南戴河以及碧海蓝天的总体印象虽然谈不上很好，但起码干净整洁，再加上有帆板可玩，去得也都是年轻人，印象一直还都不错。这次特意动员几个朋友前往，没想到首先南戴河全面修路，出入都很不方便；其次，南戴河整体环境弄得很脏，满处都是土；再次，碧海蓝天里面不仅没有任何变化，而且比外面环境还脏。房间价格不低，说是海景房，但门口只有工地和水沟，房间中的卫生也非常不好，自来水都是黄色的。建议协程应该多几家一纬路旁边那些度假宾馆。,0,1,0.6227132724447005
我是在全国雪灾时来到了仁安悦榕庄的，整个酒店就我们一个住户，酒店座落在藏民的村落中，与自然环境融为一体，我看到的是一个白色的童话世界，酒店工作人员及总经理何满先生都相当的亲切，怕大雪封山，酒店派了最好的藏族司机：扎西，第二天一早送我们回了丽江，而他自己连着就回香格里拉，等于要开一天的路（早上８点３０出发，他到晚上９点才到）而,1,1,0.6227087472141709
酒店在装修，整体感觉特别不好，正门都走不了，车也不让停，服务人员也不协助找停车的地方，哪里像是五星的服务水准？房间卫生状况也不是很理想，备品也不像是五星级的，比如牙刷根本就是劣质产品。酒店整体的软性服务也需要提升，看得出是个管理很一般的饭店，服务有员整体素质一般。,0,1,0.6219661277053502
补充：大堂服务的人员太少，感觉不太像四星级酒店，早餐78一位，不知道是不是搞错，记得午餐只有38,1,1,0.6217777102433838
早餐有时8点结束，刷卡不方便，还要压现金，房间打扫不及时,0,1,0.621024069094089
房间隔音不好。网络环境还好。临街的房间比较吵。,1,1,0.6197066507908563
房间靠近马路，太吵了，一晚上听车子声音听到天亮，早上Checkout速度比较慢,0,1,0.6192864074230365
五一节期间入住，建筑挺宏伟，车开到酒店门口没有人理你或引导你停车到位，询问哪里有停车，被答复没有，后来自己,0,1,0.6191922860595473
"酒店房间太小了性价比不是很好,不过越靠北越是这样,没有办法啊,还是南方的酒店性价比好!",1,1,0.6190912450293767
真的是很普通的一家酒店，不应该成为在香港的居住选择。因为：1、在一个小巷里，很难找；2、价格奇贵，且房间又小，也就是国内很小的单人间也敢叫标准间；3、前台服务冷漠，老对大陆人翻白眼。,0,1,0.6189634813851481
因为未婚夫在美国的关系，他经常要美国、中国两边跑，每次都选择过境香港，所以给了我最好的理由去香港。在香港入住过不同的酒店，这家酒店给我的感觉最好。服务和环境都没有话可说，最感动的是，退房时走得匆忙，一条新买的裙子给忘在酒店房间了，直到回到家收拾行李才发现裙子不见了，当时已经是凌晨2点了，我抱着试试看的心态给酒店去了电话，结果接电话的男士很礼貌的告诉我裙子他们有收到。谢天谢地，经过沟通，以信用卡作邮费支付担保，我的裙子终于在失散一周之后回到了我的身边。下次未婚夫回国，我会强烈推荐他入住这家酒店，我想我以后去香港都会入住这家酒店,1,1,0.6187787413575919
酒店条件还是不错的，因为当天下午2点有考试，希望延到一点退房，怎么和前台商量都不行，于是就早晨退了房，这点比较遗憾。价格上：去了酒店才知道，我即便不找携程网，直接去前台，当天价格也是333，和携程是一摸一样的，所以携程的价格实在不能说有任何优惠。,1,1,0.6179268783837409
紧邻马路和高架，房间非常吵闹！严重影响休息。宾馆反馈2008年3月13日：您好，非常感谢您提出的宝贵意见，现在我酒店进行全面装修后，已安装了双面隔音玻璃，吵闹声已得到很大改善，期待你下一次入住银河大酒店！,0,1,0.6160619241271658
"硬件环境我觉得只有3星,可能是因为我订的是普通标准间.并且前台服务的意识我觉得也没有4星.希望这个宾馆能够提高.",1,1,0.615336715934976
说是9层在装修！但是住5层还是吵得睡不着。怀疑6层也在装修，声音就在头顶。电钻6、7点就开始吵。头痛欲裂。地点很不好找。不临街。宾馆反馈2008年6月2日：尊敬的客人：您好！您在入住期间未能享受到安静的环境，我们深感不安，并向您表示深切的歉意。为了创造酒店优美环境，使广大宾客居住环境更加舒适，我店正在进行客房硬件的装修改造工作，施工时间为8：00－20：00，非常抱歉施工单位未在规定时间内施工，还打扰了您的休息，为此，我们已经与施工方再次接洽，要求他们遵守工作时间，杜绝此类事件的再次发生。酒店楼顶正装修并安装本市最具特色的标志建筑：“金葫芦”，相信您再次光临本店时会给您焕然一新的感觉，更会让您感受到我们更热诚的服务。再次谢谢您的忠肯评价，并真诚地向您表示歉意，恳请您能再次下榻并提出宝贵意见！祝您身体健康，工作顺利、万事如意！,0,1,0.6147353528517298
老掉牙的五星酒店，我们入住的客房窗外就是酒店的封闭露台，窗下堆放疑似废弃的棉被等物品，还好就住一天，拉上窗帘将就一夜，第二天就赶紧离店了。,0,1,0.6144392023267786
"周围环境很好.购物吃饭也很便利。(但是无一线大品牌专卖店)酒店服务不错,但是在入住时发生一个小插曲：说我没有预先付款,还好最终顺利解决了！此外,前台对我是通过携程预定,表现出“不知道如何形容”的表情,嘴里小声说到：啊,携程来的啊&*@#@*....(我略听得懂一些粤语)不知其他携程会员入住该酒店时,是否发生类似情况?",1,1,0.6129801053012305
定得是豪华套间，但一点都不豪华。酒店周围打车不方便，特别在上下班时很困难，也没有地铁或者公交等，周围也没什么饭店。酒店得早餐比较差，餐厅小，吃饭得人多，吃的东西也很少。离铁轨太近，火车开过山摇地动。我住了5天，而且从没提过中途退房，最后携程告诉我酒店说我只住了2天就退房了，虽然最后是解决了，但很不爽唯一好得，酒店工作人员还比较热情,0,1,0.6124430923827805
酒店环境与照片完全不一样，而且设施也比较旧了，服务也不怎么好。,0,1,0.6112882638590652
房间一般，商务大床房间和浴室之间用玻璃墙隔开，装修还应该算是四星级酒店，电视机比较小而且国外的卫星频道只有CNN和BS2，停车场免费,1,1,0.6099529326752717
酒店地理位置较好，到市中心和旅游景点都非常方便。不过房间非常之小，我订的是双人套间，居然有个房间没有窗户，房间小的转身都麻烦。酒店的餐饮部手艺不错，不过价格太高，一个红烧鸡块和一个番茄蛋汤就要42元。最让人生气的是作为一个商务快捷酒店，不小心在床单上沾染了一些血迹（面积不超过半个烟盒）竟然收了60元的洗涤费！,0,1,0.608876375732258
"上网免费，速度也没想像中的慢；当天送新鲜水果，那个桃真甜；会提前联系客户，确认接站信息；单人房，床大小还算中等；房间紧凑，没有书桌，但在浴室发现有吹风机，还有点小惊喜，毕竟才150嘛；总体感觉蛮好，会推荐朋友入住。补充点评2008年8月8日：看到其他驴友的点评，想起来他们的接客的车，的确是蛮新的私家车，但是包车的价格也的确不能跟差头同日而语，虽然被我还掉了些，但是跟市场平均价相比还是贵了，当然一分车况一分价钱也是能理解的。最令人恼火的是，我们是二位包车的，上午去莫高窟也没什么，到了下午去鸣沙山，想给另外二位朋友搭个顺风车，司机陆师傅竟然说要加钱，我很奇怪，难道我们包车价格只含二人吗，同样是载人，载二个和载四个不是一样吗，也没有超员现象，人就不能增加吗？后来在我一再拒绝加钱的情况下，陆师傅似乎同意让我们同伴一起乘车了，由于其他原因最终我们同伴也没搭这趟顺风车。后来到晚上大家从鸣沙山玩好，想一起乘车回市区，那个陆师傅又开始拒绝同伴搭车了，还说这是公司规定，我很纳闷，去的时候同意一起载，怎么到回来的时候又变卦，害我们在同伴面前好没面子，唉，让我感觉接车的服务也不是那么好享受的了。宾馆反馈2008年8月8日：感谢您对本宾馆的点评和肯定,关于旅游包车一事,特向您作一解释:因为您在包车之前说明是两人包车的,所以本宾馆只为两位各购买了二十万的意外保险.如果您的朋友在中途要搭您的顺风车,本宾馆也是站在您的立场考虑,而未让您的朋友搭车.如果在搭车途中万一发生意外,本宾馆不好向您交代,想必您也无法向您的朋友交代.所以本宾馆规定:包车时必须事先说明是几个人,本宾馆会提前为您们购买保险!如在中途增加人员,本宾馆主要从安全角度考虑是不可以的.如给您带来的不便,再次向您道歉,并请您原谅!希望您下次再来敦煌的时候,本宾馆会给您更加优质的服务!",1,1,0.6079198329584571
优点：1、与我住过的其他酒店相比，早餐是我非常满意的自助餐，非常丰富的中餐及西餐，而且携程订是含餐的，非常不错。2、房间内的拖鞋档次和质量也非常好3、房间的淋浴的水非常大，洗澡很爽的！4、地处沈阳的步行街――中街，购物和吃饭都很方便缺点：1、价格还不算太贵，能接受，但房间却是没有窗户的！很让人郁闷的。2、淋浴水大，但下水很不好的！3、电视机放的柜子是老式的，有两个可关的门折叠着，但可上网的桌子与电视柜是平行的，所以上网就根本看不到电视，因为那折叠的门是多出来的。补充点评2008年7月24日：还有就是上网，太差了。每一次上网不是自动获取网址的，而是要填房间号和密码，最让人郁闷的就是一会时间后再点其他网址的话就还要再次输入房间号和密码，太烦了！！！！,1,1,0.6064605785941193
真如其他会员所说，隔音效果真的是一塌糊涂，隔着3件房间，都可以听到他们的电话铃音。并且强烈提议，酒店的床单，被套等一类，换成白色的。感觉上会比较干净！另外总结一句，携程的介绍还是比较符合实际的。另外在临安市是第一高楼了。大概在20层！补充点评2007年7月30日：希望可以在房间内增设冰箱。,1,1,0.6061767309910762
说是4星的，居然没有设置无烟房，实在是无语。宾馆反馈2008年4月28日：尊敬的宾客，非常感谢您入住七星商务酒店！本酒店10楼为无烟楼层客房，楼层及客房均设有明显无烟楼层标志。我们诚挚地期待您下次光临我们酒店，我们将尽量满足您的订房需求。,0,1,0.6043616235316189
酒店还不错，服务态度也蛮好。早餐不算丰富但也凑合。不过有一点非常不好，就是房间隔音非常差。第一晚隔壁那个小孩晚上哭了一晚，早上比闹钟还准时又哭一大场。第二晚隔壁住了韩国乡巴佬，叫了小姐，又是吵吵闹闹一晚上。唉。。。基本上隔壁发生什么事情，这边都能听得清清楚楚。,1,1,0.6036649307116597
"浴陋,有水可洗澡,或水不",0,1,0.6036245301586094
"酒店位置较偏,而且管理混乱.价格过高,不划算.",0,1,0.6032917867283739
轻轨虹口足球场站下来是西江湾路400多号，店在700多号，不近也不远。在预订时间内到达，前台告知订的商务房要再等3小时左右才有空房，建议换成同价位的标准房，于是入住标准房。房间设施马马虎虎：台灯有两个，一个写字台一个床头柜，不错；电视剧有点小，而且经常信号不清，画面模糊；窗正对轻轨，因此有点吵；窗边的墙面已经烂了发霉。另外，夜里十二点多洗澡时热水不足，不过早上恢复正常。进楼道也需要刷房卡，安全措施好,0,1,0.6027649302599417
并没有所说的色情电话，服务态度还行。我很晚才到达酒店，然后想吃饭，酒店的餐点时间已经结束。然后我让服务员帮我买吃的，3菜1汤和1盒饭竟然要了我120。贵是贵，不过忍了，只是住一宿而已。希望服务员改进职业道德，不要乱砸人。,1,1,0.602410902760436
预定时声明要无烟楼层，网站回复也确认是无烟楼层但没有大床房，就接受了双床房。但是下午五点多到达入住时竟然改成吸烟楼层大床房，明显是把我预定的房间给了别人！一再强调入住的是正处在妊娠反应期孕妇，需要无烟环境，贵宾楼那个脸从头到尾拉得很长的男前台无动于衷，敷衍了事地说了句无烟房间住的都是一个月前入住的老客户了。那携程给我的确认信是凭什么发出来的？更可气的是，下午5点多了，房间还没打扫完！让客人干等了大半小时！中餐厅的服务员们态度还不错，不过点的东西吃下去的不到五分之一，胃口不太好。,1,1,0.6014629036369153
晚上蚊子很多，本人及住在另一间房的朋友都被蚊子咬醒，在房间内找不到驱蚊香。:(,1,1,0.6001585357389274
上次出差住的套房，以下几点感受：1，房间大；2，装修很一般；3，好像没有卫星电视节目，上了两晚上网；4，早餐极其一般，就餐环境像食堂；5，附近什么设施也没有；,0,1,0.5994482050552186
"订的阳光的豪华行政房，居然比同事订的豪华房小很多，要不是正巧去同事那边去看看，就让酒过去了。2种房间的价格差了￥150，贵的房间除了面积小了许多-甚至还不如普通标房大，其他设施无任何变化！这种变相斩客的做法是对消费者的欺诈！酒店的行政楼层无人员值班，也无任何行政客人的专项服务：无行政酒廊，无Happyhour,无专人服务。",0,1,0.5994406710817581
我对这家酒店非常非常的满意！！在朋友的推荐下，订了丽江束河吉奥古客栈三天。首先要说一下丽江的出租车司机不能信！当天一下飞机就遇到了貌似老实善良的纳西出租车司机，他很热情的给我介绍了许多当地的特色，给了我许多建议，让我觉得很温暖，后来他问我有没有订到酒店，我说订了，是丽江束河的束奥古客栈，他说现在太晚了，我一个女孩子现在过去他的的出租车只能到古镇门口进不去，我一个人现在去那边不安全，他可以给我找一家条件相当而且价格便宜的酒店，当时一晕就相信了，结果他把我带到了城边一个小客栈，没有热水，没有服务员，没有空调，什么都没有，便宜倒是便宜了，才80元。出租车收了我120元。当晚在郁闷中渡过。第二天换到了吉奥古，感觉非常好，既可以享受纳西庭院暖暖的阳光，又可以享受现代酒店的舒适。一进门他们的员工在吃饭，老板娘就招呼我要不要一起吃，小弟就过来给我提行旅了，下午座在小院里和老板娘喝茶聊天（免费的哦）我才知道这家酒店入住三晚以上是免费接机的，三晚以下收80元（含过路费接机），丽江城随时免费接，可以直接联系0888-5136618。晚上老板娘去古城玩，就把我也带上了，座她的车去的，没有去酒吧街的酒吧，去了家原创民谣吧，感觉很好，叫D调，我只花了15元就听了一晚上的歌，晚上和老板娘一起回来。走的时候80元直接把我送机场，出租车要100元。这家酒店给我的感觉很好，因为就像到了朋友家。补充点评2008年3月25日：最要强调的一点就是丽江的出租车司机推荐的酒店千万不能信！！还有就是买东西的话束河比古镇要便宜许多。这家客栈的条件应该是束河最好的了，特别是卫生间，唯一不足的就是房间小了点，虽然是客栈地，但是比有的三、四星的条件还要好，关键是人很好玩，没有酒店的生硬，大家随意但不随便，特别是老板娘那种边玩边做的心态让你觉得真的很丽江！,1,1,0.5992158474507016
第一次老定酒店，老反映不,1,1,0.5990276631880495
几个月前，曾经住过一次国际金融。感觉不好，就住鸢飞了。这次朋友到潍坊，鸢飞客满，那何妨再试试国际金融？兴许改进了呢不料朋友还是摇头。我以后自己住一次，看朋友是否在骗我。,1,1,0.598232098047868
酒店太旧了，价格偏高，所谓送的三餐没有什么优势可言，总要出门办事，不可能天天跑回酒店去吃中餐和晚餐,1,1,0.598214305103566
这个酒店是当地最好的了，就是这样一个中小城市酒店价格不便宜，三种价格的房间其实区别不大，最便宜的就是没有地毯，木板的，最贵的只是送了两包咖啡，晚上偶尔有送花，所以自己来玩的可以住最便宜的。这个城市也就是这个酒店了。,1,1,0.5977685526031863
酒店没有CCTV的节目，很奇怪，又不是在国外,1,1,0.5974374142742184
从小事看不像四星级酒店：车到门口，门童似看不见，自顾自聊天说话，连啦一下门也没有，早餐品种很少，房间的设施不如三星。但这酒店在黟县算是最好的了，想住的话只能将就了,0,1,0.5959421570202716
"这里的房间是比较舒适,只是地理位置不如解放杯和江北了,也就算了吧,这也不算hotel的错,只是服务上,大堂的人永远比较冷漠,服务生缺少微笑,连要一张停车拳他都会向警察一样用审问的态度问很多问题:比如房间号,车牌号,然后看到房间是我先生登记的,看我又是个女的,表示完全不相信,要我说我先生的生日....不就是个停车拳么?事实上这个hotel",1,1,0.5949337726482922
打电话到酒店问路，总机说不知道，转礼宾部，几个小伙也不熟悉，连东向西向也分不清，不过总算说了个标志性建筑，让我有了方向。问商务中心买份地图让送上来，居然说礼宾部忙，在替别的客人下行李，要等半小时。等就等吧，但足足等了一个半小时，还是电话催了才送的。房间还算干净，但卫生间小的转不过身。退房时落东西了，服务员查房也没发现，还是自己发觉了打电话回总台再查才找到的。总体来说在吉林能住到这样的酒店还不错，但价格一点也不便宜。无论硬件还是服务都是四星的标准。,1,1,0.5945447516091872
峨眉山的确很美，宾馆所处位置也很好，闹中取静是真的。但是宾馆本身设施也就2星水准，房间很普通，象旅馆。刚进去的时候所有廊灯都是关的，一面靠山而建，一进去就是五楼，下面四层其实都是地下，很暗。感觉不舒服的是领我们进去的是个瘦男，光头，像个混黑道的。和朋友出去找吃的，仔细留意一下，空空的大堂里始终坐着几个象打手的人，怕怕的。一个宾馆没遇到几个住宿的人，晚些时候和朋友商量还是退房换宾馆比较好，总比夜半敲门送客来，客走被人敲的好。服务员服务态度很懒散，宾馆停车还要收费，爱停不停。感觉很不好！和朋友商量，立马退房换住红蛛山宾馆，每间只贵200元左右，可是那才真正正规的5星，很舒服。很不明白的是，打电话到携程预定的时候，携程工作人员竟然说峨嵋只有这家是协议酒店，当地人200元就住的酒店，携程要400多。上携程一查，红蛛山不也是协议酒店吗，为何不推荐？,0,1,0.5942473853450121
破酒店上网慢的一踏糊涂。网卡只有10M的连接速度。什么年代了。还用这么慢的交换机。会还有早餐难吃的要死。没什么东西吃的。连煎个鸡蛋都等不到。还是他们的领班在煎店。一边煎还一边在吃。水果就更没什么好吃的了。住了几次就没吃到什么水果。。,0,1,0.5942209374999816
该酒店2008年刚刚装修，室内有浓重的装修建材味道，且窗户无法打开。另外该酒店重新装修过之后改名为现在的仁民，故大多的士司机不清楚酒店的位置,1,1,0.5941684183704365
"还不错，环境挺好，挺舒服的。最主要的就是自然。免费注册网站导航宾馆索引服务说明关于携程诚聘英才代理合作广告业务联系我们Copyright1999-2008,ctrip.com.allrightsreserved.",1,1,0.5940031383551551
房间设备比较陈旧，没五星标准客人非常不满意,0,1,0.5939890913180044
"房间小得无法想象,建议个子大的不要选择,一般的睡觉脚也伸不直.房间不超过10平方,彩电是14寸的,晕死,交通还算方便,离地铁不行10分钟内,但你必须知道哪条是正确的路,如果入住,必须要有心理准备,一个字""小""!",0,1,0.5938921272220796
1.有急事出去，要们童叫出租车，他们就叫酒店里的黑车，价格是普通出租价的两倍。你提出不要酒店的黑车时，他们就告诉你外面拦不到出租车，我们自己走出去时，外面出租车随时可以拦到。住店期间不止一次发生。,0,1,0.5935335863590196
我很晚才住进酒店，打车过去，从大门到我住的那栋，走了好久，本来已经疲惫不堪，还走了那么远一段路，而且晚上根本看不清哪栋是那栋，酒店应该二十四小时提供酒店内接送车和引导。,1,1,0.5932882780821453
晚上询问需不需要保健按摩的电话不停，如隔天一早赶飞机的人，最好拔掉电话线自保。,1,1,0.5920146388724169
房间还不错，床铺比较干净，这是优点。缺点：服务较差，有时候叫服务员服务员居然说你为什么不能自己动手啊，我在国内其他任何酒店从未听过。携程定的房只限二层，来之前没有人通知过。,0,1,0.5910438195767036
"很棒的艺术酒店5－6日外出踏青,一行入住珠海中邦商务酒店。这酒店开业几年了、给住客的感觉却仍旧很新鲜，最近还被评为中国首批“艺术主题特色酒店”,从中邦的内刊了解到业主更计划扩展规模---在附近兴建一座新的艺术酒店。3年前，我曾以这个建筑在情侣中路的偶遇于写过一篇文字，2年前也曾往杭州探访过这个酒店的设计师---由室内设计师,平面设计师和舞美设计师组成的,很棒的一个新锐设计团队。",1,1,0.5889368746982075
"房间设施一般,周围的环境较差,房价偏高.",1,1,0.5888936827119062
入住了传说中的04房间，景色真的很美，赶上个好天气，蔚蓝尽收眼底：）结帐后，由于工作紧张，将信用卡遗忘在前台，很快携程的工作人员就通知了我，很感谢酒店前台服务员与携程业务员工作认真负责。下次来威海，一定还住这个酒店！,1,1,0.5887418663991236
早餐品种太少，交通还算便利，服务态度不怎么样，问酒店买的地图竟然就是旧的别的客房拿的,1,1,0.5884687421229233
地方有点远，不过打车过去还可以，起步价搞定，服务员态度恶劣，下次不到万不得已不会去的。,0,1,0.5865127411638342
"对该酒店不是很满意.预定入住2天.结果入住当日查询无客人姓名.通过协成沟通没问题了以后..再CHECKOUT那天收到协程短信说预定只为一天,另一天客人已退房,这完全是该酒店对协程的欺骗.很没好感.",0,1,0.5864940408840277
"本来觉得这个宾馆住得挺好的,没想到退房的时候出事了,烟灰缸没了前台认定是我们拿了，我们一来全是女的不抽烟二来没小孩会打碎,真是奇了怪了,碰到这种事情真是说也说不清楚了,还好后来经理出现事情才算了结,没被继续冤枉.但是时间还是浪费了半个小时,还生了点气.前台态度不大好,房间挺宽敞,有电脑,海景也不错，但是到半夜的时候真的是太吵了，因为旁边就是马路，三亚市区好象没有禁止喇叭的规定,吵死了,没怎么睡好",1,1,0.5861024754730055
我住过几次这里了，这次感觉最好，我要结帐的时候，想买两盒店里的月饼，但是由于是中午，不能马上取走，前台的小姐积极的帮我打电话联系，让我很感动，并且她们还帮我打水单，谢谢她们!另外他们家是可以刷美国运通卡的酒店，在三门峡不好找呀！,1,1,0.5849614087643744
酒店很旧，服务很一般。只是离火车站比较近而已。实在没什么好的。携程的价格有很大的水分。,0,1,0.5849177511266854
没办法，去烟台没有更多选择。5星级客房里没有熨斗，住了8天，除了送洗或穿起皱的衣服别无选择。海景房除了价格贵外，其它没有什么不同。,1,1,0.5836421269868158
差到一定程度了不如一个好的二星或没星的宾馆呢,0,1,0.5827048860084706
这次预定的是468元的房间（无窗），房间的灯光不够亮，（有好几个灯是坏的）。所以很不习惯。尤其是早上觉得太暗了。建议要预定如入住此酒店，要提前预订。因为酒店每层只有一间带窗（468元）。或可预定前面1号楼的房间。,1,1,0.5819043626496214
1.房间内有很大的气味（可能是墙纸胶的味道），简直无法入睡！2.晚上窗外路上有拖拉机来来往往，若开窗则声音扰人。3.早餐品种少，一般。4.酒店入住停车还要另收停车费，而且车就停在门前的路边，与别处的酒店不同，郁闷！5.房价350在平顶山属于特别高的，该酒店签约价低于300元，看来携程的价格也不底。宾馆反馈2008年2月29日：尊敬的顾客您好：针对您以上对我们酒店提出的意见我酒店已做出了相应的改善：1、我酒店房间于2月10日前全部进行了空气治理，去除异味；2、停车收费只针对过夜车辆；3、早餐品种已做出调整；4、其它问题我们更期待您能到我们酒店亲身体验。非常感谢您对我们酒店的关心支持！并希望您能一如既往的支持我们！,0,1,0.5807622944002674
第一次在网上定酒店，价格是428元，感觉房间比较差，以前来乌市每次都是以朋友公司的名义订房，价格很优惠，这次是自己定的，现在是淡季，我定的428元的房间朋友定只需要320元就够了......,1,1,0.5800202915418589
2007年十一期间入住该酒店的商务大床房，但是床实在不够大，可能也就1.5米。如果是两人旅游不建议入住该酒店的商务大床房。房间还算干净，但由于酒店旁边刚好是一个游乐园，十一关门的很晚，吵得休息不好，几次投诉前台的接线生态度一直不错，但解决问题的能力不够强，第二天退房时前台经理态度十分好，不停的解释道歉，使我对酒店的印象大大的变好了，相信这家酒店的管理还是大有前途的。,1,1,0.579640594284861
"洗澡很麻烦,房间的热水很难调得合适,要么冷要么热得无法伸手,问我通行的朋友,我一起住的五个人都遇到如此的问题.早餐很差!服务员态度还可以.宾馆反馈2007年12月28日：首先，十分感谢朋友们对我店的大力支持！对于以上两位客人所提冷热水交换所出现的问",1,1,0.5786664313210991
方便倒是真方便。可是晚上噪音太大了。正好是个十字路口。整个晚上全过车。鸣笛不止。睡觉轻的还是不要去住了,0,1,0.5766035266952041
"很旧的设施,服务也不好,感觉一般.不能和大城市比.",0,1,0.5763911048474653
酒店的电视节目少.没有HBO....地毯极旧,1,1,0.5753693290330016
因为客户就在旁边一栋楼，所以就近住了，不过这个地方好象也就只要这么一个大点的宾馆吧，同事说好象是日本人开的,0,1,0.5752453091495753
1.诚信有问题的酒店。在前台问价格比网上订便宜多了，然后，知道你是网上订的，就马上改口，然后一定要你用网上的价格结算（由于网上订是用信用卡担保的，没办法），结果，就被坑了。2.房间的蚊子挺多的。3.温泉没怎么清洁，早上8：00去泡，刚换的水，还是很脏，不明白为何人那么少，还那么脏；温泉的设施与开平、阳江比，只能说是落后10年了；4.温泉在山边，空气不错。5.餐厅还行，早点做得不错，与外的几间大排档比，价格上也很接近，在餐厅吃也不错。补充点评2007年10月7日：少说了一点：6.酒店没有POS机，不接受信用卡，这非常少见。,0,1,0.57455274886847
在前台不能刷卡预授权，有点不方便。搞不懂，为什么可以刷卡消费，却不能刷预授权？,0,1,0.5739620693261259
第一住的房都是味，地上有好香灰，后了另外一味那麽重！建酒店清生必注意，及最好有非吸,0,1,0.5727927133639
位于友谊路金融街，找不到吃饭的地方。酒店刚刚装修好，有点气味，我能忍受，同事不行。酒店、楼下餐厅、酒吧、日式料理都是科技大厦单独承包出去的。入住的时候还是第一个月试营业，宽带很不稳定，打电话报修居然以正处试营业期来搪塞。没好就不要让客人住嘛，强烈鄙视这一点。,0,1,0.5718336086618703
酒店是挂星四星，但也就二星水平，早餐花样太少。如果是四星就按四星去做，如果说房价低就不要挂四星，以后考虑换其它酒店。另外宽带还得收20块。,0,1,0.5701177336655783
房间很小，叫什么港式房间，另一种是不可以上网的，现在还有不能上网的宾馆？！早餐还可以。门市价260，我们订的248，呵呵，现在好像改了。性价比太差，哪里是三星的标准啊,0,1,0.5681445059450821
建CTRIP提供更惠的格。我的客人均被告知，退房直接去前CHECKIN可得免早餐。一致要求我退房。有尬，也有的。宾馆反馈2008年4月9日：感谢您及您的朋友选择苏州雅戈尔富宫大酒店，您提出的问题引起了酒店的高度重视，我们会就此问题进行分析调查并作整改。给您带来的不便我们在此深表歉意，期待雅戈尔富宫大酒店能再次为您提供服务。,1,1,0.567958619511672
房型：江景双人商务房/2006、2008（440元/天、间）客房服务：服务员态度很好，但很挑剔，我故意搞脏一点的小毛巾居然被他们发现了要我赔了5元（我到每处酒店都喜欢玩一玩），宽容度太低。建议非要入住的客人自备洗脸毛巾。前台服务：入住、退房、接待及时态度非常好！很有修养！客房：室内温度太高不能调节，整夜打开窗户还凑合，但下面锅炉房轰鸣声甚大。要外出的话穿衣动作一定要迅速，否则，会汗流浃背（室内外温差约50度）！地面看似干净，不小心很容易带上毛发上床（但被褥雪白雪白的，超干净！很细的毛发都能显示得清清楚楚）。窗外松花江太阳岛一览无遗，可看日落！早餐：超级不好，品种少的可怜（比三星差很多），比如牛奶只能说是有牛奶味的开水（很凉）。芹菜抄肉片的芹菜是黄黄的，肯定摆了不少天。餐厅服务员除了收早餐票的，都无精打采。,0,1,0.5674752827126271
酒店看起来设施都比较陈旧，房间里居然没有中控，非常不方便。热水到还不错。前台态度一般.,0,1,0.5673984460268688
交通倒是方便。价格很成问题，旁边同类型、装修差不多的酒店比这间要便宜（150元），可惜携程没有签约。房间算合格。,1,1,0.565507039404798
刚从九洲环宇换到这个酒店，感觉差距太大了，这里号称在市中心，但周围除了天宁寺，没别的。房间有点旧了，老式格局，洗澡水很小。价钱比九洲环宇要高30%多，觉得非常非常不值。再也不会选择这里了，除非价钱降到200以下。,0,1,0.5652509328608306
装修前卫，但是绝对不够精致，甚至有低俗在里面，不耐看！包括大堂和房间，咋不注意，还以为进了装修档次不够的KTV。房间感觉脏兮兮的！性价比低！,0,1,0.5645648432360164
"酒店服务不太好,咖啡厅的餐饮非常茶(品种少,样式老)酒店隔音效果非常不好.第一天住的房间隔壁人说话好象就在房间中,换房后在走廊上的说话听的非常清楚.我打电话都只好躲到洗手间,反正太没有隐私了.酒店设施比较陈旧,在快速路边,外出不方便.携城价格是620NET(不含早),我朋友通过旅行社是610(含早),所谓的500元只是第一天的价格,很有欺骗性.",0,1,0.5641781648352457
我是第一次用协程预定宾馆，到宾馆后发现实际上房价比用协程预定还要便宜17元一间，到了房间，感觉空间比较小，第二天发觉皮肤有点痒痒，与我一起的也有这个感觉。因为我经常出差，无论是价位还是住宿环境，相比较下来住宿条件算是差一点了。以后去杭州的话，估计不会在去住汉廷。,0,1,0.5620121160188409
酒店很新并且很有档次和气派，主楼设计和总体设备设施让人感觉非常不错，周遍是一个广场，视线很开阔。但令人非常愤怒的是，为什么通过携程网预订的客房总是常常被安排在不方正的――床和电视机等客房设施都歪歪扭扭摆放的房间（1710房），真的不止一个客人反映这样的问题，携程网的客人一样付钱消费，为什么会受到不公正的待遇？！难道就是因为那40元/间.晚的返佣费给的不甘心？！酒店在争创五星，应该做到给每一位客人提供最优质最满意的服务，否则受到伤害的顾客永不会再光顾，何况现在酒店这么多……望酒店领导能重视这个问题，解决这个尴尬的局面，真正让酒店在硬件和软件都上五星。,0,1,0.5612572883269544
第一次，也是最后一次，服务与星级不成正比，房间设施也非常一般！,0,1,0.5601291490792609
房间的风景挺不错，望出去就是条古运河，很有古诗词意韵。但房间里的淋浴设施不好，淋浴门关不紧，水龙头出水很小，洗澡很不舒服。电视有两个遥控器，用起来很不方便。最主要前台小姐服务很不好，冷冰冰的，尤其是那个脸蛋胖胖的小姐，脸上象涂过糨糊一样，一点没有微笑。我去CHECKIN和CHECKOUT的时候，感觉很不舒服。感觉服务生的培训有待加强，服务意识太差！！！,0,1,0.5595278795567454
这家的位置还不错，去景点比较方便。老板很热情，店里搞网络的小伙子服务也很周到，还是那位可爱纯朴的服务员“葫芦”。但是设施实在是太差了，不知老板什么本事居然搞了牌三星，我看就是一个农家乐吧。饭菜的价格高得离谱，即使在景区也太过分了，而且口味很差。不过据说要新建和改造了，希望老板今后搞得要好一点。另外，我这次外出在景区都是通过携程订的，价格太高，一般的都要300左右一天。现在景区都到了淡季，房源宽裕，价格较低。自己到当地订的话只要100左右。建议携程在这方面要注意一下，不然今后真的不敢在你这儿订房了。,0,1,0.5588437283655258
不错的酒店，要求延迟退房，第一次同意延到下午1:00，第二次电话，延到了下午2:00。缺点：房间隔音不好，能听到隔壁房间电视、衣架的声音，和人声,1,1,0.5549761618189478
酒店服务满好，房间设施不超过四星，晚上没有骚扰电话。宾馆反馈2008年6月16日：谢谢,1,1,0.554189347339711
至少在目前阶段，这个酒店不适合居住；同时，携程方面提供的信息未能真实反映酒店的情况，比较遗憾。,0,1,0.5533624259544024
图了离火车站近，不能太苛求。不过即使再住一定要住新楼。老楼好像属于文物一类，伪满时期建的？整体阴暗、楼道曲折、房间狭小、服务恶劣、还有骚扰电话。,0,1,0.5521184159264647
是国营企业，宽带上网故障较多，而且没有专人维修，没有晚班值班IT人员，发生故障，只有等了。。。尤其是出差的朋友，请特别注意：因为宾馆是2星标准，没有每日明细单打印系统，给回去报销工作带来很大麻烦！！！如果只是来京游玩，还是可以选择的，环境较安静，是在胡同里，房间还算干净，但是木地板，冬天会感觉较冷。,1,1,0.5516729763287798
酒店设施较陈旧，我们入住的房间紧靠厨房的排烟道，躁声非常大，要求调换房间，酒店答复晚9：30分餐厅就休息，不会影响休息。可是早晨5-6时，餐厅做早餐再次影响休息，酒店采取此种推委隐瞒的做法太不象话了。,0,1,0.5511300670517975
不知为何，成都的凯宾斯基饭店确实不能够与其他凯宾斯基饭店相提并论，硬件倒说不出有什么不妥，但软件却不敢恭维。checkin的时候，信用卡被他们告知有问题，居然是余额不足（这是绝对不可能发生的，应该是饭店的网络出了问题），好不容易在银行工作人员的协助下解决了。Checkout的时候，居然说我用了小吧台的物品，查来查去，又被告知是前一位客人使用的，记在我名下。所以，建议朋友们，如果对服务要求比较高，可能不是最佳选择。另外，这个酒店无论哪个房间，都比较吵。,1,1,0.5493988610483588
"服务:整体勉强有4星级水平问题:硬件水平偏低,房间隔音效果差,门薄墙薄,结账时间偏长,早餐质量偏低,不过在该地段,也没有比这家更好地宾馆供选择.",1,1,0.5493495357215238
"刚开始订的是大床房,后来入住却发现酒店床单很脏,之后给的回复是床单弄错了(因为该酒店同时有公安系统招待所和酒店的产业,洗衣房弄错床单~~~~),很脏,所以不想住,服务员推荐说有豪华房,会好很多,最后选择了加钱住豪华房.~~~~酒店的硬件设施太老了,根本不像是4个星星的.唉",1,1,0.5480968585086263
"我们住的是13楼,不过因为是延马路,所以到了晚上还是有很吵的声音,隔音不太好,房间内的设施很旧,有可能是年代久远的缘故,都不及如家,莫泰168....性价比很差另外还有",0,1,0.5454610784747446
哎，最过分的是现在停车竟然要40块，，，不知道怎么搞的，，一下子性价比低了很多，，,1,1,0.5439967102686675
旧楼(1)房间内设备较差，淋浴室的门坏了没修，以至浴室很湿,1,1,0.5419793842352886
"还不如直接到那里找个导游去订都比携程订的便宜,导游说十一他们能拿到300元的价格,携程给我的价格太高了",0,1,0.5412553385140679
酒店在铁路旁，晚上火,0,1,0.5410370001097938
酒店设施还行，服务超级差，服务态度也很不好，我们本来是在这里开会，结果各个部分互相之间很难沟通哦,0,1,0.5404723350610996
房间一般，洗手间却非常陈旧！环境还很幽静。,1,1,0.5392584704843301
"房间设施可以,但空间偏小,客房电梯很特别(没房卡上不去),很适合某些人使用(偷吃).....前台服务一般....",1,1,0.5385065838639421
房间地毯太脏，临近火车站十分吵闹，还好是双层玻璃。服务一般，酒店门口的TAXI讲是酒店的长期合作关系，每月要交费给酒店。从酒店到机场讲得是打表147元，到了后非要200元，可能被小宰30-40元。,0,1,0.5377769647235905
"相对于这种酒店,房价应该算非常贵的,而且还有旁边的楼在施工.早上4点多钟就开始干活.吵的人睡不好,更可气的是Checkin的时候服务员不告诉你.宾馆反馈2008年5月5日：首先非常感谢您入住我们酒店。对在您入住海景房期间所遇到的工程噪音我们感到非常抱歉。由于酒店旁有一幢商品房在赶工期，所以给您的睡眠带来了影响，我们一定尽量与施工单位联系，要求他们规范工作时间。同时希望您能再次入住我们酒店。最后再次对您的遭遇感到抱歉。",0,1,0.5339380573311417
评价说得花好稻好，也就是一个偏僻的小酒店，酒店规模十分小，房间勉强可以，但是窗口对面不到5米就是破旧的居民楼，这个性价比好像也太差了些。几乎付了5星级豪华酒店的价格（定的是商务套房），实在性价比不高。宾馆反馈2008年6月3日：尊敬的客人，感谢您对星逸酒店提出的宝贵意见。星逸酒店是国家旅游局核定的四星精品商务酒店。我们希望通过最优质的服务让您再次体验到细致入微、彰显尊贵的感受。,0,1,0.5337295924576467
由于在南京住的银河索菲特感觉不错，所以这次来成都退了喜来登到万达索菲特，接机的师傅和行李员都非常的不错，但接下来发生的事情让我觉得非常气愤，问前台要了两张房卡，一张是开不了门的，然后去大堂换了张并出去吃东西，可回来发现在前台换得房卡还是开不了门，在走廊里等了十分钟才由行李员拿了张新的房卡，进房间发现夜床没有开，然后打电话给房屋中心来开也床，最可气的是我的房间尽能听见电梯机器的声音，吵得睡不着，最后打电话给大副换房间，半夜三点钟拿着大包小包在换房间，这是由此以来第一次发生在五星级酒店的事情！！！宾馆反馈2008年3月25日：酒店回复：非常感谢您的光临和对我们索菲特品牌的关注。我们对您在饭店遇到的不快表示歉意，也向您对我们饭店服务和设施中提出的不足致以诚挚的感谢，我们将加强前台员工的培训和监督，使服务质量提升，把品牌做得更好。并衷心的希望您有机会再来饭店体验我们各方面的提高。,0,1,0.5334210671634492
服务态度似乎还可以接受，但可惜的是：我同事房间没有网线口(10层)，咖啡厅很早就关门了，早餐说是到10点半，实际上到9点就没有了，也不加了。送餐服务到晚上八点就停止了。该饭店周围环境很差，被垃圾包围。玻璃是不隔音的，所以，尽管我住在10层，依旧每天早晨不用脑中就被窗外的汽笛声叫起。,0,1,0.5334163167469206
原来根本不知道有这么个地方，看到宾馆信息，突然想去看看。结果喜出望外，就是我想要的悠闲生活。空气清新得让人都醉了，我的嗓子、眼睛在深圳被折磨得不行，到了越王山就一点没提意见了。下次还要去！,1,1,0.5330072728423185
房间较小，配置一般，如家越来越差，如果不在现在基础上加以提高，不出几年就要找不到了，现在只想赚加盟费去了吧？,0,1,0.5328638763683353
这家号称当地最好挂牌4星的酒店真的名不副实，酒店家具房间都很陈旧，特别是2号楼，有点恐怖住里面！慎用！！！,0,1,0.5324271246208152
一般，一般还是一般，但是服务员比较诚信，收订金是多付了200元，服务员马上电话到房间告知，比较诚信。,1,1,0.5310824741369834
所定的房价间并不是水床房，那里水床只有两间，房间的空气并不好，很闷。,1,1,0.5306932941719464
"大堂和电梯厅的装修还是比较有特色的,但客房却相当一般.需要提出的是,不知是否因为是携程预订,安排了楼层最角落的房间,这还不说,门旁边就是设备房,从我下午两点多入住准备休息开始,一直到吃晚餐之前,楼道里就没有安静超过二十分钟!此间,本人曾不下三次出门,对发出异响的客房工作人员提出""抗议"",基本作用不大,依然我行我素,喧闹依旧.实在无奈,只好打电话进行投诉(可查找当日的电话记录).因为几天前曾入住过上海的另一家同类型酒店,差异对比太明显,所以基本不会考虑下次的入住.另外从中环线到达该酒店,需要绕好大一个圈才能到达,不大方便(尤其是自己打的).最后,希望这家酒店以后要""善待""携程的用户，什么拐角，尽头的房间还是少安排得好，建议尽量安排给附近比较多的日本友人的干活！！！",0,1,0.5299484352159817
设施老旧，服务员素质不高借个勺子都要押金借伞也要押金服务员整理房间把遥控器卷到了被子里，晕宾馆反馈2008年5月13日：感谢您的点评。您入住的商务普房（装修较早的房型），酒店前述点评回复有很多涉及的地方，您可看看；押金确实造成您的不便，根据您的意见，我们已经修正，今后不再收取客人类似押金；服务员流动性较大，如何保持服务水平的稳定我们将努力做好。期待您再次光临并留下宝贵意见。,0,1,0.5296704977378471
"餐厅很差,菜的种类水准都不行.酒店基本没有旅游配套服务,其实河南有很多有吸引力的旅游景点,但是实在缺少相应的服务.",0,1,0.5294775474533682
"於公寓式酒店，一般期望也不太高，不不失就可以了。可惜的是入南油後就度失望，房是大，但老土和低量(我住的是豪二人套房)，不推荐住酒店！！最可笑的是那""套票""，多付了六十元打算可以打局保球，Check-in的候了我那些保球券，搞笑的是些""券""是不能在星期五、六及日用的...天呀，Ctripoffice又有提醒，白白多付了六十元，然不多，重是我和女友很，道要平日跑去珠海""打保""？那些券我仍然保留著，想看看南油和Ctrip.com有甚好解！！！宾馆反馈2007年9月7日：再次向您表示深深的歉意。酒店运动套票包含早餐券及高尔夫券或保龄球券，规定平日及节假日均可使用。由于保龄球馆事件当日有位新员工业务不熟，以为您用的是周末不可以使用的其它赠券，造成误会，我们也未能及时了解您的不快，事后我们专门以此案例作检讨，保证不再发生同类事件。为表示酒店真诚的歉意。您的保龄球票随时补办，酒店提供一套免费豪华二人套房给您，并承诺为您提供优质贴心的服务。希望您给我们一个",0,1,0.5288557845200632
房间设施尚可，不过我的房间空调好像坏了，因为天气不冷也不热，没有管它了。这个酒店离机场较近，210一晚，推荐。,1,1,0.5274043342398713
房间极小，无盥洗用具，浴室水温无法控制。,1,1,0.5269678075851884
"有上网但是是无线,停车在隔壁地下停车场,具说没有转人看管,结果提心吊胆一晚上",0,1,0.5267866178757014
非常一般的酒店，服务台上挂的特色宾馆牌子一点不能得到体现，服务态度也冷淡。环境也相当一般，完全么有传说中养眼的出现，不值,0,1,0.5267765412660669
"订的是豪华标准间,房间里的霉味让人简直不能呼吸,好在服务台给换了一个房,虽然霉味还是有,但比第一间好了很多.这,难道就是传说中的豪华标间?",0,1,0.5263820359935396
"门面太小,房间也小,连出租车司机都不熟悉,有待改进哦",1,1,0.5247595071079887
"总台服务员从我来到走,一直没笑过,很酷!宽带慢的让我想起""猫""的时代!中央空调的声音轰隆隆,热闹!要总台安排第2天一早车去机场,满口答应,退房时没人和我落实,我看着酷酷的成都MM,没问,还是自己拉着箱子走到100米外的路口打车!",0,1,0.5212365556006788
简单的说:1、酒店设施确如携程所说，是新装修的，可以说是嘉峪关市比较好的酒店，位置也很好，在市中心；2、服务太差。一是所有房间都上不了网，这和携程网上的说明不一致；二是因为房间全部是东西向的，我们住西边的房间，虽然是六月份，但到晚上依然很热。就要求服务员开空调，结果服务员先说空调在维修，我们因为实在热的不行，就提出要退房。结果他们又说空调好了。结果开了不到2小时，我们又被热醒了，原来服务员又把空调关了。而且，由于空调主机就放在楼顶，一开空调，顶层的噪声也特别大，折腾了我们一夜没睡好，第二天我们就赶紧退房搬到了对面的一家商务酒店，价格差不多，很不错。强烈建议其他旅友要注意,0,1,0.5206221972793498
"电梯很慢,而且只有一部.门面不行.房间小的可以,2个人入住房间里转个身都难!还有就是第2天发现洗手间没纸了,打了3个电话才送上来...不过房间挺温馨,书桌上有3本书籍提供,在其他酒店挺少见",0,1,0.5199987598288366
总体感觉很差！房间设施、服务，还有自助早餐非常差（品种少，本人曾问服务员怎么没有荤菜肉菜，答复：鸡蛋不是荤菜吗？）,0,1,0.5199490948326528
我住的是大床间，房子不算干净，卫生间比较简陋，早餐品种太少，饭店上菜太慢，卫生也是问题，不停有苍蝇转来转去。下次不会再住了。,0,1,0.5195899239576658
"方便的地方:1),离机场近;2),有车接送,很方便.极度不满的地方:1),骚扰电话不停,对电话那头说:'你们再打电话,我要报警了""得到嚣张的答复:""有种你去报啊!""吓得赶紧把电话线给拔了;2),在大堂里面的商店买矿泉水,因为没有零钱,给了张100块的,结果找回一张50的假钱.过后才发觉.不建议大家在那里住.",0,1,0.5184099164944169
除了地段可以，其他是一塌糊涂，惨不忍睹。和招待所差不多。,0,1,0.5178487047784464
服务不则么样，太旧，旋转餐厅不转的，早餐的服务员好像我欠了他们钱一样，很差,0,1,0.5172886579513413
"订了两次这家酒店,遇到都是几乎相同的问题,我在备注里写的很清楚,""不临街,安静,高层,不要KTV上的房型,""不知道什么原因,是携程没有把信息传给酒店,还是酒店的理解有问题,第一次给了我",0,1,0.5168561488210449
真算不上四星级酒店！不过在什邡没有什么象样的酒店了，没得选择！郁闷！,0,1,0.5159036519227022
交通非常方便，娱乐也方便。可是环境太差，太吵。晚上的骚扰电话实在太多。不知道为什么酒店不能隔绝这些骚扰电话。不知道住客姓名的外来电话应该一一阻挡。,0,1,0.5158802967722591
这个酒店唯一的优点就是位置好，离徐家汇地铁站很近，逛街也方便。房间隔音相当差，床垫也很硬，早餐基本没啥可吃的，服务员态度也很一般。上网另外收费，44一天，0.44一分钟，网速还可以，但是老掉线。前台服务员的态度一般，餐厅服务员更差，基本就是站在那一起聊大天。以后宁愿住远点，可能也不会选择这家酒店了。,0,1,0.5154472561643565
服务员太差，房间很吵，隔音不好，房间味道很重，很一般，不如稀土国际大酒店好，收费有低，还是四星，服务很好，离火车站方便,0,1,0.5151992347170423
四星级酒店，符合标准的地方我就不提了，有以下缺点：1.标间不提供免费瓶装水（吧台内的瓶装水8元一瓶）2.距离市区远，根本无法打到车，且不提供叫车服务3.其它餐不知，早餐巨差免费注册网站导航宾馆索引服务说明关于携程诚聘英才代理合作,0,1,0.5127078781293212
"我住的是所５行政房．是，但一出升降已嗅到味．房面和很一般．浴室奇怪．浴缸外面有淋浴花，但只得半玻璃阻水花，所以必很小心淋浴，以免水弄玻璃外地板．浴缸外近地板有明污．行政房住客可在６所行政酒廊用早餐．食物款式少得很，子亦很不吸引，不吃都甚失．以上述的施，房收是$1,027.-是我在深圳付出一仟以上的房住到最差的酒店.以後也不再住.",0,1,0.512456242455143
"总体说来,应该是二星级宾馆.因为定的时间比较晚,所以只有这家酒店了.入住时,问前台一些黄山城市的信息,她们说不知道.一个入住也要办理二十几分钟,而且就我们几个人.房间的设施很陈旧,住的也不舒服.",0,1,0.5103355688406507
"洗澡太不方便了,淋浴一开,水趟满整个卫生间!差差差!",0,1,0.508718959174074
"房间还是可以的,但是温泉的团队客人实在太多,跟每个池子都象下馄饨,吵吵闹闹,不象在享受了.下午去问:人多,晚上去还是人多,第二天一开门就去,人很少,半小时后,不得了,象老式公共浴室,人满为患,团队的大巴士来了!!!",1,1,0.5084231521933928
服务太不好了，晚上房间的蚊子太多了，人性的关怀不好,0,1,0.5070871702095897
住的特价房，总体不错。个人感觉比梅苑好一些。50元的早餐有些不值，东西做得很一般。其间两件事，不知道问题出在携程还是酒店。1.网上订房的时候，显示还有单人房，但是半个多小时之后携程打电话说没房了。此时我已经在去杭州的路上了。这个时候再调整我就很被动。2.晚上九点入住，十点多了也没见着“免费赠送欢迎水果1份”，电话询问才送来两个桔子和两个又小有脏的苹果（一般酒店要么送切好的果盘，要么送清洗过的水果，不会看起来脏兮兮的就送进房间）。当然这也都是小事，不影响入住。补充点评2007年4月6日：床头柜上25元的依云水。。俺喝了。。似乎放在这个位置上的都是赠送的水。。没想到。。喝完了才发现价格标签。。,1,1,0.5058506647858235
设施太陈旧了，位置离火车站近，但附近差不多条件却价格更便宜的酒店多得很！我住九层，晚上睡觉的环境都不好，比较吵，糟杂，我房间对面及左右的房间门都不关，玩通宵牌的，人多嘴杂（也没有酒店工作人员制止）！这酒店真的不太好！,0,1,0.5054170247431787
总的来说不错。服务也还好。我到的时候是12点，前台的小姐查了半天，才确认我订的房间，办手续又花了不少时间，因为前台就一个人，一边接电话，一边给我办理登记。最大的问题是靠近高架的房间噪音实在太大。虽然我之前看过别人的评论，对此有心理准备，但真的住进去，才发现深更半夜，那个高架上汽车飞驰而过的噪音，不是一般的大！,1,1,0.5052071109593793
房间和卫生间连在一起，晚上睡觉总是有心理阴影。即使最贵的房间也一样。水床房起码格个屏风呀。大床房就更一塌糊涂了，像在鸡笼里一样。房间和卫生间格一下成本很高吗？,0,1,0.5051359681684799
"158元和178元的房间感觉没什么差别,退房时问了一下,说是空间要大一点点......",0,1,0.5041611612985014
"宾馆很豪华，周围环境很好，适合度假。但酒店服务很差。五星级宾馆的大床间竟然没有宽带。早餐也很一般。免费注册网站导航宾馆索引服务说明关于携程诚聘英才代理合作广告业务联系我们Copyright1999-2008,ctrip.com.allrightsreserved.",1,1,0.504104226005297
"服务极差,价格高,地点环境偏,房间条件能有一星..",0,1,0.5038367109506071
1.早餐很差。2.服务态度很差。3.地理位置也不好。周围没有什么吃的。综合来说，很差。我是2008年4月28日入住的。,0,1,0.5035979058889388
原本在网上订了两个套房，入住后，携程还给我打电话问是否只入住了一间，要扣我信用卡里的钱。真不知道酒店与携程是如何衔接的？宾馆反馈2007年12月7日：我们非常感谢您的留言，非常抱歉由于一些小误会给您带来的困惑。根据我们的担保订房要求，对于确认担保的房间未入住的会收取当天房费。当然，我们也会进一步加强与携程的沟通与协调，让您今后的入住感觉更加舒适与愉快。,1,1,0.5031461123711691
"硬件设施没的说,房间豪华气派.唯一缺点是前台的退房服务不好,服务员为了自己办公方便,居然让客人自己提着行李从一个柜台挪到另外一个柜台.而且结帐过程中,还不时要停下来应付别的服务,一点都不尊重面前的客人.",1,1,0.5021972016541792
特价房环境非常不好，只有一扇非常小的气窗通向宾馆过道，有点象住在地下室的感觉。房间下水道还往上翻难闻的臭气。请慎重选择此宾馆。,0,1,0.5010326228717121
"房间小的可怜,写字台前如果放个椅子那就和床是零距离了.服务很差,凌晨3点多前台服务员同客人吵架约一个小时,整个楼道房客都无法休息,也许对方是无理取闹,但是事后酒店并没有向客人说明情况并道歉,把所有责任都推给对方,总之长沙之行很失望,小地方毕竟是小地方,但是反过来讲,湖南台办的还是不错的.",0,1,0.5008288797740271
"性价比太差,一个小县城的房价比北京上海广州深圳同级酒店的房价还高,服务跟一般招待所差不多,不值得住!",0,1,0.5007511721378166
一般。除了便宜。一个大问题就是浴缸的设计有问题，洗澡的时候溅出的水会顺着浴缸靠墙那边的平面一直流到外面的地上。等洗完之后，浴室里已经是水漫金山了。我费了老大的劲才研究出来的，原来里面的那个平面是倾斜的，水所以就顺流而下了，一直流到外面。还有，饭店没有大堂，和隔壁一个公寓或者说是商务区公用一个小小的区域，被称作大堂。跟燕山差不少。下回去石家庄，不去这家了。也有有点那就是买东西挺方便的。边上就是北国超市和北国商场，还有麦当劳和啃鸡。,0,1,0.5006146495202491
实话实说，此酒店实在不行，428的套房居然只是一张大床和一张小床，再加个桌子，浴缸没有，热水要好几分钟才能出来，最寒碜的是早餐，早餐是两个馒头，一点点面条，一碗稀饭，我实在想不通凭啥收费这么贵？我把早餐都拍照存档，如果要你们可以实地考察！什么双早，忽悠人呢！,0,1,0.5000380723583187
上次入住，半夜两点，宾馆突然测试电压，将我的笔记本适配器以及手机充电器全部烧坏，幸亏笔记本电脑处于关闭状态以及手机没有插在充电器上，否则不堪设想；而且上次入住早晨停电，没有早饭、洗脸水都没有，东北人的服务意识太差。,0,0,0.4999072646983364
很少上来点评，但是为了让大家有个正确地认识，我愿意花点时间来点评下：我的建议是请你选择别的酒店，因为此酒店较陈旧，最重要的是房间的隔音效果非常差，我本人非常的不适应，当然如果您对噪音觉得无所谓的话，此酒店还是可以的。,0,0,0.4998724379217104
"如要入住住以下,我提最好不要入住,通程有很多.1.要投金苑酒店1.我是定12/26-12/28共二晚金苑酒店.定要求三房在同一.可是有一房在A座($450).另外在($330)在B座.我到前台的工作",0,0,0.49803868139985874
"这样的酒店一般,前台服务员善意提醒预定房间有些吵(靠近高架),因为只有这样的房间才有收费的宽带,查看房间后感觉还可以,可服务员就不能等待10min再下楼登记,而是要求必须马上登记,好像担心我们会偷他们的东西似的.",0,0,0.4974151003728002
酒店实际的情况比网上要差，也许是因为太远了。而且前台价比协程还便宜了十几块。真实山高皇帝远了阿,0,0,0.49643700214831854
"订房间时说,免费延迟退房至16：00点.但是,完全不可能..延迟退房要收半天房费.",0,0,0.4963837785699074
我住的房间隔音不好.设计有缺陷.万州还有一家四星的国际酒店.好像携程没有协议.,1,0,0.4958579627421512
卫生条件、服务水平和服务质量都只能用有差来形容,0,0,0.4901411319605567
好！！当时看到有人评价说什么骚扰电话多，我还心有余悸呢，结果好的不得了吗哪里有电话？我们自己人打电话，总台还会仔细核对身份呢而且房间也好服务也非常的好真的是徐州最号的酒店！,1,0,0.48868497870402827
我是十一入住的，酒店已经进入淡季，整个酒店只有一个餐厅营业，而且一大半的菜都没有，二个小商店一个关门，一个连饮料也没有，只有矿泉水喝牛奶，很让人失望，不过房间的确不错，服务一般。,1,0,0.4882287072976459
实话说，此酒店有愧其大堂挂的四星的牌子。房间除了面积尚可外装修和内置相当一般，恐怕还达不到三星标准。只有一些房间有网络，虽然很先进的用wifi，但是信号非常弱。洗澡的时候发现没有沐浴液，服务员的工作态度十分马虎。,0,0,0.48792299721440324
酒店位置离火车站有点远，房间环境非常一般，而且晚上环境太乱，尤其是前台结账简直慢的从来没见过，让我等了40分钟，以后坚决不住这里,0,0,0.4849928428482881
1、空调噪音大，换了两个房间都这样；2、有蚊子；3、内部空间较为凌乱。,0,0,0.48241133389672364
酒店设施很陈旧（预定时携程网是提醒过的），卫生也一般，与四星标准有些不般配；房间钥匙是查卡（芯片）式，由于用的时间长了，接触不良，经常开不开门，连服务员也要连试几次开行，很不方便。,1,0,0.4823949795235874
门面很小，房间隔音较差，一直听到隔壁房间的声音。电子门锁是坏的，提出后只能给了钥匙。不过离市区还是比较近的，打的起步费就到正大广场。,0,0,0.48153696378296257
地理位置实在是好。我住的是单人大床房，进屋一看竟然跟套房一样，不过一个小屋有桌子和电视，另一个小屋只能放下一张床和电视，实在小得可怜。因为工作所以没有在酒店吃早餐，但是对面的郝刚刚羊杂割的确让人印象深刻，唯一的遗憾就是只有中午开门，晚上不营业……我想在酒店的商务中心买飞机票，竟然被告知不能刷卡，只能现金结帐，因此没买成，不爽！,1,0,0.4791325869663159
11月底刚住过。这家酒店规模太小，楼小只有8层，像个不起眼的小酒店。我的房费是988元，这个钱数可以住其他更气派的酒店了。下次不住这儿了。,1,0,0.4784378892247322
此酒店有欺诈客人的嫌疑！房间的MINI吧里，所有的饮料均标有价格，惟有放在小桌上的矿泉水没有标价，并在该矿泉水旁还有友情提示：用此水泡咖啡味道更佳。我们误以为这是免费的，就用了1大瓶2小瓶。不想在结帐时被告知此矿泉水是收费的，费用高达168元！,1,0,0.47811726802631516
这个酒店很一般！甚至说不好！就有一点离“红门”很近，徒步爬泰山比较方便，但做车上泰山不方便，服务有好有坏，第一天凌晨到宾馆寄存东西，我跑了三趟拿东西，打搅服务员三次睡觉，但并没有不悦的表情，感觉很好！但晚上住在宾馆我提出用一下公用电脑到些照片，另外一个服务员，用话搪塞我！有点不高兴！其他宾馆都有公用电脑满足来宾的上网或倒照片的需要，他们却搪塞！很失望！还有宾馆的被子感觉不是很干净，还摆了些乱七八糟的东西（都是收费的），还有避孕套和男女洗液，很是搞笑！（当然这些都收费）！害的我牙刷都没敢用他们的，不是怕付钱而是怕脏！o(∩_∩)o...不过话说回来携程在泰安找的宾馆都不怎么样！,0,0,0.47739894801914395
"还好了,房间的窗户是不能打开的,电梯要刷卡才能上楼,保安性不错.这个酒店我住过很多次了,可以肯定的是挂二星的牌,并不是携程网所显示的三星级酒店.",1,0,0.4750994613366311
房间差，12点后无热水，早餐品种少，房价贵。,0,0,0.4735418511047657
"酒店太旧了,中午进房的时候吓了一跳,晚上进屋就好多了.因为灯光昏暗的关系.第一次住经济型酒店,搞得感觉很不好.不过床还是蛮干净的,淋浴的水也很大,这个价钱在北京也只能住这酒店了!",0,0,0.4732617341326003
1、酒店比较陈旧，房间小；2、临街的房间噪音很大，从早到晚汽车、摩托车喇叭声不绝，路人高声讲话至深夜，无法安静休息。补充点评2008年6月21日：酒店弥漫着烟酒味道，每天如此，特别是像那种醉酒的人吐了之后的味道，很不舒服。,0,0,0.47260994140177987
也就适合做个落脚点，环境嘈杂，房间陈旧，连窗户都关不上。,0,0,0.47260496376367944
"通过携程订房此酒店的确派人到机场接了我一个人,考虑到他们热情,我专门比原订的三天多住了一天,但走的那天叫送到火车站就不干了,搞得我早上提了行李在酒店门口等了约二十多分钟还没见到出租车,最后坐了三块钱的三轮车到布达拉宫门口再转的出租车.还有就是在走时结账,那服务员(发票签名友珍)收了我当时入住时的收据100元,因开发票,走时没退回我一百元(消费了二支矿泉水实际应90元),打过多次电话,都没与答复,管理方面还是存在一定问题.住了四天,只两天打扫了房间.补充点评2007年7月4日：等闽泰酒店给我一答复后我再给予正确的评价",0,0,0.46947203783191793
"不知道天津宾馆都这样，还是这里确实差,总的来说，如果有选择，我绝对不会住这里了再,弄脏东西还要自己付费,难道他们平时都不换床单,如果你不弄脏的话?",0,0,0.46849479408285344
"房间紧张---由于地理位置,这个酒店的房间通常都很紧张.房价高---285虽然不多，但是要记住这个是经济型酒店.在这个价位不太经济.布局好---本次的房间有一个办公桌,足够大,比以前在电视前面打电脑要好多了.服务一般---这个如家根本没有任何服务可言.推荐入住.",1,0,0.46811656133501656
"2008年02月17日入住兴亚建国饭店,连四星的标准都不够,墙上有多处明显裂缝,卫生间的设施生锈,前台服务一般.服务员还说480元是特价期间的价格.携程订单上有水果送的,一直也没见送.郑州的5星酒店是应该重新评级了",0,0,0.4677790790426429
后悔看了评价。上面老兄的要求也够低的。1）隔音太差2）早餐太差3）卫生间太小4）房间装修太差总的来说就是一经济性酒店。,0,0,0.46730892485323305
"临街.非常的吵.酒店的负责清洁的都是顺手牵羊或者无德之辈.共住了三次好像.前二次一次是洗发水和一次洗澡巾忘拿了.打电话过去都是没看到.估计拿走了或者扔了.因为对合肥不熟悉,并且的确没什么好酒店.住了第三次.真汗!发现酒店的浴巾什么估计外包洗了.我知道全国洗酒店桑拿浴巾这行业非常薄利.甚至不能用自来水.不幸的是估计这家酒",0,0,0.46563276156956995
以前住过，这次感觉没有以前好了。首先是房间里的设施折旧太快，像用了很多年似的。其次是离火车站太近，又在十字路口，白天汽车噪音大，空气也不好，晚上火车进出站汽笛声很吵人。其它的则一般般，普通而已。,1,0,0.46450513045194397
入住这个酒店有一点需要注意的，不要选朝西三环的房间，否则还是可以听得到立交桥上的噪声,1,0,0.4643533413643421
简单的说，当时是因为看到这个酒店07年新装修的，所以才选择他。不过，我想这辈子再也不会选这个酒店了，包括这个品牌。,0,0,0.46380032970989576
"我是四月十三号入住的,挂牌价是258元,经询问服务员才知道携程价228元是扣去早餐费30元得出的.服务态度不冷不热,通知六点叫早,竟然等到六点半才叫.浴室的门打开后人根本没办法进去,水是忽冷忽热,一个澡洗下来,居然洗的皮肤烫伤人又感冒.宾馆反馈2008年5月10日：感谢您对我们酒店的点评，给您带来如此不便，我们向您道歉，我们会加强对酒店服务人员的培训，以便达到更好、更高的服务要求。你的叫醒时间晚了半个小时，我们已经查出原因，因为电脑电池处于低电量状态，所以比正常时间晚了半小时，我们已经修复，希望您能够原谅，我们再次欢迎您的光临，也希望您能提出更多的建议和意见，让我们的服务做得更好！",0,0,0.46172613185594746
总而言之一句话，很差！早餐基本上没有能吃的东西，房间也很差，附近交通也不方便。配套以及服务都很一般,0,0,0.4598501616311872
"1.到饭店时门口数个工作人员，没有一个会打招呼，这种状况持续了两天，直到一天早晨与老外同出电梯，听到礼宾部有人说：Goodmorning!2.结帐时被一名眼前没有客人的前台小姐指到另外的柜台，但有其他人排队时她又办理了。3.一日打电话叫RoomService,要蒸蛋羹，答曰：做不了，很抱歉。这是唯一一次听到礼貌用语。可是，没有蒸锅用微波炉就不能蒸蛋吗？5.中午打电话叫人来取洗衣，回答是：我没明白您的意思。我说有一件衣服要洗，对方立马回答要加急费，我说知道，这才沟通成功。6.房间还算干净。",1,0,0.4597573201977157
房间小，服务水平差（原来开的房间房卡进不去，又换一间），环境吵（外面车来车往），卫生间不干净，价格不低，下次肯定不会去了。不过，天津总体感觉都不好，不光光是酒店，还不如南方的小城市。,0,0,0.45959110201384684
"酒店老化,房间装修差,服务过于生硬,中午退房时间过不到两小时收取半日房费，而其它酒店基本从人性化考虑，不收此项费用．",0,0,0.4593897628244678
"房子太旧不值这个价格。网速超慢~不要住大床房，大床房在拐角，电视很小很奇怪的格局。我晚上冷不给中央空调，说室外温度都19度~~~，不给开中央空调。避孕工具倒是很全~.电视不清楚，而且台很少。宾馆反馈2008年4月24日：我们的客房又做了部分装修,更换了地毯和墙纸.如果您还给我们机会,欢迎您下回再来看看.上网的问题解决了,宾馆以前是使用的宽带上网,现在是使用光纤了.",0,0,0.4538521157618017
"整体尚可.优点很多就不说了.单就缺点罗列如下,望改进:1,房内夜间有异响.象是水滴或是气流的声音.2,宽带要服务台开通才可使用.开始不明白,耽误了好多事.3,被子感觉很不好,不透气,象一层塑料罩着一样,很难受(个人感受).4,落地灯插座没电.只好趴在桌下找桌后的插座.5,卫生间隔音不是一般的差.",1,0,0.4530054821847216
交通不方便，没什么车，隔音很差，虽然是新开的，但是同价位还是选择汉庭和莫泰吧，房间感觉就像是纸糊的，浴室太差了,0,0,0.4523069430963209
还可以。。。。。。。。。。。。。。。。。。。。。。。。。。,1,0,0.4516227925100877
"酒店的硬件真的很不怎样,房间的隔音奇差无比,隔壁洗澡的声音、说话的声音都很清楚，走廊里人走路、开门、关门的声音也很清楚，一晚上都睡不好觉",0,0,0.4508014398011663
10月去的。感觉不是很好。房间和如家的差不多，但感觉差的好大。最让人受不了的是窗户离别人家的阳台那个近啊。都能看见别人家的里面了！！半夜楼道里还有人在吵闹，服务员应该制止一下啦。还有那个中央空调，开了等于没开。洗好澡后还是热的出了身汗。退房的速度也不快！！,0,0,0.4501199752161772
我是一周前预订的，但到酒店后，却被告知没有收到携程的通知，所有人在交涉了整个晚上后最终我们自己解决了住宿问题，我觉得是因为当时去的人比较多，这家酒店就在死赖不给我们房间，以便他们自己卖得太贵。整个过程携程的服务也特别慢。这个酒店的房间也很差。,0,0,0.4498990799559466
"性价比极低,根本够不上4星的标准.送单早,早餐另外收费,68元/位,上网收费,60元/天.下次再也不住了!",0,0,0.44984823703387844
可以说是比较差的一个酒店，酒店走道昏暗，走道和房间内都有一股浓浓的霉味，床单看上去摸上去也是不很干净的，卫生间味道更难闻，里面的设施也是发霉的。最恼人的是晚上楼下的KTV的音乐声，难以入睡。,0,0,0.4479428653830865
"房价非常贵,几乎没有房间可以看到对岸的象鼻山.送的水果饼干又少又不好吃.装修很低档的,离市区很远,附近没有吃的地方,吃个米粉都要打的去市区!(附带的说超难打)!!!!谁想烧钱谁去住这个号称桂林第一第二老旧的酒店",0,0,0.4477778348706223
"没有早餐,非常不方便.另外,对于在携程上点评后,酒店方有小礼品赠品,事先并不知道,是在结帐时看到前台有这样的标牌.能否有人提醒一下.",1,0,0.44773195508593716
此酒店是一座住宅大，由31以上改酒店，我入住的是一一房位，然有放式房，煮食灶，可是任何煮食用具都有。很大可惜只有坐位梳化，床房小得可，床只有一米，洗手也很小，淋浴小企缸跟坐及洗手在一起，剩空只能容一人。一可取的是下酒茶相。附近都是高的住宅，有甚物，$370的房在是不值。,0,0,0.4474259019344976
"酒店服务不行，尤其是餐厅服务人员。房间较冷，没有暖气、电话。不方便。免费注册网站导航宾馆索引服务说明关于携程诚聘英才代理合作广告业务联系我们Copyright1999-2008,ctrip.com.allrightsreserved.",0,0,0.44679466308830734
"千万别去，虽然员工很尽心，但先天条及不足。在齐市没住过好酒店。我看还是试试如家吧。免费注册网站导航宾馆索引服务说明关于携程诚聘英才代理合作广告业务联系我们Copyright1999-2008,ctrip.com.allrightsreserved.",0,0,0.4459455391148518
该酒店新开业，各方面都不完善。携程上介绍的东西很多都没有，包括电视节目，居然没有一个海外节目，国内电视节目也很少。结帐的时候，居然因为餐厅有笔帐单重复计算，让我等了足足有半小时。很需要改进！在商务中心，我希望能用自己的笔记本电脑上网，也同意按照他们要求的一小时20元的价格，但一开始服务人员不同意我用自己的电脑上网，后经一貌似经理的人询问，说是可以，但令我气愤的是，那位经理很严肃的和我,0,0,0.44577810385700456
"我住了2009,房间床头左边的睡眠灯开关不管用，右边的只能关，半夜要开灯太不方便了！街上的饭店20:30就关门了，太早了点吧。",1,0,0.44386165594624083
堂堂四星级酒店，写错了房号。用户按照订单退的房间，给携程反馈的是提前退房。这种服务能符合四星级吗？,0,0,0.44381124959282375
早餐很差，check-in服务也差，我预定的无烟大床，结果进房间发现是2张床的房间，要他们换，发现是大床没错，但是是吸烟房间，唉，将就了。后来发现床垫上放屁股处有一个大大的凹陷，绝对是劣质货。,0,0,0.44198591863587905
"朋友告诉我，是目前肇庆最好的酒店。值得期待的，因为酒店够大，中餐厅出品不错，房间设置还好，看得出酒店的江湖地位。说说要商榷的地方。370元的房价，按要求付了800远的按金，顺利入住。晚上在大堂吧喝了点东西，半夜一点买单95元人民币，以为可以签单，被告知不行，除非在前台另开消费卡。当晚的部长挺客气的，为我和前台沟通，结果可以登记我的入住按金收据号码然后签单。结果我正在洗澡的时候，电话响了，是前台，他们改变主意了，一定要我到前台开一张消费卡，哎哟！我只好答应我洗完澡后下楼去开一张消费卡。当我正准备穿衣服的时候，电话又响了，说不用了！谢谢！我真的要睡觉了。第二天，我们办好了checkout,到中餐厅吃饭，结果先生有点不舒服，于是我们又重新登记入住，这回，前台也没有问我们是否需要消费卡，只是收800大元按金。当晚，两公婆又在大堂吧喝点东西，打烊时，问是否可以签单，当晚的服务员是这样回答的：“今天晚上你必须付现金！”我早有准备，赶紧拿出65元买单。我发现，这里很多曾千年雪封过的俊男美女服务员，缺少服务行业的职业微笑和礼貌，很纳闷，怎么这里的服务员都不会说“请”“谢谢”等行业用语，虽然，旁边华侨大厦是的装修已经旧一点，但那里餐厅推车仔的阿姨给你端上凤爪、排骨、叉烧包，在你的单上盖印的时候，也微笑说一声“谢谢”，在走廊服务员遇到客人也会说一声“早上好”。",1,0,0.4409385759782503
房间太小了，而且我自己用格林豪泰的会员卡定的房间比携程定的房间好，他是五楼的最后一间房，好像是522吧，房间很大，而且床也超大的，比1米8的大多了，希望携程以后可以提供这样的房间,1,0,0.43921670134025137
"上次去住想起来还是很不高兴,根本没有星,好旧的酒店,除了房间大,东西旧得吓人,毛巾在面盆里洗了三次,还是很混的水,再也不住了",0,0,0.43475320732460065
服务人员的业务能力还有待改进住了前三天都有早餐券，第四天续房时，把已经给我的房卡和餐卷中的餐卷给又抽回去了，说你这个价格不含早餐。给我的感觉非常不爽，而且言语很坚决。我商量了很久，告诉他们第二天有客人要过来，需要在餐厅吃饭，况且我要订三间房续订2天，你就当赠送也不是不可以的。死活不同意，我很是生气，让请示经理，才勉强同意说只允许一天的。感觉不满。,1,0,0.4329937764342235
酒店介绍和实际不符，达不到3星级标准，房间不紧张，还要求信用卡担保。到达现场后，客人不满意，最后选择宁可酒店扣除了房费，也选择了喀什的其他的酒店，那就是携程也未推荐的中西亚国际大酒店，价格和其相仿，但是其为四星标准。而且，携程与酒店的沟通做得不好，明明是酒店的介绍与实际有较大的偏差，而且价格比起当地旅行社的价格要高出30%，可是酒店方面还是扣除了我们订房的全部房费，我同样要考虑是否还继续使用携程作为我的选择。,0,0,0.43071398756712126
真不知道之前的点评是怎么得出来的，还以为会是一个不错的酒店，谁知完全不是那么回事。首先酒店没有大堂，是跟写字楼在一起的，checkin要到7层。酒店正门不在马路边上，非常难找。因为是写字楼所以进进出出很多人，完全没有酒店气氛。前台服务尚可，可完全不是4星感觉啊。进了房间那叫一个失望，大床房仅比单人床宽出一点点，你说怎么让两个人睡啊？！楼道至房间所有设施都很破旧，而且看起来很不干净。如果也400元的标准来衡量，这是我在全国入住的最差的酒店了。本来预定了3天的房间结果住了一天就退房了。退房时前台还问我是不是因为他们酒店的原因，看来也不是头一回出现这样的问题了。早餐更别说了，比早点摊稍微丰富点有限。本来当时预定这个酒店就是为了地理位置好，比较方便，但是到了才发现周围有很多酒店可以选择。在它旁边有一家12月1日刚刚开业的海悦酒店，468元促销价，简直是让我捡到了大便宜，除了酒店大堂比不上君悦，其他无论是从硬件设施，还是从人员服务，还是从早餐看都绝对的5星标准。就是由于是新酒店房间稍微有些味道，希望他们可以改进。估计到了正式营业的时候绝对不是这个价格了。最近到成都出差的朋友可以试一试。,0,0,0.43047132219012146
房间小，虽然有窗，但是外面是个平台，上面安装的都是空调，很吵，也不能开窗。卫生间也很小，是那种洗手液一样的洗发和沐浴液。早餐品种少的可怜。,0,0,0.4299424543981153
"我在预定时要求房间一定要安静,但还是给了我一间靠马路的房间,并对我的要求挂断电话,我对这个四星的号称没有冬天的酒店很失望.同样是在携程订的武汉酒店,我只是要求楼层高一点,酒店没办法达到我的要求,携程主动联系我,和我解释,我心情很愉快的接受了.所以环境不是主要,服务才是王道啊!",0,0,0.42470945223478673
"我是香港去的,酒店位置都偏,前台的服非常的好,今次的是高房,一入房就有很的味道,是味......有理,肚出去吃西,十二後附近都有很多野吃....回房睡,隔音很差,一大清早就到人的...........房很大,床也很不..............",1,0,0.4245928429186362
没有比这个更差劲的房间了，近火车站。服务一般般,0,0,0.42419033276251294
"房间的隔音太差!我定的房朝内街,对讲机声和空调声极大!建议加装双层玻璃窗!",0,0,0.4239548113963968
电梯维修，只能爬楼，房间不大，设施一般。房间里居然连个大灯都没有，只有一盏远远的台灯晃着暗暗的光。最恐怖的是窗户外面就是走廊，隔音基本为零，只要有人走路说话，都会有回音，特响。清晨就有酒店人员穿着拖鞋嘻嘻哈哈的走过，您就别想睡了。,0,0,0.42141753911521873
酒店设施很差，根本不像四星酒店。卫生间的镜子边上已破烂不堪，马桶也下不去水。酒店里吃晚饭时，只有3桌，但等菜半个多小时，服务员都搞不清菜该上哪一桌。唯一感到满意的是房间很大。,0,0,0.4196671390353025
一般////////////////////////,0,0,0.41942285147901487
房间设施陈旧，屋子里全是霉味。网络收费为每分钟1元，每天100元，简直是抢。顶层餐厅非常棒，黄浦江美景尽收眼底，漂亮。。,1,0,0.41933547927279147
地理位置不好，快到民族路顶头了，太偏，出来周围没有什么吃饭和逛的地方。酒店房间小，床太小了。早餐简直太差了，除了凉菜和咸菜，基本没有热菜。而且，8点半刚到，就要撤餐。,0,0,0.41901272414438034
"也许黄金海岸有自己的酒店评级机构,给此中心评了个""四星"",不然不好意思收四五百的房租啊!也就二星的标准,大堂里蚊子那叫一个多...卫生间和浴室的门都关不上,的用手扶着!电话不响,得用自己的手机.毛巾不知是哪年的了，估计本世纪初的产品。装修用的是最低档的地砖和大理石...另外，当地民风极差，无论你在酒店里，海滩上，外面餐馆，只要你出手消费，必定挨宰！下次宁愿远赴青岛威海，也不来黄金海岸，南戴河了。海水的品质，也如当地酒店和民风，差！",0,0,0.41873979977435105
１、服务很差。我订的是视频网络大床房，入住时发现酒店里根本就没有电脑。直到退房时，酒店才告诉我，由于该房型已满，在没有通知的前提下，主动帮我换了一间房，是价格358的高级大床房。在我提出要将消费清单进行帐单合并时，服务人员竟然提出要收5元费用的要求。人不能无耻到这种地步吧！２、我住的房号是2727，房间过小，能看电视的空间只能摆下一张凳子。换句话说来个客人，只能坐在床上。３、硬件配备不足。没有放行李的行李架，没有晾衣服的晾绳。４、酒店出入打车不方便。酒店设在一个远离马路的拐角里，出租车出入要过一个卡站，非常不方便。且酒店门口空间较小，出租车只能停在离酒店五六米外停车。不方便。,0,0,0.41836909225371355
"四星设备三星管理二星服务客房服务可嘉前台服务尚可就是慢。餐厅不知什么是服务只知端饭送菜到桌连怎么放都不懂菜还搞错奇慢免费注册网站导航宾馆索引服务说明关于携程诚聘英才代理合作广告业务联系我们Copyright1999-2008,ctrip.com.allrightsreserved.",1,0,0.4172636230415531
房间小得无法转身，晚上十时没有热水冲凉，找人帮忙，坚持说水是热的，只是不够热，因为有客人中午时提出水太热，所以调到低温，如果嫌凉，可以重新调到高温，但必须一小时后现能有热水。他们说这话时，我女儿就可怜兮兮地裹着条浴巾看着他们发呆。,0,0,0.4172259230427439
1、房间太小，小的有点过份。所谓的可供上网的台子小的快连笔记本电脑都放不下了。我在搞电脑时，差点摔破酒店的杯子。2、此期间通过携程预订，酒店赠送精美钥匙扣。钥匙扣在哪里？好像没送。3、早餐时间8时40分要求在餐厅煎蛋的服务生，煎个鸡蛋，回答说今天煎蛋结束，我说为何？服务生告之没蛋了，我说还有二十分钟早餐才结束，为何就没蛋了，仅仅是个鸡蛋。当时想找他们经理，算了吧，还是写在这里。4、失望。下次不去再去。,0,0,0.416519288158004
典型的垃圾酒店，和同档次的王府饭店和李汪大酒店差得很远，服务差，设施差，给我的感觉是酒店的服务生是上帝好像我签了他们钱似的，checkin的时候无缘无故态度极其恶劣更别说笑容了，建议不要住那里。,0,0,0.41272055106178307
酒店的环境也不算差，价格也比较便宜，但是我建议不要去住这个酒店，我住的是高级海景房，房间相当的小，设施也很陈旧，房间里的空调噪音很大。如果我在去，我不会选择这个酒店入住了,0,0,0.4121879210297451
宾馆竟然不能提供网络调试服务，我做了一次兼职的网管，呵呵！很有面子，去得那天天气冷，刚开始有点不太适应，要空调遥控器，说现在不提供；要加被子，说没有，当时很郁闷，不过做了兼职网管之后很快就提供了这两样东西，很开心另外，前台太小，性价比不高补充点评2007年10月22日：顺便说一下，前台竟然不知道长途电话的收费标准,0,0,0.411540777758379
我是代同事们预订此酒店，之前听说此酒店不错，但没想到几次打电话到酒店咨询事情，前台服务员的态度非常不耐烦，非常差。作为酒店，前台是举足轻重的部门，竟然有这样的服务，令我非常失望。,0,0,0.41135404601726794
"很痛苦的经历,酒店9楼以上才是客房,好像从3楼还是5楼开始到8楼,都是夜总会,还有日式KTV,所以到了晚上10点开始就非常的吵,感觉整个房间都在跟着震,第一天住的是9楼,到了晚上睡觉后,才发现,所以几乎没怎么睡.第二天换到14楼,才基本上能接受,但还是能感觉到震动.如果对震动感比较强烈的千万别住,我是受不了,不过我朋友好像感觉一般,还行.但是我根本没怎么休息好,这个假日差点被毁掉,幸好第三天就去香港了.而且房价还380,以后打死不住了.服务员还行,有一点还是要说一点的补充点评2007年10月9日：另外还有房间超小,恐怖,和168的那种快捷酒店差不多了.就这还4星标准啊.",0,0,0.41101287723446234
"酒店在桂林站正对面,出站就能看见,适合第一次到桂林的人.那晚我八点四十左右到的酒店,总台一字排开有六人,其中三人问了下好.但都没问我是否需要入住.可能生意太好的原因,让来的人觉得爱住不住.终于有人为我办理了入住.房间是一如概往的小,厕所的地上居然就有二根长头发,喝水杯底部的灰洗都洗不掉,给我感觉相当不好.遥控器也是坏的,根本不能遥控.换了电池后也只能坐在电视跟前才能勉强调换频道.真要晕死.早餐的品种少得可怜,而且超级难吃,还不如就在酒店后巷吃碗米粉来得舒服.看着房间的评选微笑服务人员的东西,才真的觉得好笑.可能是我运气太好,从头到尾没有一个人笑过.所以不评也罢.",0,0,0.4103605594447863
"设施2星，服务零星。担保订单都敢取消，管理混乱，冷淡。免费注册网站导航宾馆索引服务说明关于携程诚聘英才代理合作广告业务联系我们Copyright1999-2008,ctrip.com.allrightsreserved.",0,0,0.4094801648976947
"房间还可以,可是竟然没有网络.上网要到大堂非常不方便.前台人员素质很差,要求换个房间给他们谈了两次,每次30分钟,最后领班来了才解决.",0,0,0.4093793708449346
性价比差，酒店诚信更差，尝试住了一次决定不会再住下一次宾馆反馈2008年7月7日：客人原订标准双人间，到店后想改为大床房，此两种房型存在价格上的差别，因沟通上的差异造成了双方的误解。我们对此客人表示抱歉和遗憾。,0,0,0.40896112638580295
"了二次房间,第一间在洗地毯(前台竟然不知!!??),第二间房门不用钥匙就能开,到第三间己经不是预定的大床房....窗外还有一个蜘蛛在结网",0,0,0.4084731313613761
今天刚从武义回来，特别来说一下入住的新宇明招温泉国际大酒店1/12:00左右到达的酒店，checkin的时候被告知我们订的商务大床房没了，只剩下标房。（因为是在携程上预定的，所以钱已经付掉了）之后，我们的领队和他们的销售人员去核对订单，查下来发现我们确实是订了商务大床房，再让我们等了半个多小时之后，终于给了我们别人刚退的房间。之后，由于要清洁，我们又在门外等了二十多分钟，终于进了房。2/因晚上19：00有泡温泉的安排，所以想早些解决晚餐。17：20的时候拨打客房送餐服务，服务人员说这段时间没有送餐服务。我想可能节日期间比较忙，也就没有在意。那我们就直奔餐厅，17：30点完菜直到一小时之后上了第一个菜，其他客人的桌子上也是放着一两个空盘子，并无上菜迹象。其间催了小姐好几次，完全置之不理。因为赶时间，我只能亲自跑到厨房间，催着他们把一个菜送出来，然后自己把菜端上桌。这个时候，已将近七点，我们决定买单，其他没有上的菜不要了，即使肚子还是空空的。之后里面的小姐端着不知谁家的菜，一个个桌子的问，场面之混乱，实在令人啼笑皆非。3/浴室的水温不稳定。要么很烫，没有触碰笼头的情况下，又一下子变得很凉。以上这些因素直接影响了我们在旅途中的心情，作为一家四星级的酒店，实在很难想象它的服务竟是如此，希望能有所改进！,0,0,0.4083368043182136
十一期间携程订的鸿展楼，网上说是四星，到地方一看怎么也不像，问服务员这是四星酒店吗？她说，是的啊，指了指大门上用红胶纸剪的四颗红五星。这就是四星，我昏。大堂人员解释，迎宾馆是四星，鸿展楼是附楼，没有四星，原来如此。房间很大，设备很旧，床单也很旧。不过价钱不贵，一天是178。早餐不太好，牛奶没有牛奶味，餐具也不是太干净。不过也不能小看这家酒店，每间房里有一本画册，上面满是朱容基、李鹏、经叔平等国家政要在这里的提字和合影留念。补充点评2007年10月7日：住酒店停车还要收费，我是第一次遇到。,0,0,0.4067683793112786
很不好我订金刷卡房费付现金刷卡的也一样跟我收我打电话去尽然要我到厦门拿现金实在是无理,0,0,0.4058904243692986
"由于五一当天决定出去玩,订晚了,只有三家酒店可选择,就选了这家.优点:酒店在青山湖边,房间要选临湖那面,感觉还算清静,酒店的绿化还算好.缺点:房间设施太过简陋,顶多是个普通的招待所的标准,卫生间太简陋,那个马桶简直脏的吓人,不是打扫的不干净,不知道是用了太多年还是质量太差,整个马桶都是乌其麻黑的.不要在酒店吃饭,太湖源,天目山景区里有农家乐,找停车多的那种,价格公道,材料新鲜,那个土鸡汤味道真实鲜得来...",0,0,0.404614695210379
房间设施太旧、太差，环境也不好，房间大而无用。非常不喜欢,0,0,0.4016047081597859
入住时间：3月28日晚；交通：距市中心和临时火车站都不近，虽然门口就有公交车，但车次少、时间长。走300米有地铁。周围环境：门前的马路好像新修过的但又没有修完，感觉七扭八歪、乱七八糟。周围非常偏，什么都没有，超市、餐馆什么的通通都没有，能看到的就只有工地和一座荒了的清真寺（很久没人的样子）。空气很不好，还有扬尘，幸好入住那天下小雨，不然风沙会更大。装修：以前住过别的快捷酒店，装修风格和质量都比如家的强，同价位的房间也比如家的大，对比之下，觉得如家的性价比不高。配置：还算齐全。电视可以收到湖南卫视，但信号偶尔会有断掉的情况出现。有小饮水机，但水不多。差评：1、不知道如家是不是都这样，反正他家浴室的地面特别滑！我洗澡时就被滑倒了，因为摔得不重才没有投诉！那地板根本就不防滑，一沾水就像踩了油一样！！,0,0,0.40068975663841494
号称平遥最高级的四星酒店，实际只是二星半的硬件，二十年前国营招待所的服务，差极了。可能因为住客少，房间长期空关，酒店西翼的房间一股霉味，厕所还泛出阵阵臭气。建议坚持要求酒店东翼房间。-酒店不收信用卡，只收现金。住客在餐厅消费不能签单，必须付现金。-酒店提供的洗发波/浴液质量低劣。卫生纸污迹霉斑。强烈推荐自带洗发水、卫生纸，以免飞来横祸。-酒店床上用品“一客一换”，住客不离店不换床单。-早餐极差，基本吃素。-行李生推荐包车服务疯狂宰客。去王家大院包车半天（夏利）来回竟要价400元。我出门上街拦车，才200元（高速通行费来回30元另计），还是桑塔纳2000。不过据说平遥其他的酒店更可怕。打算住在平遥，丽泽苑是无可奈何的选择。,0,0,0.4004297033283951
酒店有异味，无空调，给人的整体感觉很破旧，根本不能称为四星,0,0,0.39958566779975324
"关于这次入住情况,不想在这花太多篇幅评论,只是简单说一下情况,希望以后携程遇到这样的情况,要启动快速反应机制处理,以免耽误行程.因为是夜班机的关系,我是凌晨两点到酒店的,在疲惫不堪的情况下,按照预定的时间来到宾馆,在前台上叫了十分钟才有人从后面出来,还是睡不醒的样子.我报了名字后,她说查不到我是携程定的房,但后来又说有,于是我就快快办好手续就入住了,住了两天,退房时竟然比我预定的198房价多了80元,前台的解释是当时没有198的,就给了我这种房型,我住的房型叫商务大床房,竟然只有大概5个平方!我问难道还有比这更小的吗?回答是有的,马上晕倒!~~~~~~~~最后的协调结果是我等了两个半小时,打了携程六七个电话后才解决,问题是解决了,但相当不愉快.",0,0,0.3971791184612325
"住标c,不要住在靠康乐中心那头,泵房太吵了,估计专留给携程的,入住时说是2楼都有噪音,观察下来,根本不是,就2楼面对泵房的几间才吵.",1,0,0.39642609251920513
"千万不要住综合楼,那本来真的是一个宗和楼,在路边,且在景区大门外,跟一个路边酒店没区别.另,之前看点评说那里的温泉少,服务差,还不信,体验的结果是:服务员说,来多少客人开多少池.结果我们一群人在一个池里,好在小朋友不介意,但我介意,这是广东省最差的温泉.唯一的优点:综合楼改成的客房面积很大.",0,0,0.39629694684292965
看了网上的留言才定的假日酒店，到后有些失望，很一般的招待所而已嘛．为了安静定了山景房，可是三更半夜的，人说话声加上共鸣比自己房间说话还响，太吵没睡好．,0,0,0.3962029219118749
房间比较陈旧，没有无烟层，商务间和会议室在一起，白天环境很差，早餐非常简陋，服务态度先不说，单就服务质量而言就很不令人满意，客人大部分都是国内来开会的，不推荐个人旅行者入住。,0,0,0.39354032176365994
除大堂像一个挂牌五星级酒店外，其他真的没找到可以达标的。设施陈旧，比如地毯差，而且脏！床和被子跟一般的小酒店差不多，卫生间也一般，总之在大堂感觉很好，到了房间就发现被大堂忽悠了！,0,0,0.39235504719756736
晕~~~搞不懂。我去上清寺地区办事，准备选择东方花园饭店和雾都宾馆，我一下飞机，携程推销员向我推荐雾都宾馆，说东方花苑满房，并且停水停电，最后我选择了雾都宾馆，可是雾都房间小，周边生活很不方便，也没有什么超市商场，酒店管理和服务都不好，第二天，我想换酒店，可是头天推销员对我讲东方花苑都满房并且经常停电和没有热水，但我又要在这个区域办事，然后我就打电话去酒店，告之有房间并且一切正常，打电话到携程，又被确认了，不知该推销员是怎么搞的？？东方花苑服务好、房间够宽敞舒适，周边有3家大型超市，还有很多重庆小吃店，关键是晚餐陪客户喝酒没吃什么东西，附近吃夜宵很方便。,1,0,0.3920640727779893
很失望，不知道那四颗星是怎么得来的。住的单人标间，328，房间很小。一直有流水的声音，可能是暖气?隔音也很差，我房间隔壁是服务生房间，一大早就开始活动，分配工作什么的，吵醒我，再也没机会睡着。房间的小冰箱里只有可乐，晚上想喝啤酒的要注意了，自己带。早餐种类不少，就是餐厅太冷了，因为我去晚了？早餐也都凉了。,0,0,0.3915256946872377
事实上只能算一个好一点的招待所，只是大堂装修得好一点而已,0,0,0.39146522174612036
隔音很差，又难找，老厂房改造，门口接待小的差点找到隔壁的酒店，上海人的小气,0,0,0.39126287928921627
"差得要命,很大股霉味,勉强住了一晚,第二天大早赶紧溜",0,0,0.38995709572390835
该酒店卫生情况较差，特别是早晨6点多，我听到卫生间有两只老鼠在嘶叫，感觉特别差，硬件设施与价格不符，失望，太令人失望,0,0,0.3895753952633351
"很一般的设施,很陈旧.服务也很一般,价格和设施是完全不相关的一个酒店.不会再考虑去入住.",0,0,0.3895024908651457
"准备带一家人来过年的,订了两天两个套间,就为了图个清净.可是除夕下午患了感冒,晚上房间里的空调根本不热,而且声音奇响.结果第二天只能匆匆提前离开.酒店位置很偏僻,自己没车进去了就出不来,周围好象有些象游乐场的设施,但冬天好象不开放,不知夏天怎么样.",0,0,0.38941100040994936
装修的味道特重，熏的人特难受，临街的房间特吵，吵的无法入睡,1,0,0.3891724228288884
1.服务很差，要说英语可能会好一点2.房间设施旧且很差，最差的是床。和招待所的一样3.交通离地铁较远但巴士较多。乘巴士反而方便。可乘A22去尖沙咀，比地铁方便且快，只要二十分钟补充点评2008年3月5日：1.服务很差，要说英语可能会好一点2.房间设施旧且很差，最差的是床。和招待所的一样3.交通离地铁较远但巴士较多。乘巴士反而方便。可乘26（A22为机场线）去尖沙咀，比地铁方便且快，只要二十分钟,0,0,0.38867375820437855
酒店是旧房改造，怪味根本无法忍受，若不是酒店不肯退当天的钱，我连这一晚也决不会呆。酒店没有提供饮食，旁边的永和超贵，没有什么好吃的。不明白其他朋友怎么给这么高分？,0,0,0.3884611460108559
"于山宾馆服务非常差,是我从未见过的恶劣.柜台动作慢,态度凶,脸色臭,房间没空调又冷又潮,餐厅更差.可能是政府公营,不在乎吧",0,0,0.38778807835228585
饭店前台和预订部缺少起码的沟通，信息传递很满，而且前台态度很不好，电话声音很小，不热情,0,0,0.3876487838036111
该酒店给人的第一印象就是：不专业。缺乏培训、管理不严，抛出硬件不讲，管理上跟私人小旅馆不相上下。酒店的餐厅应该是外包的，所以下午三点我去问是否营业的时候，接待我的先生会躺在床上和我一问一答；明明开了两天的房、交了两天的押金，只过了一晚还是会来催你退房，以便她们打扫卫生；应该说从酒店的硬件上看，老板还是投了很多资的，为什么不能请一个专业点的人来管理呢？建议大家不要住，感觉实在太差，失望是必然的，气病是可能的。,0,0,0.3866323157965181
"酒店的门面实在是太小.从旁边走过不注意看根本就发现不了.同路上有很多的酒店,与其他的相比更是无法相提并论了,前台服务员的态度也很一般,甚至可以用不好来形容.我住的是经济间,和他们介绍的相差甚远,估计也就有个7.8平米的样子,经济间的布局过于紧凑,多余的一点点的空间都不剩下来.住了两天.唯一只发现这里交通比较便利,其他的优点一个也没有发现了.",0,0,0.38644410267749446
房间根本就是走廊通道改建的，又长又窄，窗户很小，窗户外面是救生楼梯，旁边是一扇好大的铁制的救生门，住在里面一点安全感也没有。没有宽带。没有冰箱。没有烧水的壶，只有一部不是很干净的饮水机。浴室也很一般，看起来脏脏的。周边环境也不是很好，不像市中心。地下停车场又小又黑，附件也没有好的停车场，对自驾游的我们来说极不方便。根本就不像是三星级的酒店，与网上介绍的相差甚远。,0,0,0.38565076890748756
从携程订房无数，唯独这家实在不感恭维。从走廊就开始一股酶味，房间也是。而且窗户是封死的。最可恶的是明明订的房间含两份早餐，前台只给一份的餐券，还说要另一份的话要就餐者拿身份证来登记。我靠，中国什么时候兴吃饭也要身份证了。我花了两份的钱，凭什么只给我一份。我的另一份，我把餐券撕了扔了，关别人什么事。此宾馆实在霸道，以后离之远点。,0,0,0.3854889928369971
房间设施太陈旧，缺少衣橱，卫生间的瓷砖以及毛巾都发黄了，好象是别的酒店淘汰下来的．总的来讲有点对不起２０９元的房价．,0,0,0.38485154113669134
"入住单人大床标准间:给人感觉很陈旧,浴室的门漆都掉了;毛巾是很破的,虽然没用,但觉得真是少见啊;晚上入住还看不太出来,白天的时候发现原来地毯也是很脏;晚上从十点多开始到半夜两三点,过道不时有喧闹声打闹声,个人猜想是入住隔壁的游客,更过分的是还有人撒酒疯乱敲房门,而酒店居然没有人来制止,直到我们打电话联系总台.",0,0,0.38456136287202597
先说个差的吧：热水黄得要命，每天打电话问总台，得到的回复都是在洗锅炉。携程最好能做到贴图的，我把浴缸要命的水的照片发上来。好的方面是地理位置比较好。最近太原在大修路，交通有时候很堵，没办法。旁边一家酒店更差（当然不是携程指定的），不敢盖被子，凌晨冻醒了，居然找不到被子。因为我飞机晚上9点半到，酒店人员说是打电话给我，因为手机没开，结果房间没给我预定。在旁边的一家住了一宿。希望立马改进。补充点评2007年6月30日：洗了一个星期左右，实在看不下去了，找个当班的上来，臭骂了他一顿，他转身不到两分钟，水就变清了。这不是欺负人么。,1,0,0.38404476470714227
1.老标间一股怪味，换了个同价位的单间，新装修的单间感觉较差，卫生间漏水，屋顶漏水；2.去房间的走廊过长；3.结账太慢，要等待。,0,0,0.38385347557551
"地方真是偏,连出租车司机都找了N久啊房间到是很大啊里面的设施台陈旧了啊一住进去就有骚扰电话跟踪而来,真是强啊!免费注册网站导航宾馆索引服务说明关于携程诚聘英才代理合作广告业务联系我们Copyright1999-2008,ctrip.com.al",0,0,0.38339143812260995
酒店位置还好，设施太陈旧，太老了！房间面积太小，硬件的设施糟糕！枕头太低！床垫也硬！,0,0,0.382650017098281
"我住241房间,比较安静,地痰很旧,上面还有很多毛头.早餐非常简单,很差,我觉得200多的酒店这种水平还能将就,连牛奶的味道都很淡,除了桔子和小番茄,就没有水果了,而且每天早上要去总台领餐,这也很离谱,即使我们不嫌烦,也增加总台工作量,况且早晨总会有人退房.本来房间送瓶装水是好事,但是那个水质量实在太差,首先瓶子就发黑,而且各个瓶子发黑程度不同,没有开启的时候手捏就很软,明显就是回收原料做的(违法的)(本人就是搞塑料材料的,所以敢这样说,水也有股怪味道,这个实在太过分虽然前面有的评价说这个价格对这个质量还是合适的,那我想说,你们仔细找找,北京远有比它价低,质优的酒店.",0,0,0.3813006251421017
"对香港充满幻想的人初到香港如果住这个酒店,那不但幻想破灭,而且还要对""可怜""的香港人充满同情了-周围实在太...了!我就是率领着这样四个初来乍到的女麽麽于4月份住来这个酒店,给她们上了一堂生动的课!她们于是昂首挺胸地毫不自卑地冲杀于时代广场和尖沙嘴一带血拼了!酒店大堂的指路服务几乎没有,爱搭不理,一问三不知,只好靠自己摸索和街头问路!好在都还顺利.我们两个房间,一个要求加床,结果床加到了小房间,超挤不说,那床还格外软,人都陷进去了!一切看在价格的份上,都还OK啦,毕竟在香港么!补充点评2008年7月2日：千万不要为了""海景""两个字破费,趴窗台上斜着望出去,视线还要穿越两幢大楼的缝隙才能欣赏所谓的海景,都到香港了,海景不要太多哦!",1,0,0.3806770160863052
按照预定的时间去住宿，携程却说我的订单取消了，对携程的信誉产生明显的怀疑。不是一个值得信任的网站补充点评2008年1月24日：给携程的800打电话，得到的却是一些冠冕堂皇的敷衍的话。,0,0,0.3803808581404949
很一般，服务态度不好，我走的时候有个密封的纸箱子需要帮忙拿下来，我先到前台结帐并找人帮忙拿下来，就在短短十分钟时间，查房的服务员擅自就把我密封的纸箱子拆开并翻看里面的东西，等和帮忙拿纸箱子的门童上去时，很气愤，质问服务员，服务员还振振有词，真是服了。不知道是不是有值钱东西就直接拿走了，幸好只是一些资料。,0,0,0.3781783717162789
住过的最差的酒店之一，房间有霉味，我住的是套间，外间有个电脑，网速很慢。早餐奇差！为了和其他的人一起，凑合住吧！,0,0,0.3770454413012901
"设施陈旧,卫生差.感觉:四星的大门,二星的客房,没有服务(住了两晚,没见服务员来打扫)补充点评2007年8月16日：价高质次",0,0,0.37469127617356635
五星级的酒店，三星级的房间，两星级的服务，零星级的环境。以后再也不会来这家酒店了。,0,0,0.37459485781167356
"接机服务还不错,那天是酒店喊了辆出租车把我们送回酒店的,但房间太小,布置也不温馨,其他房间一直有人进出,隔音条件很不好,最可气的是,第二天一早七点,隔壁房间竟然在打冲击钻施工,太差了!下次绝对不住了!",0,0,0.3734699828408169
以为和温州的华侨饭店一个系统，入住发现像校办酒店，房间隔音很差，而且不仅是左右，楼上的动静也听的到，房间有一股陈年的霉味，行政房就是大些，湖景一般，是湖的一小部分。服务像国企。,0,0,0.3730635384230631
此酒店简直就是糟糕！环境很老久，离市区还有点远！住在里面的是大量的旅行社的团队，乱糟糟的。上网的话价格贵的吓死你！对于携程优先推介此酒店非常不满，绝对是给的返点比较多。不如住火车站对面的如家快捷商务酒店，上网还免费！不知道携程怎么搞的！自己的合资酒店不推介，搞个这个破酒店。,0,0,0.37265103026650553
汽车站下来后碰到了几个酒店拉客的，喋喋不休，于是通过携程预订了这个酒店。曲阜不大，酒店在曲阜城的北关，从车站过去大概1公里左右，后来坐一个三轮车过去的。4快钱比想象中的要便宜。酒店就是80年代的镇里面的招待所的感觉，大厅黑压压的，过道中N多垃圾，没人打扫，房间里地毯黑乎乎的，房间又小。马桶里也黑乎乎的。。。。另外问前台服务员有没有曲阜直达上海大巴，均被告知不知道。结果只好预订了济南回上海的飞机，第2天早上去车站坐车去济南的时候，顺便问了下售票员说曲阜到上海的大巴有好几班，特别是下午1～3点间有好多济宁等地去上海的过路车经过的。。。但机票已经预订好了，只好返回济南再坐飞机回去的。在离酒店100多米的地方有个曲阜国际青年旅舍，看起来不错，应该挺干净的，家庭房价格也就120块，比裕隆便宜，建议下次大家去这儿住。补充点评2008年5月2日：哪儿有水果送？？？估计今年改了。,0,0,0.3725878300804405
酒店离开市区挺远，很不方便。除了大堂气派，房间根本没有五星，充其量较差的四星，更莫名其妙的是房间竟然没有暖空调，下次决不考虑入住。,0,0,0.3723796549478051
"3月28日和3月29日在此住宿两晚，118每晚，酒店的房间装修比较差，门松松垮垮，不可反锁（靠一个防全开的别扣），卫生间的浴室部分就是一个铅管垂下头，28日晚上抵达太晚了没有洗漱，29日发现没有热水，向服务员反应后，她的第一反应是：“你把冷热水方向搞反了”，我在此住了2晚居然连冷热水都分不清？然后是：“你要多放一会”她自己放了，也是温的不足以洗浴。鉴于在西宁一天快捷的经验，我请她跟锅炉房说一声把水温提到一点，她说：“我们的师傅都是专业的，知道该做什么”。放了半个小时还是没有热水后，我们决定按照其它前面的网友提示的去旁边的“新华宾馆”（新华书店边），装修比这家好太多，才100一夜。总结：设施差一点没问题，但是服务员一开口就是顾客的错，顾客不够专业，顾客什么都不知道，我们就这样住不住无所谓。所以打1分。宾馆反馈2008年4月24日：首先感谢贵宾客对我宾馆提出宝贵的意见，我们在看到你的意见后非常重视，也立即做了改进。客房磁卡锁自带反锁，安全上请宾客绝对放心，本宾馆素以安全著称,24小时有保安人员、服务人员值班，各楼道有公共区域有闭路监控,宾馆执行军事化管理。北楼部分房间只有沐浴，如果需要盆浴，可以要求我们的工作人员换房间，或者在预订单中注明要带盆浴的房间。由于我们房间数量较多，锅炉房距离少数房间有点远，输水管道也相应较长，因此这些房间需要将管道中的冷水放完才会有热水,本宾馆的热水都是保证最低水温不能低于75度才能向客房输送，但对于这种情况可能是我们的工作人员没有向贵宾客解释清楚，并且在语气上也有不足之处，在此宾馆向贵宾客深表歉意。宾馆已对此事作出严肃处理。这种情况我宾馆一定杜绝再次发生。希望您能下次入住我们酒店时，我们能给你更好的服务，以后还多对宾馆提出宝贵建议，拉萨广场饭店全体员工真诚欢迎您。再次非常感谢您对我宾馆作出的点评。",0,0,0.3722709319263002
简直受不了啊，居然有蟑螂，一共消灭了3只，作为1家4星的酒店居然这样很失望，而且上网速度简直太慢了,0,0,0.3711012815200629
"酒店已经比较旧了,海景房也很一般.酒店的拖鞋据称不是一次性的,但没有在包装上说明,再要需要收费10元每双!也没发现这个拖鞋和其他五星级酒店比有什么特别显著的差异!收拖鞋费用实在对不起这么性价比不高的房费!所以你要准备好拖鞋不能在住店期间搞湿弄脏,这意味着收费!可能酒店会理直气壮地给你环保的理由!下次不会在住了,实在看不出有什么特别舒服的地方!可以再去海悦建国试试!反正这个酒店的海景房也没什么意思!而且房间相当一般般!服务也没什么可以值得称道的!甚至肯定比不上泰安的遵华华美达,虽然泰安是一个小地方!",0,0,0.36869701648684855
很明显携程的客人没有受到礼遇。用了8年的携程，第一次怀疑是否有必要继续用携程。2星期前预订的是大床豪华客房要求面对泳池，两大一小，下午3点托人办手续入住居然给了一个1.5米床的单间，至11点回酒店时发现不对经交涉才换了一间边远地带对着住宅的两张单床豪客，理由是有会议没房了；晚上11点拖着行李箱和一只伤脚还带着闹着要睡觉的小孩在酒店奔来奔去绝对令人愤怒。致电要求大堂副理上门解释没有下文，向携程投诉的结果是酒店不会道歉不会免费升级不会减免房费但可以免费送个果盘……靠！当咱是讨饭的呵！这种服务态度不会再来了！当然酒店可能一样不在乎你携程的客人来不来。,0,0,0.3683113581455312
酒店外表及大堂看上去挺好的，本来对它也挺有信心的，而且就在市中心，出行挺方便的，可是从进电梯开始就比较恶梦了，那电梯一点都不像是酒店的电梯，而且从电梯到房间都是一股浓浓的很难闻的味道，很恶心，我订的是标间，设施陈旧又简陋，实在不敢恭维，还说是三星，我觉得它只比招待所好一点点而且，248的收费简直是太过分了,0,0,0.3680104504147738
服务态度-没有态度，也就无所谓好坏总台看人-用眼白门童-门童长什么样子，我没见过房内-锁是坏的酒店说明-连中文也有错（潮州在浙江），更不要说英文介绍了，哦，酒店说明本身的英文翻译就拼写错误早餐，吃完后，又在外面找了点东西吃房间价格：390/晚，押金800？？！！,0,0,0.3677754125013171
这个酒店除了位置好点，没有其他的优势了。我住的所谓的行政间在三楼，房间很小，设施很差，隔壁的总统套间还经常有人打麻将，影响休息。其他附近的挂牌三星的国防宾馆等都比他好很多，360的价钱简直是欺负人，不通过携程还能便宜点。上位朋友说的二楼商务中心的刘先生也不地道，散客的拼团价格他能宰你绝对不手软，林芝二日游别的人团费320元，他收你500元，黑的很补充点评2007年7月18日：一直很忙，今天上来要说几句。酒店的郑董事长对于我的散客拼团费用问题作了解释，也作了道歉，并汇款退回了400元，对此我真的表示感谢，只要有这样对客人诚恳真挚的态度，我想会有更多朋友去光顾闽泰酒店的，也祝酒店生意兴隆,0,0,0.36731721846176946
"1.)订了330的超豪华标房,房内有电脑,但每天上网收费50元.房内没有免费瓶装水.2.)第一次给了一个没有风景的房间,推开窗看到底楼餐厅的玻璃屋顶,强烈要求换房.然后换到一间,结果窗外两个大水箱,不知道是否CTRIP上订的房间都是这样的.3.)房间的空调有时会突然不制冷.4.)阳朔很美,还会再去,但肯定会换酒店.",0,0,0.3662970546796929
周边环境差，房间卫生差，房间设施老旧，服务差（接送车辆接送不到位，电话接不通，卫生设备损坏不维修）。,0,0,0.3651356758720944
环境还可以，就是空调太差，没什么温度。热水器没法说了，洗一半热水就没了，后面烧2个小时水都不热，换了房间还是如此，烧了一整夜第二天早上才有澡洗，我想我不会再去那了。,1,0,0.3645597219860368
好烂的酒店，到前台登记的时候只有一个服务员，服务员对我同事直呼其名，同事还臭美说感觉是他大学的美女同学在叫他，我们住的所谓的商务房在7楼，电梯只能到6楼，到了房间一看，这7楼应该是后续改建成客房的，甚至可能是违章建筑，洗手间很小，是买的飞机上用的那种一体化产品。房间上不了网，电话打了一下按键就跳不起来，到同事的房间打电话叫服务员，过了半天跑上来两个愣头愣脑的东北小妹，态度热心，但是完全可以看出来是菜鸟。,0,0,0.3636066405621193
"一般情况下我不会对酒店评价，但这个酒店实在是需要点评一下，非常不满意。主要有以下情况：1.前台给我的房间是D座，从前台到客房走了5分多钟，对于5星级实在不敢恭维。2.进入客房非常冷，打开空调半个小时左右才热起来。3.空调声音巨大，晚上开空调睡不着，不开又冷，只能凑合了。4.5星饭店居然没有电熨斗和熨衣板，我也懒得和客房要，实在说不过去。5.饭店里居然没有ATM机。6.饭店门口没有出租车，到大门等的话，由于此饭店在鄂尔多斯市郊，打车很难。7.客房的冰箱里居然连付费的饮料都没有，但有个饮料单，呵呵。8.卫生间居然没有浴缸，倒不是一定要泡澡，但5星的标准实在值得怀疑。9.淋浴室的角落都是脏的，很难想象发生过什么，呵呵。10.没有看到饭店服务介绍的资料，只有一个点评单，我都懒得评了，实在没什么可说的。总的说，饭店的硬件还OK,服务人员的服务还可以，但小的问题太多，性价比实在太低。希望改进。改进前我是不会再住此饭店了。",1,0,0.36266913503166254
"俗话说""便宜没好货"",""一分价钱一分货"",建议携程网不要再向客户推荐该酒店.",0,0,0.36227822915071095
酒店一般，最受不了的是骚扰电话，一晚上能响4～5回，而且每晚都会打来，只真对单身男客，信息非常准确，严重怀疑是小姐摆平了前台服务员，拿到客人的入住信息。在这样的房间住，心里很不踏实。,0,0,0.36012794242397983
一个月内住了四次这酒店，我都认识前台这几个人了，可每次入住时，前台无论男女都低着头冷冰冰的，甚至连你好都没有说，不知他们在干什么。这是我见过的唯一一家4星酒店，结帐后只说可以了，从不说欢迎下次光临。我曾经观察过10分钟，这这期间结帐的几位，最后一句话都是‘可以了’，而且大多不看着客人，只是整理手上的东西。另外房间太昏暗，很压抑。,0,0,0.3589769890094432
我感觉不行。。。性价比很差。不知道是银川都这样还是怎么的！,0,0,0.35724283486997366
1、住过的唯一的山景水景双景观宾馆：抬头窗外观泰山石，俯首脸盆赏黄河水。－－热水开到最大，放了10分钟后还是色如浓茶。2、一张比中国历史还沧桑的写字台，看了让人想流泪。3、房间有异味，窗户居然是锁着的，多次打电话让服务员开窗，等了20分钟才来，服务员态度还可以，但效率太低，她们自己解释是人少，忙不过来。,0,0,0.3566234463027989
因为办事处要装修的原因，我住在这旅馆里．这家靠关系得到所谓４星的旅馆，是怎么样的我现在告诉大家一下，在宜宾去那家都比这家好，晚上这里的鸡叫不停．而且不分公母的．会一直叫到２点，我晚上火了，总台会将那个是男的住的房间告诉给鸡婆，晚上你就别想睡的好．投诉了他们说他们没告,0,0,0.3536833484658244
这个饭店比较老旧、像20年前的饭店，实在不是一个好的住宿选择。服务人员也没有饭店服务观念。（问什么都不知道）唯一好处就是步行街在旁边，方便逛街。另一个不知是不是优点或内部管理不良？携程预订，入住时不用收押金、也不用信用卡预授权，退房再付钱，对客人的信用程度很高，饭店界少见！,0,0,0.3518142042216954
酒店设备很陈旧，浴室设备也坏掉，服务也很差。因为到的比较晚，入住已经差不多11点钟了，家里人打电话来酒店，酒店总机也是特别没礼貌的挂电话。因为经常出差，这基本上是住过最差的酒店了。,0,0,0.3517100063528991
非常失望！我定的是豪华单人间，想想238的价格应该是不错了吧，实际一看太失望了。房型差，大门一开就是大床，洗手间设在里面。床子极小。朝北。还有个不伦不类的便携衣橱。最难以忍受的是，晚上中央空调的外机在窗外响个不休。实在难以入睡，打电话抱怨。第一次没有予以理会。第二次再抱怨，实在让空调声音折腾的无法入眠，他们先说没有其他房间可以换。后来终于答应给我换成豪华商务房。豪华商务房与豪华单人间简直天地差别。没话说的。所以除非你定的是豪华商务房，这个宾馆是再也不考虑了！！补充点评2008年3月6日：床子极小，应为窗子极小。,0,0,0.3515209465316021
最滥的酒店什么都不行。这种酒店千万别去。80年代的3星,0,0,0.35052972068165483
"一次难忘的经历,第一天入住后,便把自己的饮料放入冰箱,平时自己都爱喝凉的,晚上和客户一起去吃晚饭,等回来后想喝饮料时,冰箱却被锁了,晕啊....我想出差在外的朋友们也不会碰到这类的事吧,然后打电话给客服,过了好久才来了个服务员,说来开冰箱,因为等了好久,一气之下,叫他把负责人叫来,又过好久才来,解释到因为今天有什么团体,要把房间消费的东西都拿走,我想我下午入住,住的时候还没拿走,晚上就锁了,我和老板3人一起开了3间房,就我被锁了,下面开房间的人是不是傻了啊,以后不打算去了,周围还有很多可以选择.",0,0,0.35039417638155773
"隔音效果很差,客人住在九楼,晚上四楼的KTV一直营业到一点,客人反应无法入睡.所以本来预计定三天,后来提前退房,换了酒店",0,0,0.3501469613722385
"宾馆在小巷里,周围环境差,室内施舍一般,218元一定要求住4楼(有宽带,房间大),218绝对不值.不如锦江之星免费注册网站导航宾馆索引服务说明关于携程诚聘英才代理合作广告业务联系我们Copyright1999-2008,ctrip.com.allrightsreserv",0,0,0.34957299289233673
"超级可怕的旅馆,进门后根本不是45平方米的大房间,很小.而且,很肮脏,真的很肮脏.自己动手擦洗消毒了2个小时.刚洗完澡的时候,发现了很多蟑螂,大小都有.连梳头的时候都从头上梳出一只小蟑螂,太可怕了.整个晚上就在和蟑螂斗争.早上连他们那所谓的早餐也不想去吃了.赶紧走人换到了阳光酒店.还有刚开是服务员态度也很生硬.",0,0,0.3493131034939643
"上网收费巨高,房间卫生差,找不到服务员,床都坏了没人管.实在太烂了,谁去住就是SB免费注册网站导航宾馆索引服务说明关于携程诚聘英才代理合作广告业务联系我们Copyright1999-2008,ctrip.com.allrightsreserved.",0,0,0.3491471296561653
尽管是四星的宾馆，但这里的服务员都不会笑，不知是何原因！！早餐差劲不说，冰冷的馒头要求打热一下都遭到拒绝。服务太差！和四星的标准根本不符。,0,0,0.3463085221754401
"建议携程不要和这家酒店合作,名曰三星,要我看准星级都勉强!首先不在市区里面(去涵江区打车还要10块钱,当然你能打到的话)在一条前不着村后不着店的公路旁,交通极其不便;其次一进入酒店就一股霉味,地毯上到处都是污渍,很像地图.最不能容忍的是有很多小虫子,到处乱爬.我正好赶上台风没有办法只能在那住要不我不敢保证还会住那里.",0,0,0.34599451068058795
前台服务员着装不整洁，有穿工作服的，有穿便装的；使用信用卡，本以为是刷预售权，谁知道刷完才说不能刷预售，只能刷消费，也不提前通知，而且态度恶劣，恶狠狠的说：“住一天！刷600！”，搞的好像我欠他们钱一样。房价与当地的一些单位的协议价格还是有差距。,0,0,0.34578364246541765
为保护环境，第二天我没要求换床单等，但床还必须要整理好。他们只是草草搞了一下，皱巴巴的，实在达不到四星。二星还勉强。价格系统与国际惯例相差甚远。给我留下的印象这是一家黑店，能斩到一个就斩一个。希望其他要入住该酒店的客人要对其价格从各种渠道，各时间段认真核对，才下订单。如有必要可随时撤单，以免挨斩。,0,0,0.34565634517346777
环境一般，设施较旧，豪华标准间看不出哪豪华来，浴室特滑，差点扭伤脚，以后不再住这了,0,0,0.34297449744082437
"6月底入住瑞和源,有以下几点必须向各位朋友说:1、房间里没有冰箱、吹风机、电热水壶，想喝水必须向服务员要，但是，服务员让你回房间等，一般20分钟后才会送来。一天之内要两次，就会被问，“不是已经送了一瓶了吗？”2、向服务员要电蚊香片，服务员让回房间等，40分钟后再问，还是让回房间等，当时看到服务员正在上网，晕！！！3、早餐太差。面包冰凉向豆腐块，黄油向是过了期，水果更是惨。更不可忍受的是，告诉服务员把牛奶、粥加热以下，居然回答是“不是温的吗，可以喝”。盘子里的水果明明只剩下两块烂香蕉，还是摆了半小时，在外国客人的要求下，上了盘新的，看样子老外面子比我们大，晕！！！4、不是24小时热水，想洗澡必须等到晚上11点以后！！！总之：与它的价格和评星等级，差距太大，位置还可以，但旁边的新月阁风景更好。上边的朋友说房间里有电脑，我怎么没看到？",1,0,0.34230771349138356
虽有一定思想准备，但本以为会比“碧海蓝天”好点呢。去了才发现院内十分荒凉，颇有“年久失修感”。且房间设备简陋，卫生打扫得不好。自来水还带锈味。总之相当一塌糊涂。个人认为还不如一些省市的政府招待所。充其量2星－－算是照顾的。看来这类“产权式酒店”是不能住的，管理很差也很不专业的说。补充点评2008年5月1日：更正：本人给这家酒店的评分偏高实在是由于点错了分数。一不留神把分数都点高了一分。由于网上无法更正，特此在这里更正。,0,0,0.34213034222881733
是晚上到上饶的，打电话给酒店问路，态度不好，还总指错路。在上饶绕了好久才找到酒店。入住后发现，房间小且不太干净。厕所马桶很脏。烧水器连个指示灯都没有。下次来肯定不住这儿了。,0,0,0.3403812178320246
旁楼的房间千万不能住，房间太差，洗手间居然发现蟑螂，价格也不便宜，很不爽，主楼的房间到还可以,0,0,0.3403467112126053
酒店太老旧了。走在地板上都有震动的感觉。厕所内的手纸就一点点。220的价格还不包早餐。最可气的是刷卡的话还要收2%的手续费，这也就算了。结帐的时候，服务员竟然说房费加手续费是224.4元，收你225元。我就觉得奇怪了，就算是四舍五入也不应该进位的。再说我们是刷卡消费，就算是1分钱我们也可以付的。在我们的争辩下她才说那好吧收你224.4元。太过分，随随便便就加收钱。对庐山宾馆的印象差差差。建议大家还是选择其他宾馆。反正上面有很多宾馆。价格比这个便宜的也多的是。,0,0,0.340149382647888
这是个以会议、活动为主的酒店，不适合散客周末闲居。房间较大，但家具粗劣。最糟糕的是卫生间，装修质量很差。预订两夜，因是受不了房间的寒冷而提前退房，那可是初冬啊。建议：带上睡袋，以免感冒。,0,0,0.33979236914780714
服务相当差，缺乏必要的职业素养，是遇到的最差的涉外三星。（不知如何评上的星的）。卫生情况比较担心：早餐室有苍蝇相伴，送到房内的卫生筷看上去脏脏的，而且包装破损，订餐处极为嘈杂，只听到地方话的大声喧哗按服务指南无法拨长途，打了几个电话后才了解还要到大堂登记。临走希望服务员帮助查询长途车站电话，竟无人乐意，都一推了之。还好唯一一位比较好的男服务员在看到我极为不满后帮助查询。,0,0,0.3387628328136012
不建议大家住该酒店，我就是没有看网上点评，入住后很窝火。,0,0,0.3371578011989813
"一个词----""大失所望""!!!去广州之前,在携程上研究了半天,后来应老公的要求选择了Elan,因为他从欧洲带过来的那本""CHINA----lonelyplanet""上极尽完美之辞的推荐了该酒店.网上看图片和介绍,觉得应该也不错(没有查点评),我当时认为应该和""有一家""的水平差不多.可是一进房间,发现和图片实在相差太远.房间小得可怜,没有地方放行李,甚至连坐的地方都没有.一张小得可怜的写字台上有一台小得可怜的""液晶电视"".如果你想躺在床上看电视,恐怕需要一双""千里眼"";如果你想使用那张写字台,那你一定需要很苗条,才能坐在那个位置,并且需要带一台小于12寸的笔记本，否则是放不下的.房间也不干净,首先进去的那间330元的大床房,马桶里居然还漂着头发.后来立马换了间560元的套房,其实也就稍微大一点点,多了个坐的地方,有沙发和桌子及大一点的普通电视.房间设施很陈旧,地板有些地方已经翘起来了,隔音不好,热水水压也不够.....前台服务还不错,服务员能说英语;但是压根没见到行李生.个人感觉,不值那个价钱;个人意见,不推荐入住!",0,0,0.33528837250422044
太令人失望了。通过携程预定的，应含双早，可是，总台没给餐券，餐厅要收每人10元，才上餐。浴室的龙头坏的，头天入住报修后，到第二天退房也没人修。浴帘脏得看不出本来的颜色。太差劲了。,0,0,0.3351212365754467
携程的工作人员号称是按4星标准建，就非常放心的预订了，结果让人大跌眼镜。房间很小，卫生间设施一塌糊涂，热水龙头和下水都是坏的，叫来工作人员修了半天。房间设施完全不是想象中的4星，充其量2星最多。checkout的查房也是一阵苦等。服务态度也只是一般，让doorboy叫车，结果还是要自己拎着包走去街边等。第二天就换了皇冠假日，天壤之别！不推荐住此家,0,0,0.33478100345281436
"我是2007年10月2日至10月5日入住的绿色标间,其实来之前就没有对这个酒店抱很高的期望,毕竟只是不到两百元一天的价格,我也没有过高的要求,只希望房间干净一些就可以了.没想到,入住之后还是很失望.主要有以下几方面:第一,因为我们被安排在七楼(基本是最高楼层了),可能太高了水压不够吧,淋浴的热水小得可怜,而且洗着洗着就没水了,第一天向服务台反映之后,他们承诺说会设法解决,结果没有任何改变.第二天洗澡时还是只有很小的热水,五分钟后干脆只有冷水了,我们去的时间已接近深秋,用冷水淋浴的滋味实在很不爽!!第二,房间打扫的速度很慢,开始不知道,后来才明白酒店本身没有洗衣房,所有需要更换的床单和浴巾都是中午12点才从外面送来,所以即使你一早出门时就挂牌让他们打扫,也要等到中午之后.第三,早餐,虽然按酒店的规格,这里的早餐质量也在意料之中,我对早餐的种类也还算满意.但是供应的时间就比较夸张,只从7点到9点,其实8点半之后去,大多食物都是冷的了,而且品种也不齐全了,所以基本上只是你稍微晚起几分钟就没有早餐吃了.第四,房间的电话,我入住的三晚,每晚都会有自称是""洗浴中心""的人打电话过来问是否需要""服务"",这说明酒店的管理极差,根本达不到三星的标准.一般稍微好一些的酒店是不可能""放""这类电话进客房的.",0,0,0.3336988684669638
很破的酒店，根本不陪挂牌四星的标准，顶多就是一个2星还勉强。酒店就是一个巨大的娱乐场所，里面夜总会，桑拿应用尽有，晚上骚扰电话一个接一个。房间装修很老，电视竟然不看了。更搞笑的是，桌子上虽然有网线，但是没有插座，感情大家的笔记本都不需要充电了么。,0,0,0.3322913251475995
那是什么破酒店，你们携程也对外推荐啊，那里面那个破。服务极差，我入驻708，房间门是用纸胡的，洗脸盆下水坏了了。问服务员，酒店是10年前装修的，而携程介绍是2006年装修的。早餐质量极差，服务员的服务态度也很差，想要个汤勺都没有。吃到后面连盘子都没有。其实我感觉最差的是携程的服务，向一个钻石贵宾推荐了一个未经核实的虚假信息，然后启客户不顾，让客户自行在一个陌生的城市去寻找住处，到2008年1月1日仍没有对投诉进行反馈，不过我可以理解，因为携程处理该事务的人员放假了。至于客户有什么样的意见，哈哈，开假后再说。再见了携程。宾馆反馈2008年1月2日：感谢您对我酒店提出宝贵意见，对于您在我们酒店入住期间所经历的不满意，我们深表歉意，我们酒店是98年开始营业的，经营至今曾分期逐层进行装修过，而且以供客人多种房型选择而著称，像适合商务客人的特色标准间（以大床居多，06年新装），适合夫妻带孩子出行的家庭房，还有普通的大床等。关于餐饮方面，确属我们管理疏忽，不过时至春节，招工甚难，还望能多加理解，不过这不是理由，我们一定要加强培训，提高员工顾客意识，做为对你的致歉，我们将减免您的当日房费，并附赠您一份礼物以表歉意，期盼您再次光临指导！,0,0,0.3307292123416528
我想在此提供本人的入住经历给大家，仅供参考1.提前预订酒店时就曾打电话申明过需要接机，结果当日下机后和老公托着行李前前后后找了一圈也没找到来接我们的师傅。无奈之下只得自己叫上出租车前往，好在距离不算太远，旅游公司的车只花了二十元2.从进饭店的那一刻起我就开始后悔，这个酒店是有些年头了，外表和内在的设施都已陈旧，进酒店之后也没有服务生过来帮忙提行李，从旁边经过却熟视无睹。3.房间太小，比想像中还要让人失望，所谓的高级客房充其只能算个普通单间。4.送的水果是两个小苹果，一根小香蕉。鲜花我也没见到过，也许就是因为免费赠送的原因吧。不能太过计较，怎么说也算是送了。5.早餐，也许是因为太早要赶去丽江的原因，所以服务生打包送到房间里来了，馒头之类的东东，单调的只能是充饥而已。虽说酒店离机场比较近，但是昆明的交通啊，和咱们武汉一样的，不敢恭维！昆明机场也是，一大清早让人感觉是春运的火车站，所以提醒朋友们，一定要早到以免误机！以上便是入住此饭店的个人感受，我只停留了近十个小时，性价比真的是很差，实在是有待加强！,0,0,0.3304578250843066
酒店设施不差，只不过由于前身是一家烂尾楼改造的，整体太空旷，而且很多房间没有窗口，预订的时候需要特别注意。所谓的行政房绝对不能够去住，厕所和冲凉房是在一间房子内用玻璃隔开的，洗手盆居然就在床边，匪夷所思的布局，还居然是行政房。服务员素质极差，我通过携程预定，写明两个男人入住，居然只保留了一间单人床的房子，还坚称“携程没有说明要两张床”,0,0,0.3300693527360709
差劲呀，还市中心的酒店呢，上网还要另外接线，４块钱一小时，抢钱啊！！！！！,0,0,0.3279545777405708
酒店的硬件一般，服务较差。因为我们带小孩是自助游方式，怕万一来不及回来，要求先退一个房，另一个我们退房延至下午一点，前台说不能，只能多保留十分钟，要不就要收半天房。最后我们先退了一个房，把东西全搬到另一房间，并开了请勿打扰灯和挂了“请勿打扰”的告示牌，可当我们上午十一点回来，我们用自己的房卡竟不能进自己房间，而且关了请勿打扰灯，摘了告示牌。问总台，说是我们的卡已被改了，可我们东西还放在房内，竟有此等事情？而且还没到中午十二点呀！！,0,0,0.3271602091770494
我们是2007年7月7日入住的。五一参加了“亲亲家庭总动员”自驾游入住两晚送一晚的活动。所以这次入住用的是免费住房券。入住时要交200元押金，我要求用信用卡支付，前台服务人员告知我如果无任何消费，预授权要两至三周才能取消。我觉得很奇怪，我在其它酒店也曾试过无任何消费，第二天刷卡授权取消（房费已提前在网上支付了）。前台服务人员一直要我付现金，在我的再三坚持下很不情愿才刷卡的（感觉很不爽），并一再强调酒店的刷卡机如果当天的预授权，当天取消就可以，（这不是废话吗，我总不能当天入住当天就退房吧）要不就得等酒店财务部门两三周后通知银行才能取消授权。我想该不会是银行的系统问题吧，我在别的酒店还从来没有碰到这种问题。希望你们尽快与银行方面协调解决这个问题。截至目前为止，我那200元预授权还没有被取消。,1,0,0.32496597086940343
"大堂服务态度很差,乱收费,把洗浴的收费项目和免费项目混装在一起,客人不知情用后,明明标价是10元的洗液,大堂结帐时非说是12元,因赶时间就未与之计较.另房间空调出冷气较小,晚上骚扰电话不断,无法完睡.",0,0,0.32420624968198675
晚上11点左右入住，发现卫生间水龙头有问题，通知前台以后半小时都没有人来修理，服务效率不高,1,0,0.32377676194404187
服务一般，房间卫生太差，居然有蟑螂弄的我和我老公身上满是疙瘩，退房时把时间逼的太紧，还必须是12点以前，让我最中意的是他们的浴室，大大的莲蓬洗澡舒服的很,0,0,0.32157216919853077
实在忍无可忍。1、水。缺水现象――洗澡至中途，突然断水，望着满身的肥皂泡欲哭无泪；多水现象――有幸目睹了水漫金山的壮观景象。我们住在2楼，半夜，只听到哗哗的水声，之后从房顶上渗出的水，蔓延了整个房间，我们淌着水冲进房间，只见被子已全部湿透，庆幸的是放行李的地方还未受灾，赶紧进行抢救行动。2、安全。大概山上已经提早进入了共产主义社会，客房有门等于没门，服务员可以拿着房卡随意进入任何已经入住客人的客房。半夜，我们已经入睡，可是突然有人开门进来，当我惊醒但还处于迷茫状态的时候，只见服务员在我的房间内若无其事的巡视。我感到自己的人身安全受到了严重的威胁。就这样被折腾了一夜，一宿未睡啊！现在是头昏脑涨、鼻涕一把、心有余悸阿！总结，千万别住在这样的度假村内了，黑店阿。,0,0,0.3214563377884738
总体印象：不好。暖气说要晚上十二点来，结果一直都没有，有欺骗嫌疑，由于第二天着急走，就没有去跟酒店理论了。,0,0,0.32085029523600855
太horrible了，前台的态度及其恶劣（但门童还是很热情的），给我们留的房间是1404，让她换，说没了，还强调重庆没有这忌讳的。我表态说要站在前台直到他们换房。她见此情景说给一个什么总留了一间房是1408（1404和1408的房型是一样的，没有忌讳为什么不把1404留给那人呢！可气！欺负我们携程的网民咯！），先换给我们。同志们，我和LP是午夜12点到的酒店，拿到房号是1404的房间，我看着墙上的那个钟~汗~,0,0,0.3208212245024797
这个酒店可真是太差了~我住的还是行政房呢，空调漏水，声音非常大，地毯很脏，家具很旧然后有蚊子，管客房部要蚊香，告知没有~,0,0,0.31617450228601446
mini套房有惊有喜：惊的是：1床好短，我身高不足1米70，脚已几乎在边缘；2宣传册里的多种选择枕头，竟数不存在，服务小姐讲从来都没有，也不知几时有。。。搞得我一头雾水，那宣传得这么热闹。。。；3卫生间格局太小，设计不够人性化，最糟糕的是下水道的味道刺鼻，让人郁闷,1,0,0.3159500353428937
房价较贵，位置也比较偏，房屋隔音效果较差。屋外说话，里面的清清楚楚。不是每间房间都有宽带，我第二天换了一件有宽带的，不过网速也慢。我入住的时候，在携程上定房价格是320，但是入住第二天发现携程上这家酒店的价格降到了300元，和前台商量，居然不肯给我降价。我出差本来住挺长时间，不过在这家酒店住了2天，赶快抽空在市内找了另外一家酒店。不但价格便宜很多，网速也快，而且房屋干净漂亮多了。拉萨酒店价格变动大，旺季价格很高，淡季价格很便宜。另外，这边住店一般都要和经理讲价，我后来住的酒店和他们客房经理商量，房价比到前台直接开房便宜了50元。经济型酒店经常爆满。,0,0,0.3156056461980813
建议携程的用户不要定这家酒店，因为这家酒店缺乏诚信，你入住了他对携程说你没有入住，希望增加积分的就不要定了，而且还随意调换你的房间。,0,0,0.31498283104412195
22日预订的7楼江景豪华套间，入住后才知江景需要打开房门通过楼梯通道到公共凉台上才能看到江景，最可恶的是卧室的床居然与公共通道仅有一面玻璃窗之隔（有窗帘），看不到江景不说，楼道人来人往走路的声音到很清晰。到前台要求换房，小姐说没有，无奈要求退房，小姐又说6楼有1间，又上6楼却是标间，又要求退房，小姐说5楼有1间，又上5楼，这回真是江景套房宽大舒适，直接入住。洗澡时发现淋浴间奇小，转身都费力，而且水居然忽冷忽热，无奈忍一宿，早上结帐走人。这是什么破酒店，还四星，连2星都不如。,0,0,0.3130335745831437
这个小店可能是因为在使馆区，住的外国人比较多，服务态度就差了一点，素质比较低，对于签名还要问你：这是写的什么啊，我都不认识。入住首先就让你签订一个贵重物品丢失不赔的协议，给你的第一感觉就是一种不安全感，以至于我们出去吃饭的时候，都把笔记本电脑背上。本来预定了3天，住了一个晚上，第二天赶快跑吧，以后是不会再去了。还不能刷卡，招待所都不如。,0,0,0.3130201651660673
这个酒店就是招待所改建的，所以各项硬件设施非常简陋，关键是大门在二楼，也没有无障碍楼梯，背着行李上楼，更没有服务人员帮忙！晚上在一个居民区里休息，都不敢开窗户，总之，很不满意！,0,0,0.3128356616859038
手机已收到短消息回复订房OK，前台自己没查到，却叫我打电话给携程，要我自己搞定，即使我给前台看确认的短消息，一样不理，后来我自己打了电话，让携程的客服跟前台通话后，他们就找到了，这就是锦江之星（上海张江店）的服务态度,0,0,0.3125020260328932
"整个就是一招待所，热水简直小的可怜。所谓套房原来是里外两张小床。原本打算住两天，半夜到的早晨起来就退房离开了。不知为什么点评的分数如此高，上当了。估计都是托。。。。宾馆反馈2008年6月4日：针对顾客反馈,酒店领导高度重视,现已将原观景套房改为观景双人房，内部设施稍作调整，房价与观景标准间房价相同，给您带来的不便，请您谅解！我们将恭候您的下次光临！",0,0,0.31195809971797184
太气愤了！去上海住了6次了，3次住的哪里，也算老客户了吧。年前去那里住，在携程上定的房间，订好9-12点之间到，结果10点到了哪里说没房，前台说要等半小时，结果等了50分钟才等到房间。到了房间发现空调是坏的，又让我等了50分钟才给我换到房间郁闷之极。以为165的房间没了，给我换的183的大床房，说好18元的差价给我免了的，结果结账刷卡的时候还是给我多刷了18元，难道你们就是这么对待老顾客的？虽然给我补了60元的抵用券，但是以后还是会考虑住其他的地方。,0,0,0.310450027050772
"非常不值得的一个酒店.179的价格绝对不值!其他连锁酒店99元100元都比这个强啊!!房间很小,位置不好,早餐很差!",0,0,0.30974473860539997
6日晚上9点左右入住，同时在前台办理入住的还有另外两对。结果都被告知要出示结婚证，如果没有结婚证那么两个人的身份证上的地址必须相同，如果没有证身份证地址也不相同，就无法办理两个人入住一间房。当场六个人全部傻眼。无论怎么说出门都没有带结婚证的习惯而且订房的时候从来也没有要求出示结婚证，前台的那个服务员就是不松口。后来是有一位GG绕了好几圈找了个当地的熟人，然后给那个服务员打了个电话，保证半夜警察如果来查房的时候一切责任自负后，才算开始给我们办理。折腾到10点才住进4楼最角落的海景大床房，结果厕所的抽水马桶是坏的，服务员来弄了半天也没弄好，说要叫维修人员，吓得我们连忙说算了算了，这大晚上又坐了长途车，谁有精力再去对付维修人员啊。安置好，下楼，大堂里有潮汐时刻表，还挺管用。绕到旁边的餐厅的那一头下到沙滩。夜里海边风大，海水也冰冷，穿了夹克犹觉得冷嗖嗖的，本来还想明天下游泳的念头也被风吹散了。在旁边假日酒店(HolidayInn)的后门，发现一家还在营业的酒店，厨师和店里的人坐在门口打麻将。我们去，点了辣炒花蛤（15/斤）、清蒸海螺（25/斤，正好6个）、皮皮虾（也叫琵琶虾，15/斤）、花生米、皮蛋，后来还加了一个葱爆海参，一瓶青岛纯生，吃的那叫一个美味，最后才123块，真是大顺！强烈推荐这家酒店，因为事实证明，这是我们此行中吃的最价廉物美的海鲜，而且还是在5星级的假日酒店后门的沙滩上！回来一夜无话，除了阳台上的门总是关不紧，我们不得不拿单人椅顶住阳台门防止隔壁的旅伴梦游翻墙而过，呵呵。但是早上醒来后发现门还是开着。。。。幸亏7点就被外面光光光的扔钢筋的噪音吵醒了。入住的时候被告知酒店正在装修，可能会有影响。当时以为只是内部的装修，而且不会在客人休息的清晨进行。没想到装修是指在我们的阳台紧外面搭建一个建筑！而且工人们才不管你是不是在睡觉，天亮就开始干活了。于是很郁闷地起来，一边安慰自己说就当叫醒服务吧。不管怎么样，从阳台看出去的海，还可以，而且侧头就可以和住你隔壁的旅友轻声细语，呵呵。夜晚安静的时候可以听见海浪的哗哗声，和隔壁的电视机声。从服务、档次、设施、水平来说，这个酒店不值得ctrip上面的365/晚的价格。,0,0,0.3088152660238558
性价比太差了！严重不复合所谓的4星标准，周围环境空气较差，最麻烦空调系统的冷气夹杂浓重的烟味，不开窗简直没法生存。,0,0,0.30840840371459355
"朋友来苏州，想想就推荐御庭吧，谁让这里离的近呢。到了门口才想起来，还没预定，立即拨打4008206666，通了，车也到了门口，门卫问：有没有预定，回答：正在预定，请抬起栏杆，我们到前台。门卫：不可以问：为什么？门卫：没有预定不能进问：我们可以到前台直接预定门卫：不可以，已经没房间了问：你怎么知道？我们正在联系前台，而且你大哥电话问一下，或让我们进去直接问一下，如果没有房我们转身就走，你又没有什么损失。门卫：就是不可以，没房间，而且有规定没有预定不能进。问：那我现在和你说有预定，是不是就可以进去了？......但是任凭我们如何解释都没有办法挪动一步，这时后面来了车要进入酒店，由于我的车被拦住，结果谁都没法进去。此时携程的电话已经回复，房间已经订好，可以立即入住。他也接到前台的通知，于是抬杆放车，但是居然连道歉的话也没有，并且丝毫不觉得自己做的不对。这时我心里的火已经烧到头顶，实在是无法抑制，所以也就是大声喝斥了他几句“你凭什么说没有房间？”还好朋友并不在意。不过对于这样的管理，这样的服务态度实在是让人气愤。门卫如果给酒店前台打个电话其实很容易知道是否有房，而这样做对酒店本身也没有任何好处，明明有房就是不卖，难道酒店这么财大气粗，店大欺客？宾馆反馈2008年8月14日：感谢您选择并入住苏州御庭酒店公寓,您提的宝贵意见,我们酒店引起了高度重视,将不断努力积极的改进,能为所有客人创造一个美好、温馨、舒适的居住环境,衷心感谢您对我们酒店的支持.",0,0,0.30816603016607114
一开始本来要预定凯悦的，后来助理搞错了，订了个君悦。简单评价以下。柜台服务态度还可以，就是房间特小。最不满意的就是宾馆的车队。一开始我预约了一台丰田皇冠，后来我要用车的时候，柜台告诉我皇冠车出去了，只有花冠，然后告诉我价格是450元，我只好订下了。过一会儿花冠车司机过来了，就说价格是550元，立马抬高价格，我觉得这不是钱的问题，而是宾馆的信用问题。中午时间，我要去吃饭，叫司机12：30过来接我，结果等到12：30，他没有出现。只能给君悦打电话了。最不可忍受的就是那个司机一直边打电话边开车，那天我用车用了5个多小时，其中3个小时以上，司机都是在打电话。如果入住君悦要用车的话，千万不要用君悦的车。素质极差。,0,0,0.3069746093316817
"1服务员态度一点都不好,像是欠她多少钱似的,说话很像地主婆.2进了房间像地下小旅馆,极其不满意,永远不会住这里了.3是这辈子都不会住里了,4大家可以去附近的如家83559989这个店就在他的旁边.",0,0,0.3058094232364126
号称三星，顶多招待所的标准，房间前面是个施工工地，晚上也在施工，很吵。还有这个迎宾员感觉有像索要小费的样子，不知道是不是,0,0,0.30426513500951774
缺点：1.酒店靠近铁路，晚上睡觉非常吵2.酒店隔音效果非常差，邻居像和自己住在同一个房间3.加床质量很差，非常不舒服4.要求增加一床被子，前台服务员以“我们酒店只有两床备用的被子，已经全部用完”为由拒绝，后经过与酒店经理交涉，才解决问题。优点：1.交通比较方便，距离火车站不远。2.临近淘宝街，人人乐购物超市，比较方便。建议：希望携程将酒店的信息表述的更加详尽，无论是缺点还是优点。,0,0,0.3030540609968211
"当时住的时候火车站还没有搬回来，本来想离火车站近点的,谁想那段时间用的临时火车站,反倒远了。半夜2点入住,前台一个男的,爱搭不理的,后来来了个女的还不错,可能他们也困了吧。前台不大.那个时候在修路.而且从临时火车站到酒店的出租车还绕路，我明知道他绕路,心象就让他绕去吧，知道他什么德行就算了，如果把我扔在半路,2点那真是有钱都没用了。最后多绕了不到5块钱(何苦呢!^%)到了房间，发现可能是火车站不用生意不好，房间没有人用，太多尘土了，到处都是网络还有病毒.最受不了的,是前台的态度.退了房想寄存.说奥运期间不能存,好了，那就接受吧。可是这个时候来了个人，要寄存,他们就给他存了.我就问为什么我就不能存他能存,他们还很横的和我说他没有退房(然后那个男的纠正说他退了房了).我就和她们争,最后她们也给我存了，不知道他们是怎么培训的，还和客人吵架~~~~~~",0,0,0.30091677525398636
"1、该酒店房间小,我住的标准间很小,很舒服;2、这个酒店是三星级，我认为最多能够上两颗星，属于好一点的招待所；3、价钱贵，周遍环境不好；4、服务员服务质量极次，建议协程取缔该酒店的会员资格，我去有上当的感觉。",0,0,0.3006258588785454
最不满意的是这家的空调，效果一点也不好，而且噪音超大。最糟糕的是停车场，竟然在马路对面，而且必须要酒店保安领着才能开车停车，建议自驾车的千万别住,0,0,0.30047116677290425
＊服务人员态度差，效率底；＊房间小，床不舒服，椅子是烂的；＊结帐，查房速度极慢；＊＊＊结论＊＊＊＊＊＊绝对不再光顾＊＊＊,0,0,0.3004123567675852
酒店里的服务态度超差，餐厅里的服务员的素质就更差，当时我一个人去吃饭，看见菜单上写的酸菜鱼是8块，当时还告诉了服务员我就一个人，心想一个人正好，又点了其他的菜，谁知道付钱的时候告诉我酸菜鱼是35元的，钱倒是其次的，明知道我一个人，还一个劲鼓吹他们烧的多好吃，郁闷！本来准备住三天的，第二天一早就退了房间，超烂的酒店！,0,0,0.3003733404268366
非常不满意的一个酒店!!!!但还是先说一点好的吧:接机还是不错的!其他无一是处!1、首日入住的鲜花和水果不知被谁贪污了，不见踪影！2、房间隔音效果极差，当夜一点钟，被隔壁做运动的声音吵醒，郁闷啊！3、当天18：03到了前台退房，非要加收我全天房费！！超垃圾！！！4、房间设施一般，床,0,0,0.29963002676306116
真的很差，本来是为了考试离考点近一点才住的，基本上没有服务，房间阴暗一股怪味，本来定的是大床房非说是标准间，总之是一肚子的气，定了两天住了一天就走了。,0,0,0.2973260918704577
非常不值，从服务到房间都很差！！！再也不住了宾馆反馈2008年4月8日：尊敬的客人，您好！能否与酒店联系并告知您的住店经历，首先对于您的不愉快经历我们深表歉意，其次我们衷心希望能处理好您的投诉，让类似的事件不再发生，谢谢。,0,0,0.29596947848511895
前几次入住此酒店的舒适感觉使我认为再去香港住这是必然的选择，现在看来现实真是太残酷了！！！-中午到达酒店办理入住手续时开始出问题：找不到入住的人名；好不容易找着了人名房型又不对，酒店前台服务员板着脸说是携程跟他们定房间时没有说明，不能调换房间，经过来来回回两个多小时的三方交涉，酒店给了我们一张免费的加床并说第二天给调换房间，后来就没人搭理我们了，结果是我们住了四天的加床，直到第五天时我们换了一家公司定房，酒店才给调了我们需要的房间，终于结束了这几天的加床之旅。酒店前台服务员态度生硬，房间的超迷你和以前住在这时有着鲜明的反差，这使我感受到了美好的东西也不是一成不变的，多一些其他的选择是应变的最好办法。,0,0,0.2954177062684092
首先我要点评一下玄武饭店6楼的房间，实在是太差了，最多只有3星级的标准；8楼以上的房间明显是重新装修过的，要好很多；我们入住的时候一下子要了6间房间，前台有位大堂副理为我们升级到豪华房，都在12楼以上的，房间就要大很多，服务态度还不错；但是令我非常愤怒的是，酒店居然不允许我从带外卖回房间吃，真是太太太可恶了，在我据理力争下，居然还有人拿着什么酒店的管理规定给我看，难道酒店的规定不让吃饭？他们让我要么出去外面吃饭，在房间吃，只能在酒店点，这样的霸王条款，我怎么能接受，我在大堂与他们几个貌似高管的人纠缠了10多分钟，他们在一楼的餐厅给我们找了个包房让我们把外卖回来的饭在里面吃，还提醒我们不要弄脏了桌布。如果不是因为这一出的话，我想我还是蛮喜欢这个酒店。但是确实因为这个，太令我失望了！,1,0,0.29540336164471
令人恐怖的记忆！一个停水停电的酒店在零下十几度的山顶上，居然敢继续叫卖，真是让人后怕不已。幸好最后换了酒店，否则我们都将冻死在山上！！！,0,0,0.29421130120480055
该酒店性价比不高，在同类酒店中算差的，房价和24k锦江之星差不多，但各方面都有一定的差距。首先是前台的服务速度不够快，等候时间过长。其次电梯的速度非常之慢，不得不说的是还存在安全隐患，楼梯间的安全门是锁着的，万一出现意外后果不堪设想！最关键的房间（大床房）就是一间毛胚房加一张床，一个电视（有些台还不清楚）。电脑网速一般，建议大家用自带的笔记本，那里的13寸电脑一经开机25元。卫生设备：没有吹风机，毛巾破旧建议更换。杯子少了点，加漱口杯才两个。接下去是晚餐，接连选了4样盖浇饭都说没有（注意：都是普通的诸如雪菜木鱼、茄汁鱼片、红烧大肠）最后端来的两份回锅肉和蚝油牛肉从外观看没有任何区别（青椒+肉片）每份统一价10元。一句话，不建议入住。,0,0,0.29416672362000207
10月1－3日入住，该酒店环境很差，像个大杂院。里面有消防队，小店，居民搂等。房间设施也一般，毛巾更是又黑又硬，插地还差不多。更可怕的是3日凌晨小偷竟两次光顾我的房间，而且有钥匙打开房门，幸亏我上了防盗链，没有进来。事后酒店方面承认防盗压力很大，而且屡有客人失窃。我建议携程可考虑推荐这种酒店。补充点评2007年10月11日：应为：建议携程考虑取消推荐该酒店。,0,0,0.2941384367818198
第一次住这里，之前有同事住过，所以觉得应该还可以，没想到：1、门童非常不主动，门口站着几个门童和保安聊天，不理客人，要我自己站到大马路上去拦车，可恶的是，我拦到车之后，门童居然从门口跑过来说是帮前面客户拦的车，眼睁睁看着他把车引到一个老外面前，我快气疯了；2、游泳池一般，但是旁边的按摩池看着就很脏，不能用的，更衣室那个脏。。。3、送餐可供选择非常少，第二天清洁客房的时候，用过的餐具居然不收走；4、上网很慢，而且我房间的网线坏了，叫了n久才有人来换；5、我住的房间靠街的背面，本来应该是安静的地方，偏巧后面是个大工地，半夜不休，晚上两点多还有打桩机在勤奋工作，酒店几乎没有隔音，那叫一个吵啊，两个晚上都是捂着耳朵睡的；6、半夜十一点半的时候，突然有服务员按门铃，赶紧套上衣服去开门，结果说按错了。。。。。。。。。疯了；7、说到最可恶的地方了，我checkout的时候忘了一个发箍和一个包装好的熏香炉，因为赶飞机，所以打电话说好过几天回去取，第二周我同事帮我去拿，说发箍和橙子放在一起，被弄坏了？？？（听着就很恶心）那熏香炉呢？酒店跟我同事说会主动跟我联系，至今几个礼拜过去了，没有人找过我！这是什么酒店啊！每次住酒店总有些满意不满意的地方，但是深航这次实在是恶心到我了，不吐不快。仔细回想起来，基本是无一是处的酒店，大家千万不要住，这个价格也不算便宜，我在深圳住过比这性价比高的酒店多的是，而且携程的价格也不便宜，后来听人说很多单位都有协议价格，想想很不划算。宾馆反馈2008年4月29日：尊敬的客户：您好！非常感谢您在入住期间对酒店服务不周道的地方及时提出了诚恳的批评和指正，对部分员工的工作处事不当给您带来的入住不便和身心不悦，酒店深表歉意。酒店领导在第一时间获悉您的意见后，对当事人进行了批评和教育。酒店诚意邀请您能在下次来深期间再次光临本酒店，给我们以当面致歉的机会，同时酒店也希望通过自身的不断努力，能够得到您的再次认可。,0,0,0.2935039014538593
房间设施与4星的标准差了很远的一个酒店个人认为房间的设施至多达到1颗星就足以匹配的一个酒店由于住的的是1层的原因吧房间里白天几乎都必须开灯而且弥漫了一股潮湿发霉的气味房屋隔音很差一早就被走道过往的客人嘲杂的声音吵得不能好好睡个懒觉,0,0,0.29282150938800355
本来要订衢州酒店，临时告知满房，改到国际酒店。入住行政房，房间昏暗，潮气很重，而且有股子霉味，卫生间的毛巾也是脏兮兮泛着黄。。。床就更可怕，睡觉时感觉就像躺在了硬木板上面，翻身都不敢使劲，免得咯着自己的骨头，汗。。。。。。还有入住时酒店房间的窗户没关，但是窗帘是拉着的，当时因为太晚入住，第二天还要早起也没检查就睡觉了，整晚听到外面车水马龙的喧嚣汽笛声，强忍了一晚，第二天清晨才发现自己开着窗子睡了一整夜，一问同行的老板他也同样遭遇，再汗。。。。还有更恐怖的，就是跟前台要熨斗和熨衣板，被告知全酒店只有一套，我和同行的老板只能共用一套，老板等不及叫服务生帮忙把次日要穿的衬衫交给洗衣房晕，小姐改敲我的房门问我是否会晕衣服，如果可以能否帮忙给熨一下？瀑布汗阿。。。。。。。这什么酒店的服务生？居然能给我提出这么个建议？？？彻底败给他。。。宾馆反馈2008年6月5日：尊敬的客人您好，您的一翻话犹如一声响雷，给了我们很大的触动，也让我们更深刻的明白了100-1=0的服务内涵。在此，我们对由于我们工作不到位给您带来的不快向您表示慎重的道歉！并针对您提出的意见认真对照整改！但有一点我们床是按四星标准统一配置的，不知是否存着个例的现象，希望下次有机会能与您有更多、更直接的交流！,0,0,0.2922829019934294
洒店总体规模较小。入住时，房内卫生没做！解释服务员少，来不及，我是晚七点入住的！入住后没注意，到晚十点多才发现没网络，与总台联系不能解决，态度不好，还要客人事先声明要有网络的房间！不给调房。与携程联系后给调了一间有网络的。房间较小，卫生间下水道装修有问题，有回味！补充点评2007年12月14日：网带特慢，一晚上打开不几个网页，网络形同虚设，办不了事。,0,0,0.29078741952865717
"早上自助餐极差，脏得无法吃，居然还每人20.中餐厅服务员极差，要想吃饭，先气死。再也不会去了。免费注册网站导航宾馆索引服务说明关于携程诚聘英才代理合作广告业务联系我们Copyright1999-2008,ctrip.com.allrightsreserved.",0,0,0.2872097368352495
"感觉这个酒店很一般,隔音特别不好,窗户都不是中空玻璃的,又临者马路,相当吵人,一夜都睡不好,房间的隔断也挺次,旁边房间讲电话,这屋听",0,0,0.28586582417055745
唉，怎么说呢，这是我住过的最差的的四星的酒店，还是贵宾楼，晕！硬件设施估计只有二星的标准。性价比太低！,0,0,0.28555048646644393
房间的硬件设施一般，就是淋浴太差，洗澡很不方便。另外，服务也不是太好，房间卫生打扫的不太干净，前台人员业务水平太低，只有一人知道如何刷卡，其他人都不懂，发票中奖金额5元10元的按照规定在发票开具处兑奖，但是这里不论金额多少都不能兑奖，也不解释原因，让人很气愤。总之以后我是不会再去这个酒店了。,0,0,0.28405173628507
"这此是我的恶梦之旅!什么景点啊?完全就是一个还没有开发好的地方,到处都是黄土和挖掘机!酒店的硬件设施也差的不得了!还四星,我看两星差不多.产品中包含的东西几乎一大半没有兑现!说是包含两份自助早餐,结果酒店说他们现在是淡季,根本没有自助早餐,随便给了两份面条打发人.还有娱乐设施!所谓的康体中心,就是一个空房子(几乎没有装修),摆了一个台球桌,一个乒乓球桌,还有一面墙上歪歪倒倒的帖了几个靶纸!里面除了这三样东西,还有一个柜子,其余无任何点缀,四面白墙!而且,里面一个服务人员都没有!还有钓鱼,完全就是一个浑水塘!旁边长满了荒草!一条鱼都没有!根本不能使用!旁边全是挖掘机在作业!自行车就更不用说了!外面遍地黄沙!一个景点都没有!到哪儿去玩??完全就是在浪费金钱和时间!!客服人员如果不信,我在当地拍了很多实景照片(本来准备用来投诉的),可以发送给你们一赏!补充点评2008年4月11日：还有,烧烤的地方破的一塌糊涂,脏的要命,根本就不营业!晕!",0,0,0.28388625986801924
注意啦！！这个酒店只有6、7楼重新装修过（地毯是深灰色）。其他都是旧装修。我们出住时，提出要看房间，前台安排我们看了6楼。是不错的装修。地毯是新的。没有什么异味。但5楼是该酒店的KTV，很吵。但5楼的房里能听到楼下唱歌及微微的震动。所以我决定不选五楼。我问服务员，这房间是新装修的吗？因为看到洗手间的配置很新。他回答我不是，全酒店都一样。回到前台，他们给我安排了13楼。心想不错嘛。结果与朋友拖着行李到了13楼，电梯一开，已看到是旧地毯，污积斑斑。进了房间，一鼓酸臭味！洗手间也不是5楼的配置。。。差异太大了。结果，，我们做了有史以来最经典的事。。。因错按了一层号码，电梯门一开，发现也是旧装修（旧地毯，浅色大花）补充点评2007年10月10日：结果，我们决定每一层都看一下地毯来决定来入住哪一层，因我10.1期间自驾车去玩，共入住过6晚不同的酒店，前一天入住[杭州]杭州最佳西方梅苑宾馆，就是因为只相信了CTRIP的网评，在没有看房间的情况下入住了，房间感觉很不好，根本与四星不相配，所以这次一定要选好一点。我们坐电梯每一层都看了一眼地毯（当时已晚上10点，没有什么客人来往，所以我们不会打扰到其他人用电梯，而且有4台电梯的）发现只有7楼是新地毯，还是11楼及15楼是比较干净的旧款地毯（主要是霉气味不太重。来到前台要求换房，转7楼或11楼。前台也不说什么，同意换。但告之：7楼已客满。11楼是行政楼层，要加100元。最后，我们选了15楼。。要求非吸烟房。前台同意。进房，，还是有点霉气味，但比11楼小。最好笑就是看到服务员从房间里拿走烟灰缸，，哈哈！！！这就是非吸烟房！！服务员给我们打开窗户，说吹一下风，味道就没有了。天呀！！四星酒店！！！真是只有6楼的配置比较合符四星。。但5楼的噪音又将此优势给去掉了。。。但酒店对面另一家“皇冠”酒店也是四星的。比它更不好，所以，还是住下了。。这间酒店是唯一一间要退房时，查有没有东西要赔，之类的。。我前几天住三星的酒店都没有这个要求！还有，房价是298，我订了两个房共一晚，酒店要求压金2000元！,1,0,0.28341397157626214
服务很差，前台小姐根本没经过培训，我说延长一点时间退房---中午1点或2点都可以，居然跟我说超过12点就要加半天房费。全国5星酒店这是头一次碰到，一般1点退房都没问题。入住时候，酒店送足疗，号称价值98块，其实不值，而且服务很没档次，又做了其他项目，居然不能挂酒店账，要付现金，而且不给发票。补充点评2008年7月17日：看到前面有人投诉Taxi，我也想起了，司机拒载车号琼A-45153.字母也许不对，但是号码没错。,0,0,0.28095347976074203
我觉得这个酒店应该是我住过的能评上四星级酒店最烂最烂最烂的一间了。首先，房间还没进门，过道里地毯发霉的味道就绝对让你发晕（我住在7层，那层居然还有经理室之类，他们鼻子坏了吗？）其次，进门以后，被天花板发霉掉落的墙皮灰震惊了，这也是个酒店，应该是个招待所还差不多吧。卫生间还不错，很先进的独立玻璃淋浴房，但是我人不能睡在淋浴房里。再次，超级超级差的隔音，隔壁人很普通的讲电话声音，让我感觉，没有墙的存在。每天早晨对面的经理室、值班室、服务生都会用很大的力气关门，继而热烈的交谈，而这种每天在早晨7点半被震响的经历，实在让我头痛……最后，结账后，我有些东西得拿袋子装，礼貌的问前台mm，能给我个手提袋吗？mm刚给我结完帐，说，你都结账了！我……晕……，忍住，问，那我怎么办，我东西拿不了，我得去机场……mm“你自己去房间拿”我“厄……可是我刚把房卡给您了”……最后我随便去了个楼层，找了楼层服务员要了一个手提袋……我无话可说了这酒店……我明天又要去哈尔滨，但是我打死也不会选择波斯特的宾馆反馈2007年7月27日：对于您在入住酒店期间发生的不如意，我们深表歉意。酒店会加强雨季时楼层的通风以保持清爽干燥，同时在礼宾部预留足够的备用手袋。另外酒店也会加强巡视，最大限度地保证楼层的安静环境。最后我们真诚地欢迎您再次入住，感受我们的改进。,0,0,0.28089772014738634
又没有人尝试过在12点03分到达前台退房，竟然被告知需要多支付半天房费的。我在12月6号就在这个如家试过一回了。当时12点03分已到达前台退房，前台一位名叫杨之武的工作人员态度非常恶劣，竟冲着我喊，说我超时了，还说电脑系统是自动的，没有办法，必须要收多半天。我跟他说了3分钟左右，旁边的房客也看不过眼，说：“过3分钟就算了吧”。但他态度还一样强硬且恶劣，没有看到过酒店有这样的服务态度前台接着我马上打12315投诉，登记了事情过程以后，12315叫他接了电话说了几句，他还狡辩说：“他不是迟了3分钟，是迟了5分钟，现在他们的钟显示已经是12点08分了。但我们可以协商解决的，是他还没有说完我就打电话投诉而已。”,0,0,0.28078664258472336
四星级的牌子他们还真敢挂！北京的酒店向来这样，又贵又差！房间里面那个叫热啊，开了空调制冷根本不起作用。打电话给客房服务，居然说只有自然风，没有冷风！哪是什么自然风啊，明显比室外的气温高得多。最后，他们给我的建议是把房间的窗户打开。北京那个鬼气候，外面正在飘杨树苗呢，能开么！早餐就不提了，就那么点东西，西式的难吃得要命，中餐也好不到哪里去。还有就是酒店的电话根本就是乱收费！房间里没有长途价目表，服务指南也只是几张复印的A4纸。结帐的时候，打出了清单，国内长途差不多8毛一分钟，移动的12593也不过0.39/分，黑店！下次打死也不住了！,0,0,0.2779699442681628
无论硬件、软件都非常令人失望的一家酒店。看了前面朋友们的评论，本不愿入住这家屯河华美达的，但由于旅游旺季订房不易的原因，只得前来。入住一晚即离开，建议朋友们不要随便来尝试了。该店大堂偏狭。房间面积不小，但家具少且残旧，感觉清冷空荡。地毯较脏，装修暗旧。洗手间小，浴具洁具颜色陈脏，毛巾邋遢。电视节目奇少。服务意识极差，前台和大堂副理态度倨傲、俾睨房客，且争风好辩。接线生宛若生手，答非所问。仅门童主动为客户拿行李，尚显敬业。早餐的感觉像在招待所一般。向来该酒店内部缺少培训，上下人员完全没有以客为尊的思想。不知道华美达在中国的品牌管理是由什么人操作的。根本够不上四星，听说比起三星的新融大厦也要差一截。也望携程能够加强调研，多为客户提供更加准确的信息。,0,0,0.2778620838332064
"房间装修实在是不敢恭维,洗脸盆下面还漏水,还四星级,我看三粒星可能是花钱买的,还不如锦江之星,如家快捷等酒店.",0,0,0.27598326283191527
1。卫生间小得不得了，没办法洗澡；2。首次入住居然给我一个没有窗户的房间，后经交涉换了一个，为什么不可以第一次就给客人一个好点的印象呢？傻！,0,0,0.27535161184421153
差的不能在差了，厕所垃圾桶旁边发现一只3厘米的蟑螂，床单被罩有血迹，打电话让换，服务员来了竟然说是刚换的，血迹是洗不掉的。,0,0,0.2752616993667844
我第一次入住如家，实际情况与现实相差太远，屋子里味道很大，打开窗户换气又很吵，卫生不敢恭维！入住时间不长就搬走。而且位置也很偏，不知道为何在这里选址！总之不会再住！楼下涮肉一般！,0,0,0.2743557053344067
我个人对这个酒店感觉不好：1、硬件（1）这个所谓的酒店公寓好像有的层是客房有的是居民，我甚至看到有个人在电梯里牵了条大白狗！酒店无论院外还是楼门边都没有“海悦滨江酒店”之类的牌子，只能顺着门牌找，感觉非常不专业。（2）房间临街，早上实在太吵了，不用叫醒或闹钟，五点多准醒。（3）浴室有一道玻璃砖墙临街，非常冷。（4）早餐只有四种可选，量少，单点要40元/份！2、软件（1）工作人员素质实在太差，到了前台里面坐三个人，根本没人理我，直到我说有预定房间要住店。结帐非常慢，等了很多人，发票两天开成一天，一切都很不专业。,0,0,0.27360234459258687
"如果你需要上网,强烈建议大家不要入住该酒店.此店的网络能把你给气死.时断时续.工程人员告诉我,说是电信公司的原因,如果你在2分钟内没有动作,自动就会切断.而实际情况是,半分钟不到就会被切断.而工程人员一点办法都没有,只能在你面前两手一摊,很无奈.另外,此店周围环境奇差,到处是污水,小贩,还有挖开的路面,门前还有一座楼正在破洞装修,你不小心就有可能被砸着.所以,奉劝各位千万不要入住,太差了,真的太差了...宾馆反馈2008年7月30日：尊敬的宾客：您好！感谢您提出的宝贵意见，我店应沈阳当地公安部要求必须安装公安绿网系统，该设备刚刚安装完毕，正在调试中，故此期间网络不稳，给您带来了不便，敬请您谅解，在此也深表歉意。期待您的再次光临，重新体验汉庭酒店顺畅的网络及温馨的服务。祝您万事顺意！",0,0,0.2735818597726959
"一个字--差.4星收费,0星service....大堂前有小孩当埸小便--没人管.向前台要纸记号码,头也不看就说没!电视不能看说是""电视公司在修,不知当天会不会好"".早上吃早饭...9am去连坐的地方也没有别说吃的了.住了2晚但酒店告诉Ctrip我只住了一晚(该拿单的)....差差差....差差差....",0,0,0.26896668411071173
"此酒店再次令人失望,2年前住过此酒店,当时给我感觉很失望.今年四月再次入住,更加让人失望,房间家具更加破旧,自助早餐,中餐难以下咽,一共住了4晚,其间一晚还赶上停电2次,那个黑呀,好象连防火应急灯都没了,当时真替电梯里的人担心,结果酒店没给任何解释和道歉.结帐时又被莫明奇妙的要收视频点播费,跟他们据理力争,结果前台那小姐冷笑的看着我好象我点播了什么却不承认,我心理话,就你们那破电视,屏幕都不如我手提电脑的屏幕大,值得我点播视频吗!好在,最后取消了此笔费用,但被他们冤枉,很让人不舒服.唉......住过很多酒店,此酒店人让我印象深刻........宾馆反馈2008年5月1日：首先对停电事件表示歉意,此次停电为突发事件,酒店在5分钟就启动了备用电源,但只能提供应急电梯及应急灯,一个小时后将电源切换至其它电路恢复供电,没有像客人所说的停电两次,视频点播为电脑自动记费,观看影片超过180秒后自动记费,电脑显示了点播时间和金额,但是客人拒不承认,后大堂经理将此笔费用免掉,客人用了MINI吧内一块巧克力,后又从外面买回基本相同的一块,在服务员查房时发现,因不是酒店提供的食品,为了下位入住客人安全,不能使用此食品,要求客人付费,客人拒绝付费.",0,0,0.2656853477844631
上海浦东雅诗阁，宽带是要额外收费的，然而在携程的网站上（，房间价格的表格中，宽带下面只是写着“宽带”两个字，后来在酒店结账的时候发现宽带是额外收费的，我给携程打电话，才被告知，“宽带”这两个字仅仅表明这个酒店有宽带设施！其实在我使用宽带之前，已经和前台询问是否收费，前台当时可能忙，说让我先用，结帐的时候免去。结果结账的时候是另一个服务生，拒绝免除宽带费。让我向携程讨公道去。知道我把他们的大堂副经理叫了出来，我的外国同事用英语把这个经理数落了一番之后，他们才免除了这笔费用。其实上网费并不多，几百元钱，但是这种出尔反尔，先告诉我免费，再收费的做法实在是过分。而且，对中国人和外国人的态度明显不一样，也让我感到很不爽。,1,0,0.26551108615599883
很差，去到餐厅后发现什么也没有，当初在携程预定时所谓的双早根本没兑现，我们几位连早餐都没吃就结账走了，这个宾馆太需要改进了！,0,0,0.26537056849432805
预订是携程小姐推荐的，怎么说，一个字，烂，两个字，真烂，三个字，实在烂。典型的政府国营单位的痕迹，根本不懂什么叫服务，房间既小又破，三星都勉强。花400多买了瓶红酒，馊的！,0,0,0.2650129805808615
"1,前台不能刷预授权，必须交押金。没有投诉机会，最多给你一张白纸写点意见，估计你转身就丢进垃圾桶了。2，主楼的所有单间和商务套房都是临街，老窗户不隔音，因为是在主干道上晚上车水马龙，除非你的瞌睡很好，否则很能睡得很踏实。第二天换到靠里面的标间楼下却又是靠锅炉和空调，晚上也很吵。第三天换到所谓的商务楼套房，其实就是普通的家庭楼房装修了一番，老房子，靠楼梯上下，这里住的都是当地打夜麻将的人，晚上在楼梯间大声喧哗，隔音更差。3，第四天退房后打当地出租车，问司机这个酒店如何，司机说这里几乎都是当地来“耍的”，打牌XXX等等，几乎很少出差的商务人员住这里。4，感觉很不好",0,0,0.26375864248850217
一个垃圾酒店，徒有其表。完全不管住客的安全，供住客使用的浴巾居然有血迹，恐怖啊，不知道其他的地方是否消过毒，如果染上什么病，真是跳到黄河都洗不清啊。对你的投诉置之不理。服务素质极差。总之再不会住这家酒店及其分店了。,0,0,0.26302423792522184
本次预定有两点不满意1、由于航班原因我在21日凌晨2点到达酒店，可酒店仍然收取20日房费。2、酒店房间格局极差。网上预定时，不能了解房型。建议增加。3、房间设施陈旧。最可恨的是房间竟然有蟑螂。与服务人员理论时告知：已经是优惠价（言外之意，有蟑螂我也得忍了！没天理！望携程认真核实！,0,0,0.26227659911733153
价格，携程180，店头有活动价格179，如家还有自己的会员价格，都比携程低，携程订单一点竞争力都没有。房间，床太硬，电视在二楼比较不方便。屋子还算够大，就是设施比较陈旧，空调作用不明显，噪音还大。屋子里不干净。环境，就在吉林市最大的手机市场旁边，每天早上商店一开业，就开始一百多分贝的喇叭音乐、人语宣传，震死了！态度，服务台那位小姐不知道当天是不是心情不好，把情绪带到工作上来了，对客人态度极其生硬，还带搭不理的。令客人心情极差，如果不是替朋友定的房间，急于定下来地方的话，可能就不会入住了。位置，在北齐那个楼的侧面，外面很难看到。很多人甚至出租车司机都不知道在哪。总之，对这家店很不满意。,0,0,0.2610105172107005
太脏，停车场太小，建议携程不要推荐这样的旅馆,0,0,0.2605575914327963
我们是5月1日通过携程网入住的，条件是太差了，根本达不到四星级的标准，所有的东西都很陈旧，卫生间水龙头用完竟关不上，浴缸的漆面都掉了，估计是十年前的四星级吧，总之下次是不会入住了。宾馆反馈2008年6月1日：我们酒店于94正式挂牌为四星级酒店，06年和08年逐步装修了四个楼层，客房档次不同，设备新旧程度也不同，欢迎用户下次入住选择我们新装修的房间。,0,0,0.25940857794664274
"非常糟糕,简直不是人住的地方,无法兑现预定时接机承诺,本人不得不在晚上11点拖着行李步行近二公里到达,服务态度差,房间过道既潮湿又充满霉味,晚上头顶有或明或暗绿灯闪烁(太过频繁).与我曾住过的其他二星相去甚远.",0,0,0.25894117715163584
隔音太差，稍微大点声，三和板的传音效果较好。黄金周的价格是平时的一倍，明显有上当的感觉。特别是结帐时听到别人才260，我的居然是370！！！！！！！！！！！！,0,0,0.2558112275651437
"这家酒店非常差,大家不要给它的外表所欺骗,房间非常旧,而且房间烟味很重,我觉得连招待所也要比它好",0,0,0.2549835523446406
"一个字：差！设施差，服务差，环境差。能想到的一切都差！！！！！宾馆反馈2007年12月10日：酒店已注意到了,部分房间已开设改建",0,0,0.2504777251897388
严重的名不副实，所谓的准四星级差距太大。入住豪华大床间，房间小的只有一张床的位置，卫生间小的淋浴空间甚至转不开身。房屋隔音太差，隔壁两人说话的声音清晰入耳，楼道中服务员交谈的声音远远就能听到。餐厅小强横跑，哪儿还有心情吃得下去？这儿根本就不是个酒店，感觉像是KTV改造的，不行不行，太差了！,0,0,0.2501131510383775
以前住过一次，发现了一只老鼠，后来看到别人说他们重新装修过，所以这次还是选了这个酒店。可是实在是让我失望，一切如旧，什么也没有变，只住了一个晚上，我就生病了。下次再也不会住这个酒店了。,0,0,0.24994342013031862
"这家酒店充其量只能算是三星,无论从硬件还是软件方面来说都达不到五星的标准.我9月14日网上预定了三个房19日入住,结果到了前台被告知没有收到预定单,经过和携程联系后等了足足半小时才入住,这其间没有得到前台一句道歉的话,而且还把我们几个房间分到不同的楼层,说是没有同一楼层的房了;可事实不是这样的,后边我们同行的还有几个朋友入住都分到我这一楼层,证明不是没有房间而是前台有意刁难.到前台与之理论一番之后才把我们几个房安排到一起,真是让人生气,以后再也不会入住这酒店了.另外在前台直接办入住是488,携程的价格是588.",0,0,0.24778128059041285
"对于酒店的服务态度基本满意,唯一缺陷就是没有遵守时间.我提前1小时和酒店总台确认过了我到达浦东机场的时间,并且酒店说我到的那个时间有班车在等.但在我比通知酒店的时间提前15分钟到达时,却没有酒店的班车,给总台打电话后才知道,班车已经提前开走了!结果酒店又排车来接,让我等待了25分钟!关于第二天早上出发时间的问题,我反复催促了,也是在晚上9点半以后才通知的.结果第二天的班车定在早上7点钟,但实际发车却延迟了15分钟!至少酒店的班车是没有信誉的!这样的工作态度好像很不在乎,像是在开玩笑一样!另外,酒店距离机场有至少25分钟的车程,周围也没有什么吃饭的地方.我到的当天晚饭只好在酒店餐厅解决.我只有1个人,点了个雪菜肉丝面,1个青茄子炒粉丝,结果上来的面至少够4个人吃,点菜时服务员也不提醒一下.那个青茄子炒粉丝就更甭提了,实在是难吃至极无法下咽!不知道是哪个菜有问题,当夜就上吐下泻了!可以肯定是食物中毒!酒店的小姐反复打电话到房间拉生意!实在是更加降低了酒店档次!又不敢把电话线拔掉,因为还要等待总台通知第二天早上发车时间,真是太郁闷了!188元实在是太便宜了,便宜得很难受很不合算,我永远也不会再去住这家酒店了!",0,0,0.24674539330299958
并不是雨季，但仍旧是一股浓重的霉味。被子阴冷潮湿，空调也不开，没有任何取暖设备。在没有任何人排队的情况下，结帐花了至少15分钟。两个收银员打了个查房的电话上去后就开始自顾自聊天了，直到过了很久收到查房反馈后才带着一脸没睡醒的表情心不在焉地开始翻找预授权资料以及打印帐单和找发票本。本店员工难道不知道他们自己店的走廊是史上最长走廊，查房走过去要花很久吗？在一再提醒下才不情愿地打电话去催查房结果，就不懂得先把那些票据找出来。让人不得不联想到她们是不是没领到年终奖。明明早餐厅门口有人收餐券的，落座后还是有人上来一个个问有没有餐券，以己度人。补充点评2008年2月21日：忘了一点：最近拖鞋被换成了非一次性的，实在怀疑有没有真正的消毒干净。因为整个酒店就给人感觉霉霉的，旧旧的，不是那么清爽。如果得了脚气，他们是头号嫌疑犯。,0,0,0.24642603200071678
我预订的这个房间是这个宾馆最小的房间，也是我住过的所有酒店中最小的，小到不能再小。没有衣橱，没有茶几，没有浴缸。我一共住5晚，入住第3日半夜1点40分有按摩小姐敲门，打电话到总台投诉，虽说立刻有保安过来，但未得到宾馆任何道歉。,0,0,0.24502230234058345
入住没什么问题，前台把握安排在23楼，那里可真是馊臭，一出电梯非常难闻。进了房间里面还是有这个味道。就快要吐出来了。实在是忍无可忍，打电话给总台，要求换房。后来换到39楼。服务生说是23，24楼市公寓楼，有人在做饭的。晕！！！也说明酒店不重视携程的客户。如果是他们酒店ACCOR的会员的话，肯定不会安排在23楼。还有个奇怪的问题是，为什么携程总是没有早餐的？什么酒店都没有，感觉是携程吃了我们的早餐。,1,0,0.24403433531941818
太搞笑了！住了这么多次酒店宾馆都没有收停车费的，唯独东都宾馆收停车费，而且事先也不说明！！！当一个当兵的来收我停车费时，我破口大骂，先震他个四晕八素，然后趁他发懵时一鼓作气接着骂！声音还特大，一副要钱没有要命一条的架势，最后闹得收费的直犯晕，最后也没收费！这方法可供以后拄这家宾馆的人借鉴一下！（此方法切不可模仿，此次未交费纯属侥幸）至于其他的感想，和一经发表评论的人的观点一样，一个字：差！奉劝大家住店前三四而后行！,0,0,0.24341673456053628
酒店房间太烂。服务一般。地点也差。房间小，卫生间小，居然还是蹲便。。。,0,0,0.23985192645526532
这次住的丽晶，实在是令人气愤。酒店浴室没有防滑垫，铺了个毛巾在地上冲凉。怎奈毛巾太小，还是摔倒。3个牙齿摔没了。包括两个门牙，其中一个要拔掉。之后发生的事情更是让我对这个所谓在当地的四星级酒店太失望了。酒店没有任何一个人在事情发生到现在有个道歉的意思。反而说你自己不小心，拒不做任何有诚意的合理赔偿。携程的沟通也是令人失望。一句“没有办法”，仅此而已。希望准备入住这个酒店的朋友要注意。自己的平安还是很重要的。,0,0,0.23967753001727624
房间有异味，入住时室外低于10度，但房间的中央调只有冷风！！！！室内设施陈旧！户外声音较嘈杂！只能在大堂看到服务员！总体非常不好！应该只能算是准二星！,0,0,0.23963470114441884
选汉庭是因为酒店本身介绍、大约知道的汉庭创始者渊源、之前旅客的评价等。但结果非常令人失望。在说令人失望的情况前先说一下还算好的方面，以保持客观和平衡。大堂接待还是礼貌和规范的，办理手续确实比较快捷；房间本身还是整洁完备；房间里上网有不间断电源插孔，虽无暇判定是否确实；房间有几本流行书籍，无电脑也许可消磨时间。下面是令人失望部分：一、房价有严重的甲醛味道，其味道严重程度使我不认为这是健康可住的正常状态。味道最严重的是洗手间。虽关闭洗手间也无法断绝味道外溢。酒店虽解释说是因为新装修开业，但如此状态根本不具备对外开业的条件。其实际让顾客判断是否可住的态度是对顾客的不尊重。二、临街房间噪音很大。订房时特地文字说明要安静的房间，结果不但临街而且临最嘈杂的十字路口，房间窗口外就是医院大字招牌，噪音环境极差。对顾客要求置若罔闻更是又一不尊重顾客表现。另一个朝向的房间不临街，但临拆迁房片区，噪音是否大也不好判断。三、洗手间非常小，开门几乎进不了淋浴房。排气扇功率严重不够。甲醛味道重使此问题进一步凸显。原本以为汉庭高层和携程渊源，各方面总不会太差，结果，重庆汉庭令人非常失望。硬件本身的问题是一方面，对顾客健康、要求的基本尊重都没有就是本身素质问题。本人去重庆肯定再也不会去汉庭。,0,0,0.2376416182688356
单人间实在太小了，桌子柜子都没有，连放旅行包的地方都没有，吃饭只能坐在床上，拉唯一的椅子当桌子，不通过携程预定的话，这个房子150只要98，算特价房了！,0,0,0.23752425186214035
"用一个子评价就是""差"",两个字就是""差差"",用三个字评价就是""差差差"",除了地点好,其它的,房间老旧也就罢了,那个脏!地板乌黑,床单没人换,味道那个难闻,上面还有____,简直恶心得没法儿说,服务员态度奇差,一问三不知!而且都将外地话,让人听不懂!房间冷,设施缺胳膊短腿开水壶没插座,总之,不推荐住宿!繁华地段有这样的酒店真对不起首都!携程网有这样的会员单位,对不起我们这样的铁杆儿会员!",0,0,0.23451947732919148
很不怎么样的酒店，根本不象三星级。1、大堂：受理很慢，且服务员连你好都不会说；2、房间：我订的是大床房间，电视机很旧，卫生间里洗澡的地方是用玻璃隔起来的，空间很狭小，而且热水放出来的里面全是棕红色的铁锈，洗澡时水温忽冷忽热；比较变态的是，房间里没有预备网线，你得打电话要，而且电源插座很不合理，如果要插笔记本电源，需要把电视柜往前搬至少50厘米，否则你是找不到插孔的；3、订餐：按照《服务指南》，我打了8003，提示无此号码，于是拨打8006查询，告知我打8033，打过去以后又让我打8031，订个餐有这么麻烦吗？好不容易打通了，要了红烧草鱼、清炒土豆丝和紫菜汤，结果巨难吃，还不如外边随便一个小餐馆做的好吃，反而花了70多元，根本不是三星级酒店厨师做的，让人愤慨！紫菜汤的颜色就像是刷锅水！紫菜也是大片大片的！3、服务：打电话要了网线，过了很久，难道绿洲饭店很大吗？要走那么久？！绿洲饭店我已经住过好几次了，这次是最差劲的！！！给各位推荐立达宾馆，性价比很好，服务也特别好，而且做的菜很有家常口味，吃起来很可口！虽然远了一点，但是打车到市中心，也不过7元钱而已。唯一不足的就是没有宽带连接。补充点评2007年8月16日：还有一点最让人无法忍受：隔音太差了！我的房间隔壁住了个醉汉，那个呻吟声和鼾声，简直就像在同一个房间一样，而且看电视的声音和说话的声音都很清晰！,0,0,0.2343263620448252
这个酒店的所有设施是在是太陈旧了。早餐简直没法下咽。洗澡水小得没法洗澡。房间里尽然没有写字台，害我要座在自己的行李箱上，趴在行李架上上网。本来我想算了就住两天，将就一下吧。可是晚上看电视的时候尽然有一只大老鼠在我面前跑过，吓死我了。没办法第二天一早换酒店。,0,0,0.2329632603514671
第一次到贵阳，通过携程订了两晚。说是三星。走进房间，发现设施太旧，卫生条件不如人意。地毯太脏还有洞，墙壁已经发黄了，本想退掉一晚。后来上街，发现整个贵阳的城市建设都不怎么样，所以将就着住了两晚。,0,0,0.2319187833361026
黑店啊！！！12点半退房就要加收半天房费还很横房间很暗！！！！比较旧！！,0,0,0.23190998108915203
本来定阙里宾舍，定单提交后携程打来电话说没有房间啦，推荐该饭店，结果入住后发现房间脏、乱、差，前台服务员态度冰冷，号召大家抵制该酒店。,0,0,0.23143207354032602
住过不少三、四星级的酒店，青海宾馆是最让人失望的一家。看到网上的照片还不错，实际上相差很大。酒店比较陈旧，无论是房间的颜色还是房间内的家具设施，感觉象是一个90年代的招待所。我订的是大床间，床直对着厕所的门，浴室里的毛巾也是黑糊糊的，感觉洗不出来的那种感觉。晚上有骚扰电话，而且房间的隔音也不好。有意思的是，我想把行李寄存在酒店一下，那个问讯处的小姐就拿一张纸写了一个收条给我，连个正规点的单据也没有，可见管理的不足，也不知道怎么评上四星的。所以，第二天我就另某住处了。,0,0,0.22950883751646345
就这样的宾馆也敢要298元，跟诈骗差不多，宾馆的前台就像饭馆的收银台，服务态度极差，跟头脑缺根弦似的。洗澡的水也不热，房间隔音差，早餐不好，如果你收个180元左右还查不多，我说的合理吧，就这酒店还敢如此要价，携程网的工作人员到底有没有实地考察过，能不能为用户多负责一下，真是让人不愿意再在这里订酒店。,0,0,0.2285420869045073
"这个酒店唯一值得称赞的是销售部的一位女士,但是很抱歉,我忘掉了她的名字.评价:1)性价比绝对不值得,附近的同类酒店很多,性价比都比这家好2)除上面提及的一位销售部的女士外,其它的人员都很差,前台完全是招待所的感觉,而且是国营的那种招待所的印象(入住时是半夜,前台穿着军大衣睡眼朦胧的样子简直象演电影一样的标准)3)这家酒店离火车站十分钟的步行，我打了四个电话都没有找到，最后找到时才发现，这是周围所有酒店里唯一夜间没有彩灯的，黑灯瞎伙的确实没办法找到，接电话指导的人完全没有地理概念．4)入住时，前台说的第一句话是＂没有你的定单＂，第二句是＂肯定没有你的定单＂－－之前只问了我叫什么，就象审犯人．我打电话给携程确认时突然又来了一句＂找到了＂，唉！房间连续改了四次，我在前台已经不知道该怎么办了．一会划掉房号改成另一个，一会儿又改回来．．．．．．5)最最要命的是，完全没有按之前定单中注明的要求安排安静的房间，这与携程之前的短信和电话的说法是完全不符的．6)一大堆投诉，直到第三天离开（如果不是因为事情多，第二天早上就离开了）前才接到销售部那位女士的回应--送了一个果盘，唉！7)早餐不要指望什么，本来就内容单薄，八点半就已经主菜大多没有了，热东西少，服务要求反应永远很慢．唉！不推荐入住．南昌实在有太多选择了．不过关于服务，客观地说，南昌整体的服务意识也确实是不高的，但是这家确实是太差了．宾馆反馈2008年4月14日：尊敬的比哥儿比哥儿：您好！首先感谢您入住锦昌大酒店为我们提出宝贵意见，为此酒店高层管理人员非常重视，并特地召集各相关部门专门开会对您的投诉回复如下：1、锦昌大酒店在南昌市三星级酒店中评价、服务、专业化均较好，性价比我们将会更进一步提升；2、前厅部深夜班次员工的工作状态、着装形象我们将在您的鞭策下严格管理并由我们值班经理全权负责检查，树立一个良好的接待形象；3、为了让更多宾客晚上能顺利地找到酒店，我们将推迟2小时关闭酒店的外墙灯，并针对总机及前厅部门进行酒店详细地理位置的培训；4、对于询问预订工作程序，我们着重培训员工具备首问责任制工作原则，第一时间为顾客解决问题，并要求做到不对顾客讲“没有”“不知道”类词语；5、安静房是指锦昌所有房间，分南北两边，南面是居民住宅区本身具备安静条件，北面是靠马路房间，07年已全面安装隔间窗，您住的8821房是北面已安装了隔音窗房间，如仍未达到您的要求，我们酒店高层管理人员会尽最大能力为您解决；6、营销总经理晏艳春女士在接到前厅客户意见反馈后随之上门拜访，并赠送果盘希望能得到您更多的理解与支持；7、早餐经我们统计每天至少保证有四十五个品种，其中最少有十个为热点，另外所有蒸品全部保证热度，至于餐厅的服务我们将不断完善。我们热忱欢迎您再次入住锦昌大酒店。江西锦昌大酒店2008/04/14",0,0,0.2266288544184209
这是我在携程遇到过的最差的酒店，问题多多1.这大冷天的。房间塑钢窗密封性极差，四处漏风，第二天换了个房间，也漏，不过比上一间漏的小点，联系服务员，服务员跟我说你自己拿透明胶条把缝粘粘就行2.暖气不热。服务员告知本酒店采用地暖方式，我一点没体会到地暖的优越性，在房间呆着需要靠羽绒服保暖，晚上睡觉需要盖2床被子3.浴室里淋浴的水时冷时热。水及不稳定，又时候冰你一下，有时候烫你一下4.房间里的空调禁止使用。从一进屋我就开始找空调遥控器，没找到，遂联系服务员，被告知由于我店采用地暖，空调暖风可以不用，遥控器由酒店统一保管。几经交涉终于把遥控器要到手了。。想要点暖风真不容易啊5.饭菜质量差。18一位的自助午餐，要了一份猪蹄，刚吃几口发现猪蹄上还有好多没拔干净的毛。。。。。宾馆反馈2008年6月10日：1、关于用水：经过我们认真的检查，我们最终确定造成洗浴水温波动的主要原因是冷水的压力变动。邯郸市自来水管网中的水压在用水峰谷压力不稳定，酒店专用自来水入户表井口径是50的，用水量不够使用。我们采取了以下措施：1、向邯郸市自来水公司申请扩容，安装直径100的入户表井，保证用水量，目前已完成。在管网中增加自动管道加压泵，保证恒定的管网压力，目前已完成。3、增加管网末端稳压水箱，体积3.3立方。经过以上措施彻底保证管网压力稳定。2、关于窗体密封：关于部分双层隔音窗密封问题，我酒店积极和施工单位进行协调，采取方法加以改善：更换部分窗扇的密封条。修复损坏失效的五金件。对窗体和楼体的接触部分，从内部进行密封胶密封，从外部进行玻璃胶密封。以上措施，业已落实到位，效果明显。3、关于地采暖：对于燕赵之星开业以来的第一个冬季，我们在取暖工作上的确出现了一些问题。首先是，我们对采暖系统的操作上经验不足，设备运能不能完全发挥，对此，我们积极联系厂家和专业维修人员进行设备调试。另外我们对具体操作的员工进行了调整和培训，制定完善了操作规程，明确了岗位责任。同时，我们对原煤供货商进行了调整，采购热能更高，更加洁净的白煤用于取暖。对于我们前一个采暖季节出现的问题，再次对各位信任我们的朋友，致以真诚的歉意，希望大家能再次信任我们。4、我们将继续努力：以上都是在燕赵之星商务酒店开业过程中，我们所面临的困难。随着燕赵之星步入第二个经营年，各项设施设备的完善，人员配备和培训的加强，我们正在全面的解决这些问题。感谢始终关注我们的各位朋友，您的批评指正是我们前进的动力。我们乐于通过自己的努力，为各位朋友在邯郸市营建一个温馨的家。,0,0,0.2262345439273725
硬件差：房间设施简单、陈旧，房内有较重的异味，半夜后中央空调“罢工”。服务差：进房发现，床单和被褥就简单地铺在床上，根本没有拉平整。走廊、过道、楼后场地到处是桌椅、杂物乱堆乱放的场景（看得出酒店管理、服务的基本水准）。餐饮差：办理入住手续时，总台推荐在酒店用餐（加之17087105的好评），“果断”决定不另找饭店。在点菜时就感觉不对，点菜员对鱼缸里寥寥三、四种鱼类大多不认识，对菜单上菜的烧法更是一百个“抱歉”。上桌的菜就更糟了（58元一个鱼头沙锅就是半锅汤和一堆鱼头散骨头......）。早餐要另买票不算，质量实在不敢恭维。（17087105：我的好朋友，你的点评对我们入住该地真的很关键，你可把我们“小害”了一次！）卫生差：这是最要命的一点，在离开酒店后的路上，车上的两位女士（妹妹和夫人）均出现了不雅观的动作，一个拼命抓挠手臂，一个拼命抓挠脚背，仔细一看，原来两位白嫩的皮肤上长出了一个个小红点，一开始还以为是蚊子咬的，但马上被稍有医学知识的妹夫否定了，蚊子咬的不会这么小（是啥生物咬的不言自明）。青山湖真的不是几年前的青山湖了，原来的美景被尘土飞扬、泥浆满地的房产开发工地所取代。看到几年曾经入住，且颇为满意的天乞宾馆，如今大门紧闭，人去楼空，窗门破碎，锈迹斑斑，萧条之景，让人寒心。再回头看看400多块的享受这样的度假酒店，也就不奇怪了。我每次入住一个酒店，都喜欢以褒为主，点评一下。但唯一这次，恕我直言，且毫不偏激地说一句，这样的酒店，有辱携程！补充点评2007年5月9日：过去5、6天了，妻子脚上的小红点还未消掉，前几天还奇痒无比，可见那些小红点很毒的，住这个酒店后悔死了！,0,0,0.22288818846618136
不太满意，有天晚上十点半回来，没有热水，忍了，第二天早晨还是没有热水，打电话去总台问了三四次，才知道是煤气公司停气。酒店至少应该提前通知吧，这是夏天！！！还有我出去办事，LP在楼下上网，用了大约十分钟左右，有工作人员出来让她不要用了，说这个电脑是给商务人员用的，可能是我LP长得像小孩，我住了好多家汉庭从来没有听说电脑是商务人员用的。还有个题外话，前两天我是用南航会员卡直接预订入住的，因前台人员不会操作或操作失误，导致我第一天的活动里程无法累计，前台理直气壮的说不能补！我只能说，这家汉庭是我住过的汉庭中最烂的。,0,0,0.2225161630537814
住过如此之多的如家酒店，这一家是最差的，服务很差，地段也很差，硬件设施简直就像一个县的招待所。的士司机都找不到那个地方，打电话到总台去问，一直无人接听，最后兜了几次圈子在一个小巷子里发现了，到总台问他们为什么不接电话，居然回答说忙得没时间。订的商务大床房，到房间了发现在一楼，窗户外面到处都是停车的，吵得没办法睡觉，还没房间可以换，郁闷。。。以后再也不会去住了。补充点评2007年12月21日：今天接到这家酒店总经理助理打来的电话，对之前的一些事情表示抱歉，并解释了一些原因，感觉态度还是很不错的。希望能以后有所改进，更好的服务所有客人，特别是携程的客人。：）,0,0,0.2220926992082063
房间是新的，不过根本不值这个价，太贵了，而且连早餐都没有，全是起了让你吃面条的这种，，，再也不会去住这个酒店了。,0,0,0.21905541416059585
前台小姐的态度不好，房间一开门走进去，一股发霉的味道，而且阳台的门的玻璃是坏的，cheakout的时候前台还让我们赔钱，说我们把门弄坏了。前台小姐兴冲冲的跑上来说隔壁的客人投诉我们太吵，要我们做房客登记，态度差的一塌糊涂，隔壁是客人，难道我们不是客人吗？而且我们一开门，隔壁比我们吵多了。反正就是一个字：差！,0,0,0.2178832024846866
"这个酒店实在太差了,一进房就看到蟑螂.设施也差,电视不知道是什么时候的?按床头那些键,谁知道一按下去就整凹下去了.走道上的墙都已经潮了,连前台的布景也是破烂,是时候装修啦.",0,0,0.2170309559517701
我奉劝携程的网友不要住这家酒店，这是我亲身感受后的结论，我可以告诉你们事实：1。周边环境太差，我们是8月5日晚9点左右入住的，周边黑漆没有商铺，只有在酒店点餐，餐厅没人，找服务员，然后服务员再找餐厅师傅，我们才吃上，如果不在酒店吃，可以打的到大理古城，如果不打的，等着有酒店的往返古城的车，约半小时有一趟。2。房间陈设不干净，垃圾筒上没有垃圾袋，直接丢进去，拖鞋质量太差，最不好的是卫生纸，很黄很粗糙劣质的那种。3。你刚入住，酒店前台的几个女孩就会不厌其烦地问你明天的行程，给你推荐司机，或者帮你叫车。我们就是被他们坑了：当知道我们明天要从大理去昆明后，他们极力热情地给我们推荐他们的一个班车，要126元，比正常的客运票价贵40%，我的孩子9岁，1.3米，从丽江过来大理时买的半票，可这个酒店要我们去昆明买全票，说这是规定，我们就相信了，就付款了，可后来下午到了他们的那个旅游大巴站（云南旅游集团的旅游快车），站里的人说我们的孩子可以买半票，转头打电话到三塔苑酒店，希望帮忙解决换票、退票款，他们就没有当初的热情了，拖着找理由，不理，最后只有我们到时间了上车，车走了。4。这家酒店推荐的什么豪华大巴是云南省旅游集团的省旅高快，大家千万不能坐！大理的上车点在苍山饭店里，车上高速以后，车里的卫生间不让用，到了楚雄后，进了楚雄加油站旁边一个私人餐厅，说要休息半小时，一车的旅客都不愿意休息，因为快到昆明了，大家都想到昆明吃饭，可司机蛮横的一句：你们不吃，我还饿了呢，我要吃！最后一车旅客被赶下车在空地里站着，司机大摇大摆去吃饭，全体旅客等他们吃好，耽误了40多分钟，本来8点多一点可以到昆明的，拖到9点。,0,0,0.21410742874297892
"5月2日入住标准间。其网站(,更别想有浴缸之类的设施。2.所谓的按四星级打造，床竟然用未油漆的木工板拼凑而成，大失所望。3.5月2日杭州气温最高31度，房间里中央空调出来的居然只有自然风，没有冷气。晚上只有不盖被子睡。4.早餐一般，想吃个煎蛋？抱歉，没有。补充点评2008年5月4日：其网站介绍是""一家按四星级打造的精致时尚型酒店"",严重名不符实。1.首先房间太不。是我住过的酒店里面最小的.两个人已经很拥挤。卫生间移门是坏的，更别想有浴缸之类的设施。",0,0,0.21203903200506877
房间设施相当差，马桶圈居然小了一大圈，浴缸的水直接排到卫生间的下水道，洗个澡弄的卫生间里全是水，门卡居然也没有，说是给交警大队队长了，进出得要服务员开门。对面就是火车站，以后绝对不能找火车站附近的酒店，太坑了！,0,0,0.21102184137326532
我是3月6日入住的，当时查看了网友对其他酒店的评语，都不怎么样，选择这家是因为当时还没有任何评语。但结果是一样很差，根本不够四星，房间的衣柜里还有蟑螂，我当场拍死了一只。298元/晚绝对不值，和成都相比，价格相等，服务和设备相差太远，下次不会住那里了，如果可能，最好回成都住，绵阳-成都车程只有1小时45分钟。,0,0,0.2107893959183004
服务态度不好，换个房间都不给换，弄个最差的给住！,0,0,0.21059791123621846
"非常不愉快的一次经历!!!酒店的服务一塌糊涂!!!在下午3点左右入住竟然没有打扫好房间!办理了手续(付了押金),然后晚上再拿房卡.如此一来,竟然对携程说我没有入住!!!折腾了一周多才确认!房价对比酒店而言并没有优势(非常客观!并没有恶言)相隔一条街新开的酒店比比皆是!除了房间大,其他都一般,特别是隔音差的不能再差,对有时间且喜欢听隔壁做爱直播的是个非常佳的去处!我""欣赏""了一晚上!""身临其境""的感觉!!!总之!我再也不会去这个酒店了!!!",0,0,0.20832778470718838
太差了还算国际连锁弄的跟街边店一样的电视没遥控器热水器冷水热水标致相反的害的我开了很久也没出热水房间被子看上去很恶心总之这种饭店呆一次就不会再去了。,0,0,0.20821669396705572
第一次给一家酒店1分，是因为它挂着四星的牌子。虽然价格在江阴的同级酒店算便宜的，但它确实是我住过的最差劲的四星级酒店。建议把四星的牌子先摘掉，从二星级的某些方面开始做起，然后向三星级看齐，等到所有三星级标准都符合了，才把四星的牌子重新挂上。空调得弄一弄了，实在太吵了。卫生间的设施，就算不换新的，也得弄得给人感觉不会太旧，居然有些地方还发黄了，就连上海路边的公共厕所都不会比它差。房间？也就二星级的水准，糊弄客人也不是这样糊弄的啊！,0,0,0.20706709385872102
2月2日，我在这里住了一晚。由于有事情需要处理，我到下午4点才退房。根据酒店前台告示牌的说明：12点后退房的，每超过一小时需收费20元，最多收取50%房费（下午6点前退的）。这样，我应该另外再付80元。当付款时，服务人员（经理也在）则坚持要收我半天的房费（全天是178元）。我就根据他们告示写的据理力争，后来，他们表面认可我的观点。然后让我刷卡结帐，由于他的终端机器上没有显示具体金额的数字，我输入了密码，确认了。结果等打印出来的签单一看，数字是89元，而非80元。我拒绝在签单上签字。（后来问招商银行，银行说只要打印出来就有效，不管签字与否！我就奇怪，那签单上的签字有什么用？）服务人员包括那个经理，见他们小把戏得逞，在一边暗自高兴。我觉得很气愤，为这样没有信誉的员工，以及他们的落后意识。也不想想，因为自己的不道德，导致消费者对他们公司也产生不信任，这种后果是区区9元钱能比较的吗？后来我投诉到总店，过了一小时左右接到这个店经理的电话。基本意思是，有两种方案，1、我去店里拿下9元钱（而我这时候已经在武昌候车厅等待上车了！）2、下次还住这家店，给我补，并且按照比写成优惠很多的价格和我结算。我心想，真是无聊的很。我去拿？可能吗？我叫出租来回还要40多呢，且不说我时间。下次住？可能吗？别说你这个店，整个扬子江我都不会选择了。这种小聪明，欺骗消费者，最终决定了扬子江将是一家没有什么前景的企业。大家在入住前也仔细考虑下，别因为自己良好的愿望而向我一样遭遇到没必要的烦恼。,0,0,0.2069519902850205
预订标准间：拐角房间（为什么携程订的都是拐角间），房间很小，隔音超差，房间非常冷，空调几乎不好用，卫生间更冷，几乎没法淋浴！三个字＂不满意＂！,0,0,0.2068287000680816
非常不好，强烈建议不要入住，几乎没什么服务！补充点评2008年2月23日：1，酒店倒是容易发现，但进去的路面坑坑洼洼地，不方便2，前台漫不经心地，不能使用信用卡3，电梯怀疑是货梯，绿色滴，声音大挺吓人4，客房的空调在酒店所谓的服务员（中年男人，没工作服）近一小时折腾下，又过了一小时才制热，但是出风口不到60度，根本吹不倒床，就在空调下一米见方处热，我事1月份住滴，实在撑不住，要了床被（客房内没备用被），中年男人耷拉着脸，老大不愿意。5，浴室的水，脸盆和淋浴好像患了前列腺，滴啦啦出来，等了半小时都不热！只刷了牙，澡都没法洗！6，周围几乎没吃东西滴。,0,0,0.20549298425945334
"我以携程名义预定如家快捷酒店,从2008年4月8号入住到15号退房共住了一星期,一日151元的房价是不贵,但是15号我大约中午12:25左右办理结帐退房,如家快捷酒店却说我没有在中午12点整之前结帐,因超过如家快捷酒店规定的时间,所以要加收半日的房费76元,当时我愣了一下,并跟店家力争说明,为何入住时怎么不向我说明清楚规定?再来我是订房至15号,为何15号中午12点之前不能用电话提前通知我退房时间?如果我超时30分钟必须要加收房费,按照比例原则如家却要收半日的房费也太离谱了！他们解释说:因为我是透过携程仲介订房,所以公司规定就是如此,他们也无法改变,如果是如家的会员订房有一小时的弹性时间。听见如家酒店的解释,我是深感如家酒店根本不注重消费者的权益,只注重他们自己的利益,就因我是在网上透过携程仲介订房,更让人有变相加价的感觉,再来如家酒店对自己的会员和对其他合作单位订房的会员权益有这么大的差异呢?四星或五星酒店也没有这么收费法吧?",0,0,0.20521508594621096
"这是我住过最烂的酒店了,比招待所还差,外观看起来还好,一进去吓一跳,箱子只能往床下放!热水器还要自己烧水,都不是自动的!哎,厕所也看起来恐怖!反正就是差,差,差!幸亏只定了一天,连澡都没洗,第2天一大早就换酒店了!",0,0,0.2045668570007031
"服务实在是太差了,居然没有跟我说就把我房间的窗帘取走了,而且打电话竟说没有就不给我换",0,0,0.20345633922126305
"之前06年的时候入住感觉非常好，服务、硬件都不错。所以这次带父母、亲戚也入住这里，强力推荐了这家曾经感觉非常不错的酒店。可这次的感觉完全两样，可以这么说很失望很没面子。1。当日入住的时候，我是按照预定单上注明的在11点左右办理入住手续（总共预定了4间），前台小姐竟然告诉我只有一间干净房，两间脏房还没有打扫，另一间没有。当时就很不爽，明明之前已经确定的，而且通过携程订的，也确认过订单，且就在我入住的前5分钟还接到携程的再次确认电话，竟然跟我说没房间，还跟我说房间要到12：00才可能退出来。晕阿，这什么酒店阿！经过一番争执总算讨到了四间原本就预定好的房间。真是辛苦啊！2。其中有间房间要换房间楼上和楼下的服务员说辞不一致，换房差价上又折腾半天，后来由于赶时间出去玩也就不合他们争了。服务员的培训真是应该加强！3。第二天早上早餐，由于每间只有一份早餐，所以小孩需要加早餐，又碰到前一天相同问题，不同服务员的说辞不一样。原本下楼用餐前就打电话咨询过三个小孩，两个1.4米一个1米优惠下50块就好了，结果餐厅用餐时又变了两个1.4米要全价，1米的半价。真是十分的不爽。争执后也就算了，按原价支付，懒得和酒店搞，折腾得自己心情不美丽。4。最令人气愤的是这一点，凌晨5点多竟然在四星的酒店里面被热醒，前提是我空调开到22度，竟然会被热醒，我LG打赤膊都在浑身冒汗，其他亲戚住的房间也有这样的状况发生。竟然为了节能关空调，太让人生气了。打电话给房务中心，结果是总台接的电话，说什么水温上去了，没有关空调，然后我请他请当班经理解释空调的事，竟然在10分钟后随便找了个服务员来搪噻我。在我电话投诉后，才将中央空调重新开启。什么酒店阿，对得起他那闪闪亮的四颗星吗？关中央空调能节约他们多少能源费阿？真不知道酒店是如何考虑的，客人重要还是节约下来的那么一点点的能源成本重要？后来下楼和酒店经理交涉半天也没有结果也不解决问题，心情非常不爽阿，最后只有收拾东西办理离店手续，谁叫咱是弱势群体呢。结帐时酒店经理过来又解释说没有关空调，是水温上去了，所以温度高了，然后将我们投诉的没有空调的2间房房价打了9折。这时我已经没心情和酒店多罗嗦了，赶紧结了帐走人，不要让我出游的美丽心情再次受到影响。试问如果酒店真的问心无愧没有关空调那么你干嘛来给我的房间打折扣呢。补充点评2008年8月11日：5.卫生间的莲蓬头也不怎么好使，折腾半天后才勉强冲了下,原本想换房，但是LG说小孩都睡了就不要折腾了（小孩是在亲戚的房间洗的澡）。宾馆反馈2008年8月15日：尊敬的宾客，您好！首先向您真诚的道歉，对于您在我们酒店入住的这段时间，我们没有为您服务好，是我们工作的失误以及平时培训的不到位。您所提出的批评是在帮助我们提高，在此向您表示衷心的感谢！我们一定接受您的意见，希望您下次再来时我们能为您提供更好的服务。祝您和您的家人身体健康，工作顺利！",0,0,0.20193858767256143
类似于80年代的招待所，要自己下到一楼打开水，开水瓶看的倒是挺结实的。没有电话，叫服务生只能靠人工。洗澡水据说要放20分钟凉水后才会热，我们确实很有耐心放了20分钟，还是冻人。实在心疼水就凑合冲了。空调只有冷风。两张超小的床。总而言之是我住过最为辛苦的房间。,0,0,0.2017555359775326
携程的宾馆预订，大大不如从前了，价格没有优势，协议的酒店提供的服务跟携程的承诺大打折扣！！！到达酒店的时候，原来预订时的价格是188元，可是到酒店后，酒店临时调整价格到268元（公布价是358元），问我同意不同意？废话，我能同意吗？在入住的时候，就要交房费，以前真没见过。房间的安全性差，没有内锁。因为刚刚装修完，所以，房间设备虽然低档次，但是还算是新的，感觉不是太差。洗涑用品连招待所的都不如，还什么大酒店？管子里出来的是黄黄的水！！！入住的时候，本来说是可以刷VISA卡的，可是刷不了。（不知道有没有真把钱给刷进去？担心）退房的时候，要张发票，不能开，得到很远的另外一个象招待所一样的，所谓的大酒店去开。不过，公布价跟我实际结算的价（预订价）的原因，总体来说，感觉不是特别的差，比起携程的一些其他的协议酒店来说，不是最差的。补充点评2008年2月17日：本来预订的时候，要求接飞机的，到了北京机场，下了飞机，出了候机楼，根本没有人接飞机。于是自己只能凭以往的习惯去打听，大听到了，那个接飞机的服务员的态度，真TMD的恶劣！不说了。,0,0,0.19830383749566646
我一年中国上上下下跑好多次，这个酒店是我住过性价比最差的酒店。1.服务态度恶差，也许我去的时候他们太忙，和他们说话都懒得鸟你。2.房间恶差，我住的房间补补贴，中国八十年代的建筑我不介意，可你用白漆涂涂吧。我房间墙是二个颜色，顶是三个颜色。当然，不是配色，而是补补贴贴的东西。3.电视，居然是使用天线~~没错，你没看错，他们还没有有线电视，更别指望卫星电视。4.房间恶脏，卫生间的马桶和台盆希里哗啦，地板边上都长霉。房间墙角上都是莫名“液体”5，地点太远，展馆边上也还要打的。6.早餐，别提了。7.对了，二楼门口是铁板，走起来晃晃悠悠，满廊桥的。同志们，如果你是去展会，还是住锦江之星或别的，反正都要打的。酒店老板，对不起，你实在太差了，对了，我的房间号是207.,0,0,0.1978592927386651
该酒店实际是兰州铁路局的内部招待所，位于火车站出站口处，如果不怕火车吵，那么晚上可以睡得着。价格不算便宜，只能是一般。房间很旧，房内设备一般，卫生排气扇坏了，抽水马桶也坏了，维修人员脾气很暴，要很有礼貌的对待。前台服务人员素质比较差，早上退房时前台竟然找不到服务员，等了近半个小时，耽误宝贵的时间。入住酒店停车竟然要收费。建议不要将该酒店做为入住选择，除非你对火车有特殊的感情。,0,0,0.19703869432390206
"本人也是看了某些会员的评价才过来住的，真的很失望，第二天马上换地方了1、确实是够经济的,但经济的不是价钱,而是硬件和环境;2、房间小不说，连卫生间也实在够小气，够经济的，连个沙发都没有；3、10楼的房间最让人受不了，互相挨着的房间居然共用一个窗户和玻璃，隔壁有什么动静完全可以听到；4、150块钱的价格在南宁住这样的房间实在太对不起顾客了，在深圳和上海我就不说了，真的，150块南宁大把酒店比这个强啊。",0,0,0.19670596557311737
建议携程取消该酒店的协议。这家酒店的三星不知道是怎样评出来的？房间小不说，隔音效果极差而且有怪味，下水道堵了没人管，三星级酒店竟然早上没有热水，服务人员态度生硬，一副爱住不住的嘴脸。明明是包括早餐的，服务员愣说不含早，众目睽睽之下好像我们想赖他一顿早餐，后经证实是携程订的房才勉强同意提供早餐，但是不允许我们和其他客人一样自助，由服务员在自助餐盘里随便拣几样端上来。最不能让人忍受的是服务员竟然当着客人的面用他那双刚刚扔下抹布的脏手抓起剥了皮的卤蛋放到自助餐盘里；上了桌的菜客人已经用过，仍然可以倒回自助餐盘里去，真让人恶心！经过携程反,0,0,0.19614287162464697
根本就是一个招待所！亏的还能上携程网推荐！真是丢死人的脸了。前台（姑且升格称其为前台）服务态度差的要命，跟私人旅馆一样。服务员还好点。早餐比街边小馆子还不如，好像难民发救济。乐山当地酒店消费水平并不贵，三星的金叶也才200多一点。连卡都不能刷。强烈不推荐同志们去这家旅店！物无所值！,0,0,0.19556924615922797
这是我有生以来住过的最差的4星级酒店--真的绝对不夸张！我订的是个套房，可进到房间，一看，居然是60年代的装修，完全和图片上的不一样--这也太有欺骗性了吧！就这样的房间还要448（不含早餐），太不值得了。卫生间旧就不说了，还脏脏的感觉，浴缸都有种让我下不去脚的感觉，整个房间都有股霉味。问了前台，说其他楼层都装修过就套房这层没装修--那怎么还要较高的价格呢？！真不能理解携程怎么会给出那样的介绍那样的图片和那样的价格！,0,0,0.18877418412398456
一个字：差、差、差，态度差到极点。我们从7月22日住到7月27日，开了两间房，如果不是因为工作太忙，懒的换房间了，早就不能忍受了。第一天入住感觉不错，房间也还干净；随后后面几天，事情接着来了。一、就是我同事的衣服放房间里不见了（其他东西都在），问他们怎么回事，结果这个推那个，那个推这个，后来不了了之，最后还是没找到。二、我们房间没有靠枕，问服务员要一个，服务员说没有了，我就说去其他房间拿一个，服务员后来说领导没有批准，他们也不能动其他房间的，只能帮反应，后来也不了了之。三、床单、被套我们睡了四天了都不给我们换，后来还是我们主动提的，结果提后还只换了一张床的。四、最气愤就是这了，憋了几天的气终于爆发了。我们最后一天吃早饭，由于起的晚，我们就打算早餐、午餐一块吃（由于赶飞机），那个小餐厅老板很不错，说午饭没好，我就给你拿点剩余的早餐还有马上炒个菜，只收我们早餐卷就好，要我们问前台要餐卷，前台说不给，说早餐时间已过，我们就说，餐厅都愿意，你凭什么不给，后来我就火了，今天我就非要了。结果那个大厅经理（样子好象），既然给我拍桌子，最后没办法就说“给他，给他”。后来我问酒店餐厅老板，为什么他们服务态度那么差，怎么象国营的一样，小老板说“本来就是国营的”，在这看到吵架是常事，我说难怪，发誓再也来了。后来我还给携程客服部打电话，建议不要给客人推荐这样的酒店，简直受气。,0,0,0.18813840676709767
酒店太陈旧，2-3星的标准！！！！！没安全感！,0,0,0.1869233858146895
"这个酒店太差了,酒店里竟然还有公司,而且还很多,见过这样的酒店吗？我是第一次,下回不会再住了,上下班高峰时,下楼要25分钟,我计算过连亲着两天.门童像个爷爷一样对你爱搭不理的.",0,0,0.18528060235956526
环境非常恶劣，没有空调，房间昏暗潮湿。保证以后再也不去住了！！！,0,0,0.18194429269487755
单人间房间极小，只能放下张小床和一张小沙发，第一个房间空调坏了，换了个房间，连沙发都没了！房间设施陈旧，只是卫生间还可以。根本达不到四星级标准，连如家这类商务酒店都赶不上，强烈不推荐,0,0,0.18007281285653273
这是一个让我比较不满意的酒店。由于订酒店时太晚，没有订上隔壁的“君逸康年大酒店”，本以为天玺与君逸康年一墙之隔，不会太差，结果太令我失望了：1、酒店隔音效果极差，以至于直到半夜2:00还能听到走廊以及隔壁不该听到的声音；2、设备一般，设施基本都比较老化；令我非常恶心的事情是，提供的一次性牙刷非常软，而且最要命的是，牙刷居然掉毛，掉出的牙刷毛粘在舌头上能感受到却找不出来，让我漱口半天才感觉嘴里清爽了；第二天早晨换了另外一个牙刷，效果一样，晕。由于有了这恶心的经历，我才时隔多月仍要上来点评一下该酒店。这酒店对于长沙的住房价格来说，太名不副实了，如果大家非要在这附近住，我强烈建议到隔壁的君逸康年去。,0,0,0.1795522362059278
"外表还算过得去，一出电梯就是一股浓重的发霉味；在房间时服务员不敲门不按门铃就进入我的房间，吓出一身冷汗；结账时居然不会刷卡，由于我的信用卡没有密码,居然连刷2次，刷了2倍房费；12点就没有热水，正月初8空调只能达到15度;这样的酒店早就应该降级！",0,0,0.17939120654009824
到达后前台说刷卡需要直接消费，因此采用现金押金，最后用信用卡结账（因为异地取现金要支付手续费用，所以，不愿多用现金支付房费）刚进入房间，拉开桌子抽屉就发现两个蟑螂，立刻电话通知客房中心，久等不来，连续三次电话，来了一个服务员，满不在乎的拿了一个药在喷。而且说他们天天喷药。晚上，进入洗手间，发现蟑螂，行李箱下面也是蟑螂，就把服务员留下的药拼命的喷。第二天早晨，起来穿鞋，还是蟑螂。清晨，电话到前台要求换房，前台解释说，可能楼层太低，所以，蟑螂从餐厅跑到了客房，我要求由服务员直接送另外房间房卡，可是前台说必须本人来。无奈下楼办手续，却告知必须先结账，再入住。无奈，结账，重新办理入住。换至最高楼层，感觉稍好。下午，发现刚买的食物上又是蟑螂。顿时恶心不止。再次通知客房中心。还是药喷。忍了两天，退房走人。结果退房时，说第一天费用已经入账，不能再退还第一天房费的现金押金。跟酒店前台拍着桌子发了一通火，又同意刷卡结付所有费用，退还现金了。发誓再也不会到此酒店。,0,0,0.17857059072992262
通过携程订的所谓豪华房，设施陈旧，房间还一股臭味，根本不值320元！办入住在A座，住宿却在B座，前台也不告知，害得我拖着行李跑来跑去，不知道酒店对前台员工是怎样进行培训的！晚上骚扰电话不断。早餐更糟，全部品种加起来大约10种。唯一可以的是客房服务员的态度。总之，性价比太差！,0,0,0.17420125949732304
三月三十一日，我夫妇入住这间宾馆。我是按照在携程网上的预定，从火车站步行了约一公里多来到这里的。我太太先去看了房间，然后告诉我，房间一般，是很小，房间外面油漆味很浓烈，难受。她说要我自己上去看看，由我决定。前台接待我们的是个年轻女子，人很热情，不断地向我们推销他们的什么会员卡。说我们现在用他们的会员卡登记入住，马上就可以优惠房价20元。以后在全国，只要入住他们的连锁宾馆，每天都优惠房价20元，还有其他优惠，如就餐九折，积分奖励（免费房）等等。我觉得很烦。若不是携程介绍，我怎么会来你这里呢？可刚一到，你就让我甩掉携程，改用你们的会员身份入住，这不太缺德了吗？他们后来让我看了房间，在走廊上，油漆味太臭了，进了房间，很不舒服，主要是空间太小了。服务员说，有些房间大一点，不过房价贵十元。他领我看了。我们夫妇商量后，决定先住下来。在总台的柜台前，还是那位女孩，正忙着接待一位男子，向他推销会员卡，他接受了。然后那女孩在电脑上替他取消了携程的定单。再对他说，携程可能在晚上会打电话向你调查，为什么没来这里住，你就说，来到长沙已晚了，就没去了。教人撒谎，真恶心！那女孩现在给我办手续了，当然，她还是先向我推销她那宝贝。我明确告诉她，我不愿意为了点小便宜而当他们的会员，这样会牺牲我对酒店的选择权。她变得不再热情，要我付了198元买一间标准间B。我们在房间休息了一会，打算去吃晚饭。我忽然想起，我在携程订的房本来就是说好标准间B，房价是188元。她明知我是携程的，干吗收我198？找她论理去。在他们总台，她说，携程给你留的房间是下午2时至3时，你过了这个时间就不再是携程的定房，你是散客，所以按散客价。我强烈抗议，质问她为什么在开房的时候不告诉我，现在才来讲这个规定。我要求见他们的经理进行投诉。后来来了一个工号007的戴眼镜大个子。此人态度十分恶劣，他说，你过了时间就不是携程定的房，如果算携程的，我们要付给携程每天**元，我们亏大了。我说，我过了3时来，你们就说我携程定房无效，但你们在网上的介绍说离火车站0.5公里，吹牛皮，这又怎么解释。他说网上的介绍不是他写的，他没有责任。我感到他们赚钱很不光明正大，不把住客当朋友（更别说是上帝了）。这几个人的作为，不光让我以后都讨厌莫泰连锁，更有甚者，还动摇了我再到携程网上定房的信心。,0,0,0.17201180793438078
房间隔音出奇的差，从来没有住过隔音这么差的酒店，左右隔壁房间的电视、说话声音，过道里的声音在房间里都能清晰听到，睡眠质量差的人，在这家别想睡好觉。早上很早楼道里就在吵啊吵的，晚上你辗转反侧时左右隔壁房间里此起彼伏的“嗯...嗯...此处省略2000语气词”根本让你无法入睡。,0,0,0.16324643210355413
1、酒店门口的服务生对于客人拎着的行李无动于衷，2、当我们与前台说明通过携程预定时，两个女服务生均面无表情，说了声传真那边已经下班，我们不知道，后来我们又自己打电话给携程，在携程与前台协调期间，他们不肯让我们先登记入住，3、第二天早上起来用早餐，9点还差两分钟进入时，已经收拾得一滴汤也不剩，我们询问服务人员，他们抬头看我们一眼，一点回应也没有，4、到达那两天下雪，酒店大堂写着有军大衣出租，我们想租衣服，询问前台，又是一副欠他们300两银子的表情，说200押金，我们很客气的问能不能看看衣服，他们扔过来一句，没有钥匙，锁起来了，我真奇怪那让我交押金干什么，5、这一点客观来说，可能不是考酒店的错，但是管理真的也很差，我们两间房间半夜和凌晨被莫名其妙的敲了三四次门，本来就有点高原反应，这一来更受罪，都休息不好，6、房间的热水时冷时热，洗澡洗的都冻感冒了。总而言之，当时我们预定了建塘宾馆，就是因为临时停电才换了饭店，两个宾馆的服务简直是天壤之别，第二天一早我们就走了，这个宾馆给我的印象太差了，以后再也不会去。补充点评2007年11月16日：补充一下，我们的车子上有积雪，问宾馆借拖把打扫一下，态度非常傲慢，不肯借！,0,0,0.16244092734818408
这个酒店是我住过的国内四星级酒店里最差的一间，服务态度和质量都很差，房间很小，早餐连点肉都没有，9：00结束，8：00到的，基本就没有吃的了，而且服务员也不给加！也许是因为旅游景点的问题，但是我们住过附近其他的三星级酒店，各方面都比这家好，价格还能便宜100多，建议千万别住！酒店里有一家公安局在办公，所以大部分都是公安局的客户什么的，所以对普通百姓的服务很差，墙壁隔音设计很差，因此很早就显得很嘈杂，根本没法休息！,0,0,0.1598751518965182
前台服务太慢，前台男生的态度极差，极差；电梯本来只有两部，却始终都有一个在维修，上下电梯，每层都停留，有时甚至等两次才坐得上；房间卫生不好，地面好像不做清洁，卫生间不干净，毛巾好像抹布一样，还有怪味；水杯都是塑料的；打电话要吹风机和插座，竟然让客人自己去前台拿；淋浴喷头漏水严重，打电话告知前台，竟然派保安充当维修工上来房间察看。锦江之星，再也不想住啦！,0,0,0.15899517869627125
酒店性价比很差！住过无数的酒店，这个算是非常差的！服务差，设施差，房间小，骚扰电话！卫生间淋浴竟然没有门，创意啊！不知道为什么，老毛子住得多，估计是喜欢骚扰电话！建议大家选择其他酒店！,0,0,0.15548714306522626
住过的最差的之一１．房间极其闷，在高原本来就缺氧，闷在房间里极易加剧高原反应；２．简陋。窗上的床垫歪了，露出木头的床架；３．洗手间比几十块的招待所更脏，马桶盖子是用铁丝连在一起的，冲水装置需要提起来才能用；４．部分服务员态度恶劣。退房的时候我背了巨大的包，问服务员能不能稍微快点，被白了几眼。总之，如果不怕死，可以来住。,0,0,0.14925138449235034
"这是我住过的最差的星级酒店,连招待所都不如，房间小，潮湿，连张桌子都没有，最多的就是蚊子.还特毒.叮的腿肿了一个星期，我住的房间墙上还留着沾着我鲜血的蚊子的尸体.如果有奉献精神的建议你住这里.",0,0,0.14623800731048334
差的很，建议推出携程网推荐用户。强烈建议！！！！！！！！！！！！！！！,0,0,0.1454216892236732
出于我第一次住上像这样的所谓3星级酒店，我也来说两句。。。蓝天实在是太烂了，房间程度还是过的去，但是服务态度简直就是垃圾级的；宽带不好使，晚上直接就是不能用了，问了说是出故障；中午要了份意大利牛肉粉吃了差点没吐出来；白天忙着应酬、签完协议回来，晚上性骚扰的电话响了N次；说到气人的事了：早上退房，总服务台联系楼层，第一次楼层说我喝了矿泉水，我就直接告诉总服务台房间里面什么都没有，可能吗？接着楼层又说我喝了可乐？？？晕死了。。。第三次楼层又说我把卫生间的避孕套的盒子给拆了？？？？？？差点没我给气死了。。。我火了就问了到底是怎么回事，就你们这样还是3星级的酒店？？后来装了个样查了查说是7月5日的住客消费了。。。呵呵。。。足足等了20分钟才弄清楚。同时也让开车来送我去机场的朋友在那站了20分钟看着。。。真冒汗了。。。,0,0,0.1454139512857631
9月23日的值班经理（女的）很牛啊！我当天由于航班原因早晨3点57分到的酒店，我订的是8点岛（携程最早的到达时间）在服务员的允许下进入酒店房间，当时并未提出要加收费用，收了我500押金。中午值班经理（女的）却突然打电话到我房间，说我必须再交一天的费用，我据理力争，对她说你们的服务员应该有告知义务，如果你事先说好，我同意，你收多少多不算多！她竟然说和你讲不清楚，挂了我电话。后又让当天的服务员打电话到我房间，后在我的质问下他也承认了是他的错误，并愿承担我的损失。我当即和值班经理联系，但她竟然说，这是我处理的和他没关系，你一定要付。我当即提出退房（当时9点），她竟然说你现在退我也要收你一天半的房钱。并说这是酒店规定，我说你拿出来给我看，她竟然回答我这是保密的。我下楼退了房间，我要她的名字，并告知她，我要投诉你的，她竟然说我没有必要告诉你我的名字，我是经理！牛啊。这样的服务态度竟然还是管理人员，可想而知她管理的人员将以什么样的态度去为客户服务！补充点评2006年10月4日：这个酒店真得没办法用语言来形容了。还是希望各位管好自己的钱包，免得被收了钱还不知道怎么回事！各位最好的办法就是不要去住，否则你就不知道到底为了什么付的钱！请多多转告！,0,0,0.14387996825650132
这是一家相当烂的酒店，我不知道其他人是如何评价它的，对客户那种极不信任的表情以及工作作风，自以为是，狂妄自大，肆意欺骗顾客，他们根本就没把客户放在眼里，我奉劝看过此贴的朋友，千万不要住这家黑店啊！切记！！！,0,0,0.1429884023340585
这是我在携程定过的酒店中最差的，价钱又贵，以后不会再住了。,0,0,0.14262682065132362
这是我住过的最差的4星级酒店，酒店原本是3星的，经过装修，但骨子里就是3星的，床，水龙头，房间的家具，地毯等等细节可以看出来。最可恨的是，我7月12日晚上和朋友喝酒，回到酒店已经3点多，在携程定了机票，要求明天早送过来，早上10点不到，携程送票员上酒店送票，可是门卫不给，说酒店只让他们的保安才可以送，其他人拒绝上门，要求我自己下去取票，我头痛得厉害，叫他们帮忙和自己协调，h后来了几个电话，但始终没有解决。最后只好投诉他们副理：酒店晚上2-3点还有小姐到处走，到处弄没有人管，人家为客人送票你们的狗就要管，什么酒店啊。后来才知道，那门口的狗是想索要小费。离开时，前台服务员的态度也不好。到了门口，狗来了要我坐酒店的车去机场，从150讲到80元，我告诉他，别人的我坐，你介绍的我就不坐。。。,0,0,0.14023334010224875
太差了是在没见过这样的4星级下车没有门童帮着拿行李房间没有冰箱没有小吧台没有保险柜洗手间的水是黄色的昨天晚上气温6度房间没有热风半夜被冻醒。实在不知道4星是怎么得来的，永远不会再去~！！,0,0,0.13783825316506526
非常差的酒店，还不如连锁经济酒店，要不是襄樊没有其他酒店靠近东风，肯定不会再选它。差劲！！,0,0,0.13610343658741775
"我只想说,以后我睡马路也不会住这里了.一进房间一股臭味.但飞机晚上12点才到北京,赶到酒店快1点了,也实在没办法,只好住下.由于我还没吃晚饭,问前台说是有24小时送餐,可是那个送餐电话是永远打不通的.另外,房间竟然没有宽带,告诉我如果要上网明早去商务中心.我晕啊.....都啥年代了啊.反正住进这个酒店就好像回到了80年代,一切都烂,位置还差,胡同里面车子不给进,我拖着大包小包自己走进去的!关键还脏!!!真是不知道携程为何要推荐这家酒店给我",0,0,0.13211004323381093
"是看了网上评分好才预订的,结果去了后大失所望.晚上去check-in的,但宾馆却没有开灯,我们绕着正义路跑了三圈都没找到,只好打电话让他们出来人才领到地方.刷卡不能预付,害得我们每天都要去刷一下当天房费并续房卡.房间很破,墙纸拿胶带粘着,插座十个都有八个不能用.多的枕头被子找个柜子就塞,估计都很脏,用了都有心理障碍.衣柜想挂衣服都很难打开.门锁开了关门困难,每次都要很大声的关门.宽带根本就是摆设,找人维修竟说IT人休息,昏倒~~房内卫生做得极其马虎,我们俩个房间一个几天都是药味,开窗也散不去;一个有烟味,却根本不能开窗.床头底下竟然还有个鸡蛋,抽屉里还有上一个客人的遗留物品.最最夸张的是那个卫生间,竟然淋浴没有隔层,洗个澡整个卫生间全是水.每天洗完澡不得不在地上铺块大浴巾,以便能进去.那个早餐我根本也不想说了,7-9点的供应时间,东西简直是垃圾.后来我连早餐券都不要他们的了.前台的接待员算有礼貌,但checkout奇慢.后来才了解到一定要屋内人走了查完房才给我们结.只想说那屋里的东西送我都不会要,还怕人拿,太夸张了......以后是万万也不会再去那里住了,太失望了!!!!!!",0,0,0.12959854428126655
预定的时候不知道还有个西楼，到了前台才知道定在西楼，这个倒没有所谓，不过……，到了那里，得知要先结帐，这也就算了，居然不能刷卡，明明在主楼可以刷卡的，到了西楼就不能刷卡？不是故意偷逃税吗？既然打了新五洲大酒店的牌子，凭什么分开结算？在携程可没有分开登记哦，忍了，到了房间一看，更生气了，居然没有收拾……，打了电话过了10分钟才上来收拾，收拾好了发现杯子是湿的，问原因，说是当场洗得……，天哪，我还真没有遇到过这种酒店，上厕所发现没有厕纸，和她们说了，说知道了，过了半小时发现没有拿来，打电话去总台，还说知道了，等到第二天退房也没有给我们拿来，幸亏有远见，出门自带厕纸，不然，真不知道怎么从厕所里出来了……，怕第二天睡太晚，定了7：30叫早，结果7点不到，叫早电话就来了，我实在是无语了……，反正，这样的酒店，我在携程第一次遇到，不得不怀疑，现在携程的工作力度了……，下次去睡马路也不会住那里。,0,0,0.12237972481523363
"押金和结账都不能刷卡，要交现金；双人房的两张床都是靠墙的，房间很小，设施很陈旧，简直就是一间招待所,以后都不会住这里了.",0,0,0.1221257191593363
入住感想如下、共大家参考:1、典型的国营招待所、除了有个很小的小卖部外什么都没有。2、房间设施陈旧、毫无住宾馆的感觉。3、谈不上服务、电视遥控器不管用、打电话给前台后、直至离店也未送来。4、浴室没有垫地的毛巾。建议后来的朋友、千万不要住这里。另外、希望携程应对酒店进行评比、不符合要求的店不要推荐、否则给客人造成不便。,0,0,0.12144240500272804
还在出租车上，司机就开始问我，为什么要订这个酒店，说它实在不咋地，我以为是司机想把我拉到别的酒店，好赚点拉客钱，没想到，这车一路开，过了繁华地段，来到一个偏僻的角落，而且我看到的还是一个看似招待所的宾馆，第一印象：差！！进到宾馆，看它的前台，用东北话描述：磕碜！！简直是地道的招待所，别说三星，二星都算不上！！！而且网上说的是有免费宽带的，我一问，不是每间房都有的，而且刚好，我要订的房就没有。。。。简直是郁闷。。第二天，要插线板，拿来一个特别小的，不能用，我让前台帮我再去买一个，钱我自己出，人家回复：现在已经买不到了，我不能上网，不能回复邮件，有可能一下子就会损失10几万！！,0,0,0.1134199169578755
太差了！！！建议大家千万不要去那里住，服务态度极差，房间极脏，全是虫子！,0,0,0.10674259505806097
不像个三星级酒店，到达楼层后，一眼望过去尽是脏兮兮的而且开裂的墙纸，房间的设备很陈旧，卫生条件太差，毛巾、马桶颜色都已泛黄，淋浴水太小，就像进了招待所......,0,0,0.10674241951041095
"此宾馆号称三星,可实际上这个酒店的硬件和服务水准,目前根本不能上星.走进大厅一股甘水味,高度白酒的酒精味弥漫空中,令人窒息;我们要求看房间,接待小姐满脸不高兴的让我们上五楼,我们看到的是落后的设施,破烂发霉的墙壁,摆设还算整齐,唯一能表示满意的是床单的清洁度,但是有股刺鼻的洗涤剂味道,问有空调否,答是24小时......我想这个宾馆是市府招待客人的地方,应该不差,就住下了.没有想到一连串的麻烦就开始了......首先不能上网,回答是,4块钱一个小时,一会拿了""猫""和路由器过来,好恐怖,不要了;要求送十瓶矿泉水,只送了七瓶,服务员说只有这么多没有了,要求签字确认,服务员说把房间的二瓶也一起算吧,我说,不要算,你查房的时候算,不然会搞错,服务员说一样的,9瓶三元一瓶签字了27元,.结果离店结算时果然又要我们付房间的二瓶水,我们解释也没有用,还是多收了二瓶水钱,从这点看管理太乱......服务员个个是祖奶奶,不能得罪,一点服务意识都没有,够呛;空调很弱,到了下半夜几乎感觉不到空调在运行,给冻醒,,结果我们二个人全部感冒,回到家里挂水(有515医院的证明);算了,不说了,反正也没有什么结果,只是提醒朋友们这种酒店千万别入住,也希望携程能对与你们挂靠的酒店有个评估手段,我现在是钻石会员,还是第一次遇到这样的酒店,太差劲了......因为这个夜晚的寒冷,染上了风寒,在医院刚刚打了点滴,觉得要写点什么,就这样了,睡觉,希望不会有第二次!",0,0,0.10625414765837482
房间的设施还算过得去～但是我遇到的最差的酒店服务就是这家酒店了，特别是前台服务简直让人恶心！！首先入住的时候就莫明其妙，不仅态度爱理不理，而且我用信用卡的时候竟然直接刷的消费，不能做预付权竟然招呼都不给我打一下，认认算了。但是最恐怖的时刻还没发生，退房是的遭遇让我快吐了！！我早上退房的时候前台有三个人，一个在用手机聊天，另外两个在聊天，其中一个竟然屁股对着我，我喊了一声退房把房卡给她，她竟然把房卡放在桌子上。继续用屁股对着我跟另外一个聊天，大概一分钟后把一个话题聊完才打电话给客房部查房！！！然后更恶心的事情发生了，那个面对我的聊天的前台竟然连续吐了两口痰在地上，连背身的动作都没有，当着客人的面吐痰，这么多年住宾馆，从上海五星的证大丽笙到甘肃的小宾馆，头一次遇到！！！最后我要她打一份帐单给我，上面的内容是重叠的，根本看不清除～宿州汇源，I服了U,0,0,0.10561021701784577
特价房间根本没有窗户，空气十分差，房间设施也十分差，是原来饭馆包房改造的，预定时，携程根本没有对此情况进行告知，十分气愤！！！！,0,0,0.10355670382103166
本人在江苏入住最差的一个宾馆。晚上准备洗澡居然有一群男人拿着房卡直接开门进来，说这个房间是他的，行李还在里面。我是下午入住的，房间里面没有任何东西。叫来服务员，原来人家没有退房就把人家的行李扔出去了。所以，别人的钥匙还能开我的门。恐怖！这样的管理水平谁还敢住？洗澡水不热，第二天就感冒了。早饭更是没说的，一塌糊涂，没几个菜，都是凉的。服务员态度狂差，都欠她的。这种宾馆建议携程拉入黑名单，不要出来害人了。,0,0,0.10091304482702973
2月11日入住下午2点前到达的，我与友人共四人，预定了两间大床房，到达时，前台共有4位服务员，在我们之前有一位服务员在帮一个一家三口办理checkin，其余三位服务员呆立旁边，我对她们说能否帮我办理checkin，答曰：等待。这种办事方式已让我非常不爽，终于办完checkin后，服务员把房卡交给了门童，门童无视我们地上9个大包，拿着卡就往里冲，我们当场滴汗，将门童唤回，才心不甘情不愿的帮我们拿了两个包。房间在3号楼三楼到底的两间，此楼非常安静，安静的让人毛骨悚然，楼很旧，周边有一废弃的工厂。房门是绿色的木板门，到底的那间房门感应是坏的，直接用钥匙的。房间很大，很空旷，电视很模糊，卫生间很小，是淋浴房，设施很简陋，与前台服务员标榜的四星酒店相去甚远。总之，这个酒店的第一印象就给我们非常不好不舒服，但是，接下来发生的事就更让人崩溃了。打开水龙头，流出来的水很黄很脏，两间房都是如此，致电前台，前台让我们致电客房部，于是再致电客房部，答曰：上午刚冲洗了水箱，把水龙头开十分钟不要关，过一会会好的。于是我们开了足足二十分钟，依然不见好转，再次致电客房部询问怎么回事，客房部说把水龙头关掉吧，现在太多客人都把龙头开着，水一直在流动，沉淀物沉淀不下来了，我问什么时候才会好，她说过两个小时会好的。于是我们就关了水龙头出门逛鼓浪屿去了，3点半出门的。晚上7点多我们回了酒店，打开龙头，水依然是黄色的，致电前台，前台说她们前台那边的水也是黄色的，不知道什么时候会好，让我致电客房部。致电客房部，客房部说工程队在抢修了，说是水管坏了，我问那么什么时候才能修好？对方直接挂断了我的电话，本来就已经非常不爽了，不能洗手，不能烧水，而且前台和客房部接电话的都态度十分不耐烦，现在还挂我电话，顿时偶就火大了，又一个电话打回客房部，质问为什么挂我电话，对方竟然百般抵赖，问她到底什么时候能修好能用水，对我说她现在去问工程部，稍后就给我回音。于是我又开始了漫长的等待，一刻钟后依然没有回复，此时我们已对酒店感到非常的失望，对他们的服务感到非常的不满，我便致电了携程，将大致经过向携程述说了一遍，希望携程能致电该酒店进行调和，谁知接线小姐竟然对我说，您应该与酒店进行联系，我不明白是接线小姐没有听清我的话，还是只是在照本宣科，我已经和你清楚的说了与酒店交涉了许多次，对方始终在各部门推卸责任，整整一天都没有修好水管，最后，我对接线小姐阐明了携程、鼓浪别墅酒店以及客户三者间的利害关系以及责任关系，那位小姐终于明白事理，对我说会致电酒店让他们联系我给我一个答复。几分钟后，携程致电给我说已与酒店取得联系，稍后酒店会联系我。又是十分钟的等待，酒店没有任何人联系过我们，于是我再次致电携程，当然换了一位接线小姐，当然还是少不了利害关系及责任关系的教育，小姐也对我说会致电酒店让他们联系我给我一个答复。几分钟后，携程再次致电我，让我等待酒店联系。数分钟后，前台打来电话，和我说水管在抢修中，马上就会修好了，我问那么大概还要多久，我马上要出去吃饭了，回来后能修好吗？对方说肯定能修好，我说那万一修不好呢？对方说没有万一的，我说不可能的，万一没修好怎么办？对方终于说万一没修好那就给你们换房，我说记住你说的话哦。然后我们就出门吃饭了。在吃饭的时候正巧遇上一个酒店的游客，我问他们水能不能用，他们说水很好没问题啊，我问他们是几号楼的，他们说2号楼。两小时后回到酒店，打开龙头，冷水已经恢复正常，但是热水依然是黄水，并且时不时出现断水现象，致电前台，找到那位前面与我通话的小姐，要求换房，那个小姐说人家的水都好了亚，为什么你们的还是黄水啊？感觉好像我们在欺骗她一样的，我说那你自己过来看，然后她就说要去查一下有什么房间，我说你们2号楼的水是好的吧，她说1号楼2号楼都是好的。那么言下之意就是就我们3号楼的水不好咯，而且上午就开始不好，明知水质有问题还安排我们入住，真是忒过分了！！！过了一会她打来说2号楼有个两室一厅的套房，问我要吗，我说是什么样的床，她说一个大床，一个单人床，我说那你叫我们四个人怎么睡啊，她说那她再去查查有什么房间。又过了一会她打来说一号楼有个海景标房，二号楼还有个一室一厅的小套房，明明有房间，就想蒙我们，我说我要看房间。然后我们就到了前台，到了前台，她有开始质疑我们的水质，总觉得我们在没事找事，拜托，都已经11点，第二天还要赶飞机，你不想睡我们还想睡觉来！！！真是忒过分了这个服务质量！！！让她去房间自己检验又不肯。终于，最后那两间房还算正常，虽然设施依然不能用四星来衡量，上海的二星估计都比它好，最后总结鼓浪别墅酒店，酒店非常老，设施陈旧，环境阴森，服务态度极其恶劣的差，办事效率极其低，非常崩溃！！！补充点评2008年2月25日：忘记说了，那两间大床房还号称是豪华房,0,0,0.09898781916393672
这是我住过酒店最糟糕的一次，首先是入住房间弄错了，和别人的房间重复了，接着是晚上睡觉半夜2点还在吵，无法入睡，多次电话前台均没有得到解决，最要命的是热水竟然没有，本来还要住5天的，实在无法接受，房间没有窗户就算了，还这么多问题，住了一晚上直接退房，改住旁边的7天酒店了！非常失望，住到这样的酒店！,0,0,0.09710826344002049
标榜四星级的酒店太糟糕了，房间很小，设施陈旧，和278的价钱实在差太远了。。很不好！！！我第二天就转移地方了。。。,0,0,0.0947909743481559
房间很小，洗手间有异味，酒店外观陈旧，yi以后不会再住,0,0,0.09185744809496152
什么他妈酒店！后半夜一点打扫隔壁房间！！！！！！！！本来就隔音不好！服务员开隔壁门的时候就像在开我房门一样！本来就我一个人住，弄得跟来坏人了似的，给我吓完了都！真吓人！然后就开始在隔壁收拾，声音非常大！这酒店隔音的效果实在是太差了！出去让服务员小点声，他说知道了！过了十分钟收拾完走了。恶梦才刚刚开始，那个服务员就开始推着他那个破车在走廊里一遍一遍的来回走，没办法打电话到前台投诉，前台态度很好说马上让服务员停止，恩好了有十五分钟之后又开始了！！！我真他妈服了她了！后半夜打扫房间！有这样的酒店吗？最后实在没办法我穿上衣服开门站到走廊里照服务员，任凭我怎么叫人家就是不答应，最后在走廊里一顿破口大骂！那个服务员也没有动静，这才算终于消停了。上床一看表三点半！！！！！真没见过还有后半夜收拾房间的酒店！！！！！下决心再也不住这个酒店了！！！如果酒店能看到我的评价我可以说我对以上的评价可以负责任！我是4月26日晚住进的，27号退房。住的是2010房间！您们可以核对！！！补充点评2008年4月29日：还有就是隔音真的很差！离我挺远的一个房间一对小情人在那嗨！也不知道是那女的叫的声音太大了还是隔音不好，满走廊全都听见了嗷嗷的声音，听得叫人心里忐忑不安的！呵呵,0,0,0.08657520655645376
"酒店实在太差了,房间隔音极差,北塔挨着迪吧，快曲放到半夜3点；换到南塔，又挨着KTV音乐响到半夜2点，根本睡不着觉！换房间的时候服务员态度又很差，真是从来没住过这么差的酒店",0,0,0.08536078901086058
定的单人房，那个差啊！简直失望至极。房间小也就算了，小到连个桌子都没有，真不知道怎么在携程上评上的金牌推荐？进去以后先入住的高层房间，很大的一股装修的味道，打电话到前台，换到6楼，倒是没有装修了，可是整个屋里都是厨房的味道。说实话连快捷酒店的标准都达不到，不知道为什么还收着4星的价格。一般酒店如果打电话到前台说一声都会免费延迟退房时间到下午2点，连5星的一般都可以，可是他们硬要收小时费，后来加了2小时，还多了不到10分钟也要再多算2小时的费用，找经理说了半天才免掉那几分钟。这里真是我住过的最差的酒店，永远都不会再入住了。,0,0,0.08415648458571465
酒店服务非常差。早起出门时希望保安给我叫出租车。保安用嘴向外努努，然后说自己叫！！！！晚上回来办理续订手续，提出申请后前台女服务员坐着，面无表情，没有反应（当时前台就我一个顾客，绝对不是忙不过来），另一个服务员见状主动过来帮我办理。第二天离店结账，前台男服务生一边唱歌一边办理！！房间有股潮湿的味道，回房间后开窗通风，第二天依旧。这是我在携程订房后享受的最差的宾馆服务，建议大家以后都不要去这家店了！！！！！,0,0,0.0815089451937431
携程用这样的酒店，真是对自己品牌的一种打折，请国人能注重自己辛苦培养起来的品牌意识，这样的酒店实在是差劲的没有办法形容，住了一个晚上就退房了，简直就是县城的招待所，浴室的龙头只是用一个钉子固定，根本无法淋浴，只能用一个脏字来形容，以后再也不会入住这样的酒店。,0,0,0.07789231887433674
"携程服务人员电话中向我推荐了此家酒店，向我说明这是四星酒店，客户评价都很好。住进去之后，很疑惑这样的酒店会有很好评价？上了携程网之后，才发现，这个酒店的用户评价只有2.2分！这就是携程电话中吹嘘的很好？？！！！这是我住过的世界上最差的酒店！先看房间：上了电梯，走廊内一片黑暗！居然没有开灯！估计长期没有住客了。一开门，异味冲鼻！看墙壁，墙上的壁纸已经有些脱落。看地毯，脏且不平，很明显酒店没有吸尘器或没有使用吸尘器。看马桶，居然有黄色的大片水锈。看窗户，开床的把手上两个螺丝居然掉了一个！再看电视，是我们大家在上世纪末就已经淘汰的那种，显像管已经老化，一播放白色为主的画面时电视就什么也看不见了，只能看见白色横条，伴随很大的电视杂音！环境：有这样的房间，还能有什么样的环境？服务：连服务员都还没招全！多数服务员反应迟缓，电话沟通中没有习惯性礼貌，电话中事情说完了居然没有一句再见就直接挂机了，挂的你晕头转向，根本不知道她有没有同意你的要求。见到客人如见陌生人，门口门童根本没有。总结：如果不是同事嫌麻烦，我肯定换其他酒店。忠告所有出差的兄弟，宁可住如家一类的酒店，也千万不要住这里,只会比你想象的更差，不会比你想象的好！对于携程的推荐我感到很痛心！估计是这家酒店给的回扣多吧，这样的携程推荐，只会导致我以后不相信携程！并告诉我的同事，不要相信携程！我想说：欺骗的利益无法长久，无异与饮甄止渴！",0,0,0.062182770979652774
这是我住过的最差的酒店。入住的时候房卡搞错，明明只要440（这个价格我也就不说了，根本不值）的房费，居然要3倍的押金。做了预授权然后居然结帐的时候说没做，要我付现，后来才翻出单据说没看到。结帐用了20分钟，而且就我一个在结帐。索要发票说只有整数（和餐馆的一样，而没有机打的）而不给小额。最后很不情愿地多给了些（也不是我想要的）房间就更一无是处，没网络，小姐电话每半小时响一次，根本不让你睡觉（后来我拔了电话线），暖气烧到29度，而且没法调节，在外面－22度的情况下开了窗还是热。真想不通携程怎么能推荐这样的酒店，满洲里酒店其实不少。我是携程的钻石会员，但是下次去满洲里我再也不会订携程的酒店了！千万别住！！！！！！！！！！,0,0,0.03709806965507822
